Date,equity,ret
2012-05-21,1.0,0.0
2012-05-22,0.9988802104083124,-0.00111978959168757
2012-05-23,1.0007998299808922,0.0019217715523618395
2012-05-24,0.9942410031900678,-0.006553585037029519
2012-05-25,0.9929610266546932,-0.0012873906138126667
2012-05-29,1.005599086050631,0.012727648977841177
2012-05-30,0.9971206396872268,-0.008431239130001877
2012-05-31,0.9928011158953919,-0.004331997172568602
2012-06-01,0.9664053456040215,-0.026587168234157854
2012-06-04,0.9737640023757381,0.007614461990705701
2012-06-05,0.977763773695067,0.0041075366408804825
2012-06-06,1.0001597726671085,0.0229053270069568
2012-06-07,0.9961606227626476,-0.003998511051685694
2012-06-08,1.0057593420404145,0.009635714420378028
2012-06-11,0.9888018278987383,-0.016860409277704602
2012-06-12,1.0007998299808922,0.012133879351386767
2012-06-13,0.9939210435792724,-0.00687328893905903
2012-06-14,0.9976005791034198,0.003702040064366585
2012-06-15,1.0099949057790063,0.012424137410511182
2012-06-18,1.0194547733568788,0.009366252763994165
2012-06-19,1.0300374685546814,0.010380740248981946
2012-06-20,1.0308395080106587,0.0007786507583096292
2012-06-21,1.0051846023338407,-0.024887390789209873
2012-06-22,1.015767090393354,0.010527905058377307
2012-06-25,0.9962052265409326,-0.019258217791685017
2012-06-26,1.0024586624473055,0.00627725667339285
2012-06-27,1.008551842363895,0.006078235587005931
2012-06-28,0.9973277089303805,-0.011128960319190861
2012-06-29,1.0287550063598359,0.03151150534377578
2012-07-02,1.031801182041552,0.0029610312104286773
2012-07-03,1.0404597696705076,0.008391720982353856
2012-07-05,1.041101276952316,0.0006165613515374258
2012-07-06,1.02811363717022,-0.012474905246601553
2012-07-09,1.0261893224630838,-0.0018716945652356154
2012-07-10,1.0160877404651134,-0.009843780067526176
2012-07-11,1.0104760880249346,-0.005522803018575995
2012-07-12,1.0010155990321943,-0.009362407586736343
2012-07-13,1.0162482035931861,0.015217150038140392
2012-07-16,1.0133622839012533,-0.0028397783944208443
2012-07-17,1.018653217223576,0.0052211666117607525
2012-07-18,1.032442620277264,0.013536896384887642
2012-07-19,1.0438269406544656,0.011026588939290649
2012-07-20,1.0300374685546811,-0.013210496455608345
2012-07-23,1.0175305967419352,-0.01214215229499871
2012-07-24,1.0095134473486915,-0.007879025376646198
2012-07-25,1.0027793125190647,-0.006670673726350773
2012-07-26,1.0160877404651132,0.013271542182712759
2012-07-27,1.0401391195987475,0.0236705730969895
2012-07-30,1.0393372872810591,-0.0007708894921648612
2012-07-31,1.0390167753014923,-0.0003083811035060613
2012-08-01,1.035970254389294,-0.002932119080863105
2012-08-02,1.0322824333335763,-0.003559775041892088
2012-08-03,1.0518442281399012,0.018950041359469427
2012-08-06,1.059861101348759,0.007621730475276811
2012-08-07,1.0686802211518838,0.00832101469890878
2012-08-08,1.0681993150903408,-0.0004499999644651531
2012-08-09,1.0714058848540333,0.0030018459274347986
2012-08-10,1.0720476683202274,0.0005990105853128647
2012-08-13,1.0746129379404006,0.002392868988925434
2012-08-14,1.0750939820941363,0.0004476441114302787
2012-08-15,1.0778199219806717,0.002535536364202784
2012-08-16,1.0906465462659238,0.011900526260157696
2012-08-17,1.0954569878032823,0.004410632898282252
2012-08-20,1.0970602381620802,0.0014635447823587722
2012-08-21,1.0927314621933255,-0.003945796063128504
2012-08-22,1.09722056319796,0.004108146566608406
2012-08-23,1.0882414635894375,-0.008183495561140397
2012-08-24,1.0949757365112571,0.00618821571051642
2012-08-27,1.096740140459092,0.0016113635115391212
2012-08-28,1.096740140459092,0.0
2012-08-29,1.096740140459092,0.0
2012-08-30,1.0856760558770715,-0.010088155045906433
2012-08-31,1.0928917181831088,0.00664623878087478
2012-09-04,1.0917688905631788,-0.0010273914617969782
2012-09-05,1.0906465462659238,-0.0010280053836999592
2012-09-06,1.1148581123432453,0.02219927818064904
2012-09-07,1.1132550000766401,-0.001437951833382356
2012-09-10,1.0989850361918914,-0.012818234711513887
2012-09-11,1.0972205631979601,-0.0016055477880256852
2012-09-12,1.1004279615148096,0.0029232028859367265
2012-09-13,1.1153394326813668,0.013550610933250606
2012-09-14,1.12528082773565,0.008913335943286249
2012-09-17,1.1257616647510966,0.0004273040147801943
2012-09-18,1.126723545920279,0.0008544270064436699
2012-09-19,1.1288081166171984,0.0018501172754110673
2012-09-20,1.127686048504329,-0.000994029097019622
2012-09-21,1.1280073890370526,0.00028495566931052707
2012-09-24,1.121414591566791,-0.00584464032269294
2012-09-25,1.105656131935489,-0.014052304785231229
2012-09-26,1.0966520376400637,-0.00814366604168637
2012-09-27,1.1117665043300864,0.013782372321623715
2012-09-28,1.1026014635839136,-0.008243674108256549
2012-10-01,1.1009931038139806,-0.0014586954788768924
2012-10-02,1.1042087876624,0.0029207120710201817
2012-10-03,1.1112843554388077,0.006407816941383482
2012-10-04,1.1151434798597353,0.0034726705204122243
2012-10-05,1.1091941920080783,-0.005334997656449736
2012-10-08,1.0990634725574202,-0.00913340470374946
2012-10-09,1.081536604304691,-0.015947093766973897
2012-10-10,1.0760689820216378,-0.005055420465004401
2012-10-11,1.0726922826763743,-0.0031379952416429324
2012-10-12,1.0722102028311922,-0.00044941112466967414
2012-10-15,1.0800893290776987,0.007348490273363817
2012-10-16,1.095365225541144,0.014143178765120723
2012-10-17,1.0947219230608287,-0.0005872949636478442
2012-10-18,1.0820188222420664,-0.011603952155488706
2012-10-19,1.0561303336210703,-0.023926098223829628
2012-10-22,1.0615971963970632,0.005176314515320302
2012-10-23,1.0514671674073692,-0.00954225296004374
2012-10-24,1.0477688513449963,-0.003517291054833338
2012-10-25,1.0477688513449963,0.0
2012-10-26,1.0508236577887646,0.002915534700088651
2012-10-31,1.0443919448614436,-0.006120639633157121
2012-11-01,1.0591854162492245,0.014164673962267615
2012-11-02,1.0479297287496474,-0.010626739498959092
2012-11-05,1.0548438667526328,0.006597902333809191
2012-11-06,1.056773498009193,0.001829305091852751
2012-11-07,1.0318495143090431,-0.02358498178380042
2012-11-08,1.0156088367403662,-0.015739385776182946
2012-11-09,1.019950179098669,0.004274620504717497
2012-11-12,1.0197893707401142,-0.00015766295437769084
2012-11-13,1.0127144934246706,-0.006937586837475029
2012-11-14,1.0008152272603925,-0.011749872487791357
2012-11-15,0.9974384588690327,-0.003374017800072182
2012-11-16,1.0017799393195281,0.004352629890989057
2012-11-19,1.025578264509795,0.02375604087903005
2012-11-20,1.025899812180808,0.0003135281646853283
2012-11-21,1.027990251795923,0.0020376644875985672
2012-11-23,1.0435879030686703,0.01517295640255134
2012-11-26,1.048090260923817,0.004314306290737369
2012-11-27,1.044552477035613,-0.0033754572674739025
2012-11-28,1.053557192745906,0.008620644638025254
2012-11-29,1.0598286496834437,0.005952649728670378
2012-11-30,1.0580598267854382,-0.0016689706383515857
2012-12-03,1.0559692490781305,-0.0019758596389197747
2012-12-04,1.0553261537361045,-0.000609009535635141
2012-12-05,1.0435879030686703,-0.011122865311238517
2012-12-06,1.0503416469896794,0.006471657922777485
2012-12-07,1.044070259098238,-0.005970807602855066
2012-12-10,1.0471256179107777,0.0029263919606126176
2012-12-11,1.0607934307886755,0.01305269649038654
2012-12-12,1.0585424589993915,-0.0021219699556496163
2012-12-13,1.0501805624467389,-0.00789944369407436
2012-12-14,1.0402109965851174,-0.009493192140591522
2012-12-17,1.0540394797293773,0.013293921319479374
2012-12-18,1.0701196251238851,0.015255733493622525
2012-12-19,1.0654563898640874,-0.004357676609526573
2012-12-20,1.0654563898640874,0.0
2012-12-21,1.0542509679227017,-0.010517016039309768
2012-12-24,1.0521490666555815,-0.0019937389967606967
2012-12-26,1.0429325175214816,-0.008759737024142455
2012-12-27,1.0413155269894967,-0.0015504268059718385
2012-12-28,1.031290102835874,-0.009627652612274606
2012-12-31,1.0531191643102376,0.021166751638881376
2013-01-02,1.0865898119170514,0.03178239342813227
2013-01-03,1.0809303795781522,-0.005208434937296502
2013-01-04,1.0773732627829515,-0.003290791768280954
2013-01-07,1.0776967437446643,0.0003002496654476161
2013-01-08,1.075594980569737,-0.0019502361746258634
2013-01-09,1.0796373533305546,0.003758266665280008
2013-01-10,1.0861053154584945,0.005990865458653349
2013-01-11,1.0875604619404786,0.0013397839613460416
2013-01-14,1.08270955939062,-0.004460352062820805
2013-01-15,1.0773732627829513,-0.004928650127252965
2013-01-16,1.081739461735964,0.0040526334779593665
2013-01-17,1.0869137071553423,0.004783263995079556
2013-01-18,1.084487910649931,-0.002231820695094644
2013-01-22,1.086266607139724,0.0016401256964930777
2013-01-23,1.092896275225472,0.006103168450703578
2013-01-24,1.0778584497024721,-0.013759609089982083
2013-01-25,1.0833565213140453,0.005100921751915344
2013-01-28,1.0857814202202032,0.002238320311412023
2013-01-29,1.0859431952241079,0.0001489940801084888
2013-01-30,1.0836792427686974,-0.0020847798166304665
2013-01-31,1.0812544129086359,-0.0022375900214405275
2013-02-01,1.0940283550223218,0.011814002293246917
2013-02-04,1.0749479496002148,-0.017440503561461873
2013-02-05,1.0907943049122555,0.014741509407905973
2013-02-06,1.0872365667021873,-0.0032616032134074047
2013-02-07,1.088207078633422,0.0008926409954903569
2013-02-08,1.09936389212293,0.01025247281383157
2013-02-11,1.0996873730846428,0.00029424375680386916
2013-02-12,1.0951602276808825,-0.004116756738837046
2013-02-13,1.0990399968846387,0.0035426498385282557
2013-02-14,1.098716999245601,-0.0002938907045725303
2013-02-15,1.0954831562738239,-0.0029432901957442414
2013-02-19,1.1034064029759405,0.007232650412505537
2013-02-20,1.0864282440514357,-0.01538704042201855
2013-02-21,1.074786450780696,-0.010715657784563848
2013-02-22,1.085619852354588,0.01007958517342944
2013-02-25,1.0721992935479585,-0.012362116239419962
2013-02-26,1.0762416663087764,0.003770169207481411
2013-02-27,1.0872365667021873,0.01021601443021658
2013-02-28,1.0849728213850662,-0.0020821092542789854
2013-03-01,1.0895007262958871,0.0041732887880459035
2013-03-04,1.0943515597996494,0.004452345360295595
2013-03-05,1.1105213960734026,0.01477572369587854
2013-03-06,1.107772187652375,-0.0024756014884074196
2013-03-07,1.1106825496624393,0.00262722068896859
2013-03-08,1.1119761973249045,0.0011647321395824584
2013-03-11,1.1152098331583924,0.0029080081401626767
2013-03-12,1.1111678746741531,-0.003624392795024134
2013-03-13,1.1097125210538799,-0.0013097513467080768
2013-03-14,1.1134308604842136,0.0033507231465699228
2013-03-15,1.1103360763506198,-0.002779502745458129
2013-03-18,1.1079048942496879,-0.002189591199200258
2013-03-19,1.105798090709722,-0.0019016104639492104
2013-03-20,1.113577445346906,0.007035058843510189
2013-03-21,1.1009359336461475,-0.011352162127188592
2013-03-22,1.111632554903038,0.009715934351842481
2013-03-25,1.107580860919204,-0.003644814076345093
2013-03-26,1.1135774453469063,0.005414127888347275
2013-03-27,1.1150359060415185,0.0013097074664238928
2013-03-28,1.1177907762424524,0.002470656044354591
2013-04-01,1.1101736799318478,-0.006814420437615487
2013-04-02,1.1189256869292554,0.007883457476622002
2013-04-03,1.1087153573294286,-0.0091251186017971
2013-04-04,1.1090393906599125,0.0002922601624861798
2013-04-05,1.09980150628202,-0.008329626932723988
2013-04-08,1.1056364537980106,0.005305455105000023
2013-04-09,1.1130912917820357,0.006742576150068791
2013-04-10,1.1348084985802038,0.019510714851968203
2013-04-11,1.1343222759692366,-0.00042846225735482246
2013-04-12,1.1335113986129177,-0.000714856239269368
2013-04-15,1.1111462632459743,-0.019730842931365067
2013-04-16,1.1258943713484093,0.013272877379213455
2013-04-17,1.1038537526346248,-0.01957609814443595
2013-04-18,1.088618662414162,-0.01380172888310649
2013-04-19,1.1035289597970803,0.013696529278537817
2013-04-22,1.1148737858071316,0.0102804968635688
2013-04-23,1.1255701999257326,0.009594282558951006
2013-04-24,1.125084046360862,-0.0004319175871062564
2013-04-25,1.1310807688807574,0.005330021823073627
2013-04-26,1.1275149522774082,-0.003152574689142318
2013-04-29,1.1378878854342966,0.00919981871276887
2013-04-30,1.1461535317285445,0.007264025217293746
2013-05-01,1.1408044615930388,-0.004666975224024816
2013-05-02,1.1552291577798577,0.012644319576622154
2013-05-03,1.1688429766103576,0.011784518022954993
2013-05-06,1.1733809622512554,0.003882459604674926
2013-05-07,1.1727326194059018,-0.0005525424957549818
2013-05-08,1.1784047562265416,0.004836683764721572
2013-05-09,1.1767843824358322,-0.0013750570694386344
2013-05-10,1.1839157394581448,0.006060037105141802
2013-05-13,1.1853731644613104,0.0012310208865309313
2013-05-14,1.19153262863046,0.005196223732590433
2013-05-15,1.1939636035931027,0.002040208471199678
2013-05-16,1.1926667798102024,-0.0010861501799532824
2013-05-17,1.2041742784234115,0.009648544596035702
2013-05-20,1.2023909558451584,-0.001480950565218797
2013-05-21,1.2036875034436731,0.001078307843394688
2013-05-22,1.1931524500523982,-0.008752315996581217
2013-05-23,1.1903980631741393,-0.0023084953462048086
2013-05-24,1.1897498584209785,-0.0005445277283402383
2013-05-28,1.1975290059198733,0.006538473145287327
2013-05-29,1.1918570071914263,-0.004736418659095576
2013-05-30,1.1981776249496128,0.005303167846519408
2013-05-31,1.187156901316142,-0.009197904721292227
2013-06-03,1.1892634977178185,0.0017744886116914937
2013-06-04,1.1831052763784042,-0.0051781807406279245
2013-06-05,1.1677085492462298,-0.0130138267824359
2013-06-06,1.1733809622512552,0.004857730131964111
2013-06-07,1.1894261703209763,0.013674338161185684
2013-06-10,1.1899115643787865,0.000408090951689033
2013-06-11,1.1780807919421539,-0.009942564465123982
2013-06-12,1.1644668350194611,-0.011556046933121733
2013-06-13,1.179215219306282,0.012665353656529321
2013-06-14,1.1714362098995799,-0.0065967681550772594
2013-06-17,1.1827808978174381,0.009684426537259538
2013-06-18,1.1925049357602013,0.00822133495790034
2013-06-19,1.179215219306282,-0.011144370186985886
2013-06-20,1.1511773947499273,-0.023776681387176257
2013-06-21,1.1450643295575698,-0.005310272092065804
2013-06-24,1.1336833233929962,-0.009939184961748837
2013-06-25,1.1419753452960753,0.007314231171948293
2013-06-26,1.1522180575151215,0.008969293655276545
2013-06-27,1.15709478330504,0.004232467767807391
2013-06-28,1.1587210950600413,0.001405512995535263
2013-07-01,1.1658752372941712,0.006174171044809773
2013-07-02,1.1663629789192596,0.0004183480440156373
2013-07-03,1.1710774463825986,0.0040420242656427074
2013-07-05,1.180019606329538,0.007635839947700562
2013-07-08,1.1811574859984868,0.0009642887820213719
2013-07-09,1.1883107996794597,0.006056189598566464
2013-07-10,1.1951400109838521,0.005746990859827772
2013-07-11,1.2188766780100189,0.01986099269375674
2013-07-12,1.2242418358859897,0.004401723302090099
2013-07-15,1.227005198756783,0.002257203429740118
2013-07-16,1.2253793012783603,-0.001325094205036903
2013-07-17,1.2284681474476622,0.0025207265750935015
2013-07-18,1.2253793012783605,-0.0025143884892085966
2013-07-19,1.2126984333026443,-0.010348524707808449
2013-07-22,1.21627529728142,0.002949508204636242
2013-07-23,1.2073331373344804,-0.007352085475160641
2013-07-24,1.211235484611765,0.00323220423312498
2013-07-25,1.218876678010019,0.006308594402436363
2013-07-26,1.22537930127836,0.005334931240917218
2013-07-29,1.2231034038482695,-0.0018573003703556967
2013-07-30,1.229606855669768,0.005317172530986625
2013-07-31,1.231883029284244,0.00185113933285308
2013-08-01,1.2444020532099593,0.010162510261213065
2013-08-02,1.2513931085643528,0.005618003712192454
2013-08-05,1.2522063334879499,0.0006498556832632563
2013-08-06,1.2447271222318894,-0.005972826567030243
2013-08-07,1.2424509486174133,-0.0018286527013203768
2013-08-08,1.2486289171404026,0.0049724043672421114
2013-08-09,1.2435882759175907,-0.0040369409626968
2013-08-12,1.2465154161290843,0.002353785628393723
2013-08-13,1.2535061952990925,0.005608257290324659
2013-08-14,1.2487915897435606,-0.003761134626388385
2013-08-15,1.2276563034459933,-0.016924590517067406
2013-08-16,1.2271680094521336,-0.00039774486758958894
2013-08-19,1.2250539560720441,-0.0017227090046401106
2013-08-20,1.2304200805933647,0.004380316878879631
2013-08-21,1.2261923881097643,-0.003435974875801495
2013-08-22,1.2382240846869699,0.009812242103176771
2013-08-23,1.2465154161290848,0.006696147768932237
2013-08-26,1.2471661065417168,0.0005220075132745805
2013-08-27,1.2216405932495837,-0.020466811243702754
2013-08-28,1.2263551988051156,0.003859241074325226
2013-08-29,1.2349718754535464,0.007026248722088235
2013-08-30,1.2270051987567834,-0.006450897267467837
2013-09-03,1.2339965302955627,0.005697882572839097
2013-09-04,1.247166106541717,0.010672296009616833
2013-09-05,1.2492789170920708,0.001694089134776533
2013-09-06,1.2507428324282999,0.001171808245701067
2013-09-09,1.2653752192731405,0.01169895718405356
2013-09-10,1.2715533258883225,0.004882430540034566
2013-09-11,1.2691137892097242,-0.0019185484626796923
2013-09-12,1.2683013928392841,-0.000640128865785905
2013-09-13,1.2691137892097242,0.000640538893221132
2013-09-16,1.2656997359262991,-0.002690108099409172
2013-09-17,1.2741545685247286,0.006679967103131235
2013-09-18,1.2894372315056224,0.011994355597365836
2013-09-19,1.2925259395827315,0.0023953923476387473
2013-09-20,1.2880906945333022,-0.003431455349252932
2013-09-23,1.2854811663653256,-0.002025888533355169
2013-09-24,1.2854811663653256,0.0
2013-09-25,1.2810786491655977,-0.0034248010121967765
2013-09-26,1.2910252917232088,0.007764271587922922
2013-09-27,1.2893956657555796,-0.0012622726898355863
2013-09-30,1.2862964626718152,-0.00240360904420156
2013-10-01,1.2993423083131908,0.010142176411087611
2013-10-02,1.2988537381349454,-0.00037601344550963756
2013-10-03,1.283687624964803,-0.011676536568251183
2013-10-04,1.2947765661415334,0.008638348583468236
2013-10-07,1.2840131082633117,-0.008312984772575138
2013-10-08,1.2592269405716097,-0.019303671848978632
2013-10-09,1.2553134078267056,-0.0031078851784472894
2013-10-10,1.2818944978408588,0.02117486346311903
2013-10-11,1.2920042272782062,0.00788655342103084
2013-10-14,1.3011358497137133,0.007067796097497414
2013-10-15,1.2960809849950397,-0.003884963064991198
2013-10-16,1.3107572851572011,0.011323598086903308
2013-10-17,1.318258591164115,0.0057228795077908234
2013-10-18,1.3396206248423153,0.016204736932027952
2013-10-21,1.3425560505853789,0.0021912365998464356
2013-10-22,1.3445128169578309,0.001457493243279373
2013-10-23,1.3363591634319711,-0.006064392561395238
2013-10-24,1.3422298768259058,0.004393065542992014
2013-10-25,1.351851036085008,0.007168041350602561
2013-10-28,1.3521776241210597,0.00024158581628741516
2013-10-29,1.3544595976076348,0.0016876284933782237
2013-10-30,1.3531557311228999,-0.0009626470121647523
2013-10-31,1.3500572185000996,-0.0022898418500795215
2013-11-01,1.3503835303517655,0.0002417022383898182
2013-11-04,1.3523396062632536,0.0014485335962135526
2013-11-05,1.3538075262730744,0.0010854669958806351
2013-11-06,1.3534814906057944,-0.00024082867095420735
2013-11-07,1.3280429753951466,-0.01879487483738107
2013-11-08,1.3459804607832664,0.013506705521169282
2013-11-11,1.3438610218076563,-0.0015746431968088892
2013-11-12,1.3459804607832664,0.0015771266084934066
2013-11-13,1.3622879059271784,0.01211566261104724
2013-11-14,1.3665270600627841,0.0031117901855852725
2013-11-15,1.3691367263229535,0.0019097069764937302
2013-11-18,1.3557642926455267,-0.009767054977292688
2013-11-19,1.3518510360850082,-0.002886384146378762
2013-11-20,1.3485894365824715,-0.0024126914988964465
2013-11-21,1.3622879059271784,0.010157627646425027
2013-11-22,1.3696254345933914,0.005386180582157563
2013-11-25,1.372887034095928,0.0023813806462384957
2013-11-26,1.3800620282511762,0.005226208695293666
2013-11-27,1.3896830494180856,0.006971441116383259
2013-11-29,1.3979999279158748,0.0059847304759683695
2013-12-02,1.3939228940146557,-0.002916333413047534
2013-12-03,1.3927814239486933,-0.0008188903926206192
2013-12-04,1.3940859808943924,0.0009366559054186929
2013-12-05,1.3922920252172912,-0.001286832879526023
2013-12-06,1.40240230702341,0.007261610081075398
2013-12-09,1.408110209721994,0.004070089353103601
2013-12-10,1.4071314122591894,-0.0006951142432223278
2013-12-11,1.389030978083526,-0.012863357336755588
2013-12-12,1.385443481005902,-0.0025827336713352134
2013-12-13,1.3836496634209936,-0.0012947605654805017
2013-12-16,1.3913140563076438,0.005539258303074002
2013-12-17,1.3885419936287022,-0.001992406147536707
2013-12-18,1.4046855233397209,0.01162624521627209
2013-12-19,1.4007721286870096,-0.0027859578444340283
2013-12-20,1.4150369141145271,0.01018351603046841
2013-12-23,1.429923114409796,0.010520008451216922
2013-12-24,1.4305780856804056,0.00045804649495440053
2013-12-26,1.4353215525042395,0.0033157692483301027
2013-12-27,1.4317228699589961,-0.0025072308981668456
2013-12-30,1.4295955597283945,-0.0014858393864047859
2013-12-31,1.4389206493260616,0.00652288651444799
2014-01-02,1.4276328553916506,-0.007844625719769627
2014-01-03,1.4173274493170578,-0.0072185268331931285
2014-01-06,1.4120922361945434,-0.003693721676693018
2014-01-07,1.4251795094937687,0.009268001737970266
2014-01-08,1.4282874123856815,0.0021807097781083584
2014-01-09,1.4235428408243047,-0.003321860516471098
2014-01-10,1.4281243255059448,0.003218367969162861
2014-01-13,1.4070216289658861,-0.014776512214776938
2014-01-14,1.4338497659130185,0.019067323767332667
2014-01-15,1.4456280633163745,0.008214457109358309
2014-01-16,1.4457915644726895,0.00011310043050771768
2014-01-17,1.4376123638911555,-0.005657247408631161
2014-01-21,1.4485721888675867,0.007623630160474182
2014-01-22,1.4523347868457235,0.002597452862241001
2014-01-23,1.4474271284046103,-0.003379150926882346
2014-01-24,1.4189632894333641,-0.01966512746145621
2014-01-27,1.4052221496010715,-0.009683929059066676
2014-01-28,1.404403400989761,-0.0005826471007042144
2014-01-29,1.389353147169406,-0.010716474917212726
2014-01-30,1.4150369141145263,0.0184861329154844
2014-01-31,1.4112741780441964,-0.002659108064812843
2014-02-03,1.3788838256619198,-0.022951140810331117
2014-02-04,1.3890266972255474,0.007355856508621139
2014-02-05,1.385427048034954,-0.002591490284372
2014-02-06,1.4030949774626627,0.012752695605855457
2014-02-07,1.4281243255059446,0.017838669830138487
2014-02-10,1.4363038022718642,0.0057274262610307325
2014-02-11,1.452662203434932,0.011389234740723397
2014-02-12,1.4554439325673718,0.0019149180902913177
2014-02-13,1.4662399802031023,0.00741770080877413
2014-02-14,1.469184520030893,0.002008225029699995
2014-02-18,1.476382575582344,0.004899354337942308
2014-02-19,1.4662399802031023,-0.006869896425891642
2014-02-20,1.473110481073152,0.004685795615188448
2014-02-21,1.4711475005520225,-0.0013325412766729272
2014-02-24,1.4789998369131192,0.0053375588499116056
2014-02-25,1.4773637206124268,-0.0011062315626128028
2014-02-26,1.4760551589931357,-0.0008857410000218113
2014-02-27,1.4856319906583382,0.0064881258717561785
2014-02-28,1.4839891078401968,-0.0011058477661168853
2014-03-03,1.4729832981635522,-0.007416368232420867
2014-03-04,1.4917102566181017,0.012713625794601668
2014-03-05,1.4958168422485874,0.002752937852553039
2014-03-06,1.4945022045728116,-0.0008788761021032432
2014-03-07,1.4871109580435862,-0.004945624373527191
2014-03-10,1.4884247671662048,0.000883464085522645
2014-03-11,1.4820185322484616,-0.004304036763604802
2014-03-12,1.4876035328954236,0.003768509317146451
2014-03-13,1.4665767870614235,-0.014134643652717327
2014-03-14,1.456556817549418,-0.006832216083334175
2014-03-17,1.4693691492927117,0.00879631442379969
2014-03-18,1.4871109580435862,0.012074439401027703
2014-03-19,1.479061426031123,-0.0054128657777177125
2014-03-20,1.4831684259381872,0.002776760880097262
2014-03-21,1.465320838567602,-0.01203341917105305
2014-03-24,1.452478678910656,-0.008764059937548918
2014-03-25,1.457252940293492,0.0032869751908624067
2014-03-26,1.438484001812321,-0.012879671031846285
2014-03-27,1.4304163797225968,-0.005608419752711868
2014-03-28,1.4332156465635266,0.001956959442447559
2014-03-31,1.4434227309968217,0.007121806448156631
2014-04-01,1.4687788051683481,0.017566630777676284
2014-04-02,1.4725647407270739,0.0025776077006312015
2014-04-03,1.4608755127880957,-0.007938006130179809
2014-04-04,1.422019822029543,-0.0265975371744005
2014-04-07,1.4085193768893596,-0.009493851584231328
2014-04-08,1.4215253138870059,0.009233765052184983
2014-04-09,1.4458926479578436,0.017141681426838584
2014-04-10,1.4011101783750657,-0.03097219537427487
2014-04-11,1.3848104663939524,-0.01163342628772912
2014-04-14,1.3956765267714497,0.00784660474569665
2014-04-15,1.400287010813585,0.0033034044448683186
2014-04-16,1.4188910672165127,0.013285888006715485
2014-04-17,1.4192205551886137,0.00023221512892268592
2014-04-21,1.4297575418705883,0.007424488493667836
2014-04-22,1.4411176961140442,0.007945510977052095
2014-04-23,1.428440970904113,-0.008796453783139202
2014-04-24,1.4421056076615757,0.009566119311751331
2014-04-25,1.4190560873869489,-0.01598324016782815
2014-04-28,1.42366588096812,0.0032484928694112014
2014-04-29,1.4350258971193828,0.00797941167455507
2014-04-30,1.438813075507844,0.002639101075502248
2014-05-01,1.4430939334856856,0.0029752704160896926
2014-05-02,1.4404595487229992,-0.001825511632720489
2014-05-05,1.4480333531311507,0.005257908432670488
2014-05-06,1.4292637241890156,-0.012962152357574253
2014-05-07,1.4251477482894175,-0.0028797875647013083
2014-05-08,1.4238309011385564,-0.0009240074598874104
2014-05-09,1.4290998087561222,0.003700515007331706
2014-05-12,1.452643008620129,0.016474146675940382
2014-05-13,1.453631196352046,0.0006802688107492294
2014-05-14,1.4460573919438946,-0.005210265456023655
2014-05-15,1.4346969615160532,-0.007856140766702158
2014-05-16,1.4440815688488315,0.006541177394605802
2014-05-19,1.4541250140336188,0.006954901579966588
2014-05-20,1.448856106416053,-0.0036234213473504973
2014-05-21,1.462686453804916,0.009545701141484786
2014-05-22,1.4691073264950996,0.004389780648806019
2014-05-23,1.479808919070932,0.007284418491985578
2014-05-27,1.4982496124097378,0.012461536824891706
2014-05-28,1.4936396807363739,-0.0030768782686013685
2014-05-29,1.503188617778624,0.006393065988674396
2014-05-30,1.5033533617646746,0.00010959635012008917
2014-06-02,1.5018710801667987,-0.0009859834923546806
2014-06-03,1.5012126565913682,-0.0004384021931879145
2014-06-04,1.5068103617200708,0.0037287889254895568
2014-06-05,1.5194883297597375,0.00841377811152988
2014-06-06,1.528214513517085,0.005742843552294596
2014-06-09,1.527061857983503,-0.0007542498277478549
2014-06-10,1.5296961046539965,0.0017250425427901561
2014-06-11,1.5293670309584741,-0.00021512357553976624
2014-06-12,1.5155366835696111,-0.009043183950549372
2014-06-13,1.519982423625696,0.0029334427231504367
2014-06-16,1.5212992707765571,0.00086635682781111
2014-06-17,1.522122576430231,0.0005411858596722219
2014-06-18,1.5306837400171427,0.0056244902476840775
2014-06-19,1.5296961046539967,-0.0006452249653705611
2014-06-20,1.5314954459266186,0.0011762736841307575
2014-06-23,1.5318256243596835,0.0002155921742654776
2014-06-24,1.5303400285491797,-0.0009698204461913162
2014-06-25,1.5400799470941187,0.006364545371117858
2014-06-26,1.5409056003150707,0.0005361106236789759
2014-06-27,1.547673636778038,0.004392246002340006
2014-06-30,1.5503152023347517,0.0017067975404769786
2014-07-01,1.5673191844993166,0.010968080645121114
2014-07-02,1.5699603357794518,0.001685139380833256
2014-07-03,1.5798655506792125,0.006309213471207276
2014-07-07,1.5750780324458646,-0.0030303326958991406
2014-07-08,1.5560933939594876,-0.012053141555721347
2014-07-09,1.5676492248401883,0.007426180797090121
2014-07-10,1.56269696262079,-0.0031590372010059653
2014-07-11,1.5727660929534446,0.006443431179240067
2014-07-14,1.5821767997106684,0.005983538683461687
2014-07-15,1.5767287865189974,-0.0034433656167043303
2014-07-16,1.5830017624706563,0.0039784749319558
2014-07-17,1.56203660575466,-0.013243925062518702
2014-07-18,1.5867990215891945,0.015852647590528957
2014-07-21,1.5848179509908038,-0.0012484697629865371
2014-07-22,1.5948881860610007,0.006354190438025542
2014-07-23,1.6051228889328626,0.006417191475434514
2014-07-24,1.6033080813346434,-0.0011306346764674569
2014-07-25,1.5970345530142134,-0.00391286515265854
2014-07-28,1.597529613525522,0.000309987351478469
2014-07-29,1.5947224754296006,-0.0017571743723274746
2014-07-30,1.6009964180266092,0.0039341908662311464
2014-07-31,1.568639622047191,-0.020210411225842217
2014-08-01,1.5628614304224548,-0.0036835685797577122
2014-08-04,1.573592160450975,0.00686607898796221
2014-08-05,1.561541130966773,-0.007658292782005471
2014-08-06,1.560385161220563,-0.0007402749266645081
2014-08-07,1.5554327609089718,-0.0031738319708944918
2014-08-08,1.566658689540993,0.007217238130860171
2014-08-11,1.575903409482431,0.005900915115178318
2014-08-12,1.5752430526163006,-0.000419033845701966
2014-08-13,1.5919164420712217,0.010584645605786758
2014-08-14,1.6001704886212715,0.005184974746105686
2014-08-15,1.607930027028784,0.004849194796860745
2014-08-18,1.6203109587616655,0.007699919477068162
2014-08-19,1.6293906585326672,0.005603677320025646
2014-08-20,1.6293906585326672,0.0
2014-08-21,1.632692580955511,0.0020264768338720263
2014-08-22,1.635168850157403,0.0015166781736968282
2014-08-25,1.640947179874332,0.003533781674212255
2014-08-26,1.6425980720396578,0.001006060515276408
2014-08-27,1.6429281123805302,0.000200925805582175
2014-08-28,1.6411117857681898,-0.0011055423537117415
2014-08-29,1.6472201558259911,0.003722092614758754
2014-09-02,1.6520078121515318,0.002906506643090445
2014-09-03,1.6422680316987854,-0.005895722999070707
2014-09-04,1.6407818835195103,-0.0009049364358252321
2014-09-05,1.649036620530524,0.0050309776661521255
2014-09-08,1.6521726942297752,0.001901761101122279
2014-09-09,1.6384709106724402,-0.008293190902614822
2014-09-10,1.6520078121515318,0.008261911390014198
2014-09-11,1.6506870984192714,-0.0007994597377480872
2014-09-12,1.6422680316987854,-0.005100340778423806
2014-09-15,1.6264191907272738,-0.009650581187479745
2014-09-16,1.6406165871646885,0.00872923568435402
2014-09-17,1.6430929944587735,0.0015094369479493608
2014-09-18,1.655474340468234,0.007535389689576677
2014-09-19,1.654448591659866,-0.0006196102127912217
2014-09-22,1.6390590453217189,-0.009301918727318781
2014-09-23,1.6345912105147806,-0.0027258534826372083
2014-09-24,1.652131680848504,0.010730799371054589
2014-09-25,1.6173816090750868,-0.021033475827768267
2014-09-26,1.6345912105147806,0.010640408758904707
2014-09-29,1.6324401484270117,-0.0013159633270580784
2014-09-30,1.6347567830539882,0.001419123775661113
2014-10-01,1.6086109596316467,-0.015993708479066227
2014-10-02,1.6086109596316467,0.0
2014-10-03,1.624496671218645,0.009875421705839882
2014-10-06,1.6210222716469518,-0.0021387545036253286
2014-10-07,1.5980206693632384,-0.01418956585978548
2014-10-08,1.629130630933562,0.019467809251003
2014-10-09,1.6028196492485915,-0.016150320413466868
2014-10-10,1.5627742942487772,-0.024984317492356523
2014-10-13,1.5382828152965822,-0.015671795372068198
2014-10-14,1.5384485259279823,0.00010772442476270072
2014-10-15,1.528519559171054,-0.006453882979893133
2014-10-16,1.5189220136769264,-0.006278981146523699
2014-10-17,1.5389448292690264,0.013182253869393756
2014-10-20,1.5619468458293182,0.014946615448987455
2014-10-21,1.6029849456034133,0.02627368523050211
2014-10-22,1.5947112899619813,-0.005161405703855593
2014-10-23,1.6187054989277825,0.01504611468974626
2014-10-24,1.6319434308093894,0.008178097801221806
2014-10-27,1.6331017481228776,0.0007097778584848058
2014-10-28,1.6577578329689302,0.015097702806572189
2014-10-29,1.6516346870464957,-0.00369363112069776
2014-10-30,1.655110053263539,0.0021041978860700805
2014-10-31,1.6779462211002376,0.01379737123321223
2014-11-03,1.6829106354326053,0.0029586254135800516
2014-11-04,1.6772847594965645,-0.0033429439553066542
2014-11-05,1.6774499177591933,9.846763448706497e-05
2014-11-06,1.682744648616819,0.003156416654572114
2014-11-07,1.6812556005014943,-0.000884892497830081
2014-11-10,1.6872130357925283,0.0035434441314319276
2014-11-11,1.6925083190189252,0.003138479323039123
2014-11-12,1.6954872438027315,0.0017600650763909265
2014-11-13,1.7027677403933044,0.0042940438609515574
2014-11-14,1.7080637140806656,0.0031102149528261513
2014-11-17,1.7029334510247047,-0.003003554852005097
2014-11-18,1.715675631934039,0.007482489055380848
2014-11-19,1.7078977272648797,-0.004533435414240561
2014-11-20,1.7155100593948316,0.004457135815821189
2014-11-21,1.7188197149804745,0.0019292545488251989
2014-11-24,1.7322233574934818,0.007798166611766799
2014-11-25,1.7348711371988732,0.0015285440494363645
2014-11-26,1.7461237176241116,0.006486118873017199
2014-11-28,1.7542313864497574,0.0046432384737764565
2014-12-01,1.734374281489058,-0.011319547189773349
2014-12-02,1.7413244615543728,0.004007312688785847
2014-12-03,1.7444682684164223,0.0018054113012593298
2014-12-04,1.7436408199969635,-0.0004743270109521802
2014-12-05,1.7438069449049423,9.527472979153906e-05
2014-12-08,1.731395909074023,-0.007117207479407028
2014-12-09,1.7368566267474346,0.0031539393415409567
2014-12-10,1.7095529002881833,-0.015720195921054336
2014-12-11,1.717660845298215,0.004742728352345793
2014-12-12,1.6989623338353892,-0.010886032311913985
2014-12-15,1.681421863501666,-0.010324225548971278
2014-12-16,1.6544485916598657,-0.016041941898880085
2014-12-17,1.6845648418105585,0.01820319489073885
2014-12-18,1.7251078810733451,0.02406736639428564
2014-12-19,1.7326982565446365,0.004399942493201525
2014-12-22,1.7370163994145429,0.0024921493708418563
2014-12-23,1.730871158741255,-0.0035378138487115462
2014-12-24,1.7323662829130642,0.0008637986509039131
2014-12-26,1.744656488075254,0.007094461075242808
2014-12-29,1.7443249287202605,-0.00019004277189216268
2014-12-30,1.732698256544636,-0.006665427973992499
2014-12-31,1.7149262056035308,-0.01025686432936479
2015-01-02,1.7097770239171517,-0.003002567497979891
2015-01-05,1.6846967198547143,-0.014668757218983863
2015-01-06,1.6621081513197662,-0.013408091954316914
2015-01-07,1.683534259775441,0.012890923156030354
2015-01-08,1.7157571063278105,0.019140000487229525
2015-01-09,1.7044615792306008,-0.006583406856105145
2015-01-12,1.68668925210511,-0.010426944990753806
2015-01-13,1.686191429749945,-0.000295147641774407
2015-01-14,1.6768900920094452,-0.005516181363748873
2015-01-15,1.655132148014391,-0.012975175951443041
2015-01-16,1.6745648956665131,0.011740903996961816
2015-01-20,1.6878525407375402,0.007934983651820993
2015-01-21,1.696489793122703,0.005117302712586813
2015-01-22,1.7278811865820214,0.01850373258157756
2015-01-23,1.7317015070967627,0.0022109856536480788
2015-01-26,1.7297078701088242,-0.001151259024588458
2015-01-27,1.6848629828548856,-0.025926278089442478
2015-01-28,1.67622559237753,-0.0051264646236812705
2015-01-29,1.6923369466076184,0.009611686102009909
2015-01-30,1.6792158407211486,-0.0077532467235745806
2015-02-02,1.6938322088716204,0.008704281960676852
2015-02-03,1.7101089975487234,0.00960944572422906
2015-02-04,1.7086140114691069,-0.0008742051423384911
2015-02-05,1.723396918804136,0.008651987655373672
2015-02-06,1.7129327067077849,-0.006071852619773943
2015-02-09,1.7074519656664124,-0.0031996242583903767
2015-02-10,1.7340272558084664,0.015564297372009372
2015-02-11,1.7403384832975402,0.0036396356908077188
2015-02-12,1.7606017173973632,0.011643271865958482
2015-02-13,1.775716736456157,0.008585143879751511
2015-02-17,1.777377571259367,0.0009353039080570724
2015-02-18,1.7798688925102777,0.0014016837453088016
2015-02-19,1.7886724078956122,0.004946159474093825
2015-02-20,1.8006310537028085,0.006685766356325562
2015-02-23,1.8024574610452255,0.001014315141717237
2015-02-24,1.8037863222168633,0.0007372496718269783
2015-02-25,1.7993017782545924,-0.0024861835944954835
2015-02-26,1.8084372672714988,0.005077241142821709
2015-02-27,1.800464652610444,-0.004408565785134266
2015-03-02,1.8167418555641255,0.009040556797425436
2015-03-03,1.8082712804557128,-0.0046625089208298665
2015-03-04,1.8012950009659525,-0.0038579827955914636
2015-03-05,1.8044508218487787,0.0017519733753403877
2015-03-06,1.7840217390253623,-0.01132149603417032
2015-03-09,1.7891698159741987,0.002885658193632068
2015-03-10,1.7559516008958844,-0.018566272905865544
2015-03-11,1.7458196386154907,-0.0057700692178670465
2015-03-12,1.757280600159715,0.006564802738336262
2015-03-13,1.749639959130232,-0.004347991452695932
2015-03-16,1.772228665757373,0.012910488531806319
2015-03-17,1.7750525130086272,0.0015933876399902847
2015-03-18,1.792492176041582,0.009824871605288665
2015-03-19,1.795149898384857,0.0014826967608552177
2015-03-20,1.8067692516742615,0.00647263679755028
2015-03-23,1.803273447812679,-0.0019348369241634078
2015-03-24,1.7967813195509932,-0.003600190680764781
2015-03-25,1.7556617453831265,-0.0228851300491828
2015-03-26,1.749667991845377,-0.003413956904575244
2015-03-27,1.7566604281216989,0.003996436071821208
2015-03-30,1.7768040743825282,0.011467012029392487
2015-03-31,1.7579919130450006,-0.01058763968901033
2015-04-01,1.7488361244757475,-0.005208094816200992
2015-04-02,1.7500007940301059,0.000665968376372339
2015-04-06,1.764318192583093,0.008181366889563169
2015-04-07,1.761322420551761,-0.001697977181171595
2015-04-08,1.7753053598137052,0.00793888676984178
2015-04-09,1.7864592043210676,0.006282775211433389
2015-04-10,1.7937844427821183,0.004100423028599032
2015-04-13,1.7892894038131921,-0.002505896952676556
2015-04-14,1.7841287604748077,-0.002884185938499595
2015-04-15,1.7952824668899772,0.006251626374881747
2015-04-16,1.7927858981357385,-0.0013906272691246446
2015-04-17,1.7648172577679935,-0.015600658392521227
2015-04-20,1.791287597843494,0.014998912753708016
2015-04-21,1.7989453623048883,0.004275005571753754
2015-04-22,1.8087674457045635,0.00545991201594398
2015-04-23,1.8155930666119424,0.003773631001369626
2015-04-24,1.8402316137495052,0.01357052281739568
2015-04-27,1.8355707260569858,-0.0025327723193618867
2015-04-28,1.8319074163654963,-0.001995733337586403
2015-04-29,1.8204204934890194,-0.006270471298853608
2015-04-30,1.7917868011205877,-0.01572916393264301
2015-05-01,1.815426665519578,0.013193458275396308
2015-05-04,1.8184228518274883,0.0016504033816495678
2015-05-05,1.788790476720484,-0.016295646019419574
2015-05-06,1.7764708579212205,-0.006887122309511606
2015-05-07,1.787125084874911,0.0059974116131338295
2015-05-08,1.8094333262584068,0.012482753206420005
2015-05-11,1.8024413042586633,-0.0038642053831304812
2015-05-12,1.7942839222435971,-0.004525740724978133
2015-05-13,1.7979465414741225,0.002041270718151189
2015-05-14,1.8242497899962944,0.01462960545011871
2015-05-15,1.8242497899962944,0.0
2015-05-18,1.8322406328268033,0.004380344662407776
2015-05-19,1.8302428530730797,-0.001090347914968648
2015-05-20,1.8314080749962096,0.0006366488038314078
2015-05-21,1.8408976323955415,0.0051815635897267676
2015-05-22,1.8390659775497966,-0.0009949791957531984
2015-05-26,1.817923372366009,-0.011496382099328462
2015-05-27,1.8472232214726698,0.01611720799239591
2015-05-28,1.843061398965051,-0.0022530154770904476
2015-05-29,1.8320739555500531,-0.005961517842632769
2015-06-01,1.8382338339957813,0.0033622433347013647
2015-06-02,1.8324071720113606,-0.0031697066372428084
2015-06-03,1.8379008937188597,0.002998090048659252
2015-06-04,1.8239165735349872,-0.007608854335761417
2015-06-05,1.8195883499350038,-0.0023730381437319092
2015-06-08,1.8011098193353619,-0.010155335738603721
2015-06-09,1.7981129425664872,-0.0016639056301300803
2015-06-10,1.8227512135196646,0.013702293315352332
2015-06-11,1.8254150119194246,0.0014614163359223387
2015-06-12,1.8104325613657508,-0.00820769548614575
2015-06-15,1.8014422072435126,-0.004965859714463061
2015-06-16,1.8112642906431877,0.0054523444383511865
2015-06-17,1.8162592233501715,0.0027577050642400014
2015-06-18,1.842728734872515,0.014573641902018375
2015-06-19,1.8336182405425114,-0.0049440235871905935
2015-06-22,1.8471337377317139,0.007370943902261562
2015-06-23,1.8486352141443938,0.0008128682736983084
2015-06-24,1.8391242524551727,-0.005144855846329288
2015-06-25,1.8354537619696558,-0.0019957816774026638
2015-06-26,1.8232726496398044,-0.006636567252328751
2015-06-29,1.780223237077088,-0.02361106693023718
2015-06-30,1.7865641543876212,0.003561866387579604
2015-07-01,1.8007463606838243,0.007938257499106927
2015-07-02,1.8012472210672317,0.0002781404390661546
2015-07-06,1.7970762844748858,-0.002315582527241622
2015-07-07,1.8015815422660817,0.0025069930698642384
2015-07-08,1.7702111388200739,-0.017412702511677147
2015-07-09,1.7692105227908017,-0.0005652523630255146
2015-07-10,1.7962416552613993,0.015278641022300699
2015-07-13,1.8277777693388075,0.017556721271347442
2015-07-14,1.839792066299716,0.006573171619903562
2015-07-15,1.8417941269114175,0.0010881993940370371
2015-07-16,1.8678239528917788,0.014132864037313286
2015-07-17,1.8953562219301698,0.014740291233424463
2015-07-20,1.90186367842526,0.0034333685772605094
2015-07-21,1.9006955565660806,-0.0006141985213927725
2015-07-22,1.8791707121925296,-0.011324719679167927
2015-07-23,1.8721628095906104,-0.0037292527796704
2015-07-24,1.8538077334113618,-0.009804209380306128
2015-07-27,1.8384567147950153,-0.008280804065963099
2015-07-28,1.8543084557025766,0.008622308472097329
2015-07-29,1.86131704876546,0.003779626329875052
2015-07-30,1.870160887071102,0.004751387363860271
2015-07-31,1.8679910444451078,-0.0011602438276807625
2015-08-03,1.8621512637023678,-0.00312623594214001
2015-08-04,1.8586468981248299,-0.0018818909321955957
2015-08-05,1.872996472158747,0.007720441170614212
2015-08-06,1.842962248770597,-0.016035387057367845
2015-08-07,1.8406264193288169,-0.0012674320612581225
2015-08-10,1.861650817595539,0.011422414698572414
2015-08-11,1.8377900056880152,-0.012817017929464325
2015-08-12,1.844130232537584,0.003449919103894139
2015-08-13,1.841126865435646,-0.001628609004367898
2015-08-14,1.8439634171686408,0.0015406606607326623
2015-08-17,1.859314711969373,0.008325162342051051
2015-08-18,1.8498034740957663,-0.005115453458404806
2015-08-19,1.837623052226879,-0.0065847113163420845
2015-08-20,1.7867302792956001,-0.027694892524125492
2015-08-21,1.7086405251701304,-0.04370539584534028
2015-08-24,1.642898008282491,-0.03847650568927796
2015-08-25,1.636724044433094,-0.003757971473744459
2015-08-26,1.7191525171652022,0.050361863389535966
2015-08-27,1.762702790111326,0.025332407980843907
2015-08-28,1.762369021281247,-0.00018935059951752375
2015-08-31,1.740511374722967,-0.012402423269100238
2015-09-01,1.6861142362141501,-0.031253538068646725
2015-09-02,1.733670011305605,0.02820436128825543
2015-09-03,1.725159803737849,-0.004908781666787321
2015-09-04,1.7046359896701488,-0.011896761113510679
2015-09-08,1.7526913823152757,0.028190999683413764
2015-09-09,1.7330016450922905,-0.011234001274642802
2015-09-10,1.7518570292861753,0.010880188283306946
2015-09-11,1.7615345301599539,0.005524138506737497
2015-09-14,1.7561950574318501,-0.003031148488255253
2015-09-15,1.776885963052879,0.011781667152215958
2015-09-16,1.7868976470333147,0.005634398711346966
2015-09-17,1.7875649085090868,0.0003734189682771394
2015-09-18,1.7621402025177224,-0.014223095267947405
2015-09-21,1.767660576018438,0.0031327663331375266
2015-09-22,1.741232215969559,-0.014951037776951281
2015-09-23,1.7425704674103095,0.000768565748139105
2015-09-24,1.7362146361429505,-0.0036473883760951287
2015-09-25,1.7214952512166248,-0.00847786017921448
2015-09-28,1.6724863319799819,-0.028468808846267235
2015-09-29,1.6637887333065509,-0.00520040044999015
2015-09-30,1.7020926076625404,0.023022078217747044
2015-10-01,1.7097865522784572,0.00452028554808348
2015-10-02,1.7397270110676732,0.017511226035388683
2015-10-05,1.764649475753702,0.014325503097600167
2015-10-06,1.7562860601869281,-0.00473942031076835
2015-10-07,1.7668244277908312,0.006000370806781508
2015-10-08,1.7738493157324688,0.003975996613552191
2015-10-09,1.781877995823814,0.004526134221288114
2015-10-12,1.786227347529301,0.0024408807537219523
2015-10-13,1.774685740144462,-0.006461443668300815
2015-10-14,1.7718422838018255,-0.0016022309067548202
2015-10-15,1.800946732455627,0.01642609442153753
2015-10-16,1.8084731712416364,0.004179156801460193
2015-10-19,1.818843480646861,0.0057342898806205245
2015-10-20,1.8094768252991509,-0.00514978636005492
2015-10-21,1.798436906850876,-0.0061011659800890294
2015-10-22,1.8350680704750726,0.020368334015308243
2015-10-23,1.8864191713943659,0.027983213127346973
2015-10-26,1.8875895027286305,0.0006203983462484963
2015-10-27,1.8914366131287816,0.002038107541173506
2015-10-28,1.9071597902048145,0.008312822627465133
2015-10-29,1.9041491042166565,-0.0015786228315115558
2015-10-30,1.8956187351887468,-0.004479885009540219
2015-11-02,1.9170285487656675,0.01129436694177266
2015-11-03,1.9237195297850336,0.0034902876243936287
2015-11-04,1.9238857927852053,8.64278797390039e-05
2015-11-05,1.918700983313075,-0.0026949673892150416
2015-11-06,1.920039372846018,0.0006975498238563915
2015-11-09,1.8996325228656479,-0.010628349745829269
2015-11-10,1.8947823107767536,-0.0025532370237468793
2015-11-11,1.8924404052784887,-0.0012359760194852187
2015-11-12,1.8740410015053404,-0.009722580284075355
2015-11-13,1.8372426082356226,-0.019635852812269983
2015-11-16,1.863670830192309,0.014384720797470774
2015-11-17,1.8648417138953453,0.0006282674408308875
2015-11-18,1.900636176923163,0.019194370632695135
2015-11-19,1.9019748426404917,0.0007043250747209573
2015-11-20,1.914853734820731,0.006771326250750942
2015-11-23,1.9093340517809794,-0.002882561179153642
2015-11-24,1.9076623076945358,-0.0008755639616253585
2015-11-25,1.9093340517809794,0.0008763312456825378
2015-11-27,1.9120101403859018,0.0014015821916684157
2015-11-30,1.9071597902048145,-0.0025367805738248927
2015-12-01,1.9262276982834703,0.009998065278320478
2015-12-02,1.9143521839763595,-0.006165166411890688
2015-12-03,1.8819031424121284,-0.01695040329352049
2015-12-04,1.9258935151768126,0.02337547123084116
2015-12-07,1.9171957784111886,-0.004516208553111745
2015-12-08,1.9173630080567101,8.722617032885793e-05
2015-12-09,1.8882586974951017,-0.015179342899238613
2015-12-10,1.8967890665230112,0.004517584925850304
2015-12-11,1.8531327387727914,-0.023015910688606978
2015-12-14,1.86718265274826,0.007581709438025941
2015-12-15,1.8785570304875776,0.006091732762499635
2015-12-16,1.90649045734615,0.014869618758032832
2015-12-17,1.8787246744096775,-0.014563819519517907
2015-12-18,1.842686202477123,-0.019182412635251334
2015-12-21,1.8631547796676895,0.011108010231503762
2015-12-22,1.8754023143422938,0.00657354655032405
2015-12-23,1.8893279453442122,0.007425409948266015
2015-12-24,1.8889925194078194,-0.00017753716988067048
2015-12-28,1.8879855511376769,-0.0005330716028765226
2015-12-29,1.9176822772065414,0.015729318506155776
2015-12-30,1.9004011440109596,-0.009011468375645038
2015-12-31,1.876745122825408,-0.012447909358559772
2016-01-04,1.8371498102820385,-0.021097863562719366
2016-01-05,1.8339620901026679,-0.0017351443859013882
2016-01-06,1.8163452547863077,-0.00960588848124666
2016-01-07,1.7594694995083207,-0.03131329527143145
2016-01-08,1.7450403843713311,-0.008200832774323041
2016-01-11,1.7504088564599298,0.0030764171056893996
2016-01-12,1.770710342097168,0.011598139236050464
2016-01-13,1.7096397602774747,-0.03448931220866047
2016-01-14,1.7460473526414735,0.02129547593002279
2016-01-15,1.6918552810390144,-0.031036999953337863
2016-01-19,1.6955464853534565,0.0021817494414624328
2016-01-20,1.690345381002572,-0.003067509145760927
2016-01-21,1.6920227868689215,0.0009923450468771744
2016-01-22,1.7410138922126885,0.028954164047887865
2016-01-25,1.7151765667491372,-0.014840390176734441
2016-01-26,1.7306118216031123,0.008999222093635684
2016-01-27,1.6874933629439792,-0.02491515319662574
2016-01-28,1.7113173042360168,0.014117946662898007
2016-01-29,1.7470536304506517,0.020882349594769423
2016-02-01,1.7517519411274292,0.002689276731342005
2016-02-02,1.7138338963582165,-0.021645784359632936
2016-02-03,1.7056131300266397,-0.004796711250165675
2016-02-04,1.705445348012347,-9.83704987602696e-05
2016-02-05,1.6462199540732965,-0.03472723063689864
2016-02-08,1.6210538947591093,-0.015287179123250172
2016-02-09,1.6160202962381318,-0.003105139525126921
2016-02-10,1.6222280926747732,0.0038414099445980288
2016-02-11,1.6198794206590594,-0.0014478062772549372
2016-02-12,1.6445422720225609,0.01522511555425976
2016-02-16,1.6816205781671523,0.02254627732918668
2016-02-17,1.7197064049506579,0.02264828777548411
2016-02-18,1.7000765997393623,-0.011414625865662664
2016-02-19,1.7051092316149896,0.00296023830714387
2016-02-22,1.732793125881112,0.016235847975499818
2016-02-23,1.7042708739122971,-0.016460275345512754
2016-02-24,1.7205451769299291,0.009549129347186991
2016-02-25,1.7374904699125397,0.009848792818591967
2016-02-26,1.735309303726733,-0.001255354330614744
2016-02-29,1.719706404950658,-0.008991422302967234
2016-03-01,1.7749047543622956,0.0320975424948895
2016-03-02,1.7755754681428886,0.00037788719588727204
2016-03-03,1.7722203802258034,-0.001889577760721295
2016-03-04,1.7728912320985888,0.00037853750034178013
2016-03-07,1.761985815446134,-0.006151204571949842
2016-03-08,1.7473893325714303,-0.008284109183369304
2016-03-09,1.7586304513446633,0.006433093394641931
2016-03-10,1.7559456629315926,-0.001526635917749486
2016-03-11,1.786649081086214,0.017485403337231586
2016-03-14,1.789668881159099,0.0016902032440804238
2016-03-15,1.7889976150097349,-0.00037507840496697753
2016-03-16,1.8049369063675524,0.00890962135672324
2016-03-17,1.803929800005217,-0.0005579731672517019
2016-03-18,1.8067568233769065,0.0015671471094280687
2016-03-21,1.8138245198983227,0.003911813936424702
2016-03-22,1.8193778974331256,0.003061695039338286
2016-03-23,1.804401108659358,-0.008231818576502237
2016-03-24,1.8049058356241647,0.00027971993720488086
2016-03-28,1.8023817865235523,-0.0013984381072930097
2016-03-29,1.8313250815883169,0.01605835971111902
2016-03-30,1.8402436277702818,0.004869996196540827
2016-03-31,1.8375505538256411,-0.0014634333758860585
2016-04-01,1.8570709900202125,0.010623074371440389
2016-04-04,1.850003431590989,-0.0038057556588865227
2016-04-05,1.8321660630426735,-0.009641802952211509
2016-04-06,1.8622872845123084,0.01644022453926075
2016-04-07,1.8355319221507993,-0.01436693607050843
2016-04-08,1.8341855232706719,-0.0007335197301008289
2016-04-11,1.827454495515384,-0.003669763865154385
2016-04-12,1.8427672625943154,0.008379287756006715
2016-04-13,1.8663260668761126,0.012784470811919135
2016-04-14,1.866494125074791,9.004760832587166e-05
2016-04-15,1.8617825575475015,-0.002524287359919053
2016-04-18,1.8717106957512728,0.005332598140165956
2016-04-19,1.860267686192117,-0.00611366360470722
2016-04-20,1.8617825575475013,0.000814329769112554
2016-04-21,1.8619506157461798,9.026736124329027e-05
2016-04-22,1.8338494068733147,-0.015092349192947663
2016-04-25,1.8338494068733147,0.0
2016-04-26,1.8249303083225785,-0.0048635937701903
2016-04-27,1.810290326407132,-0.008022214244939097
2016-04-28,1.7884150040481692,-0.012083875188339754
2016-04-29,1.7789920070857832,-0.005268909588130644
2016-05-02,1.7958193693357136,0.009458930778163399
2016-05-03,1.7791602033766543,-0.009276637864320203
2016-05-04,1.7677176080940769,-0.006431458651593336
2016-05-05,1.76721288112927,-0.00028552465761255696
2016-05-06,1.7766361542760416,0.005332279572764387
2016-05-09,1.781684528661652,0.0028415353213768757
2016-05-10,1.8060837620290342,0.013694474512673693
2016-05-11,1.7897614029282962,-0.009037431952990227
2016-05-12,1.7818527249525233,-0.00441884485989763
2016-05-13,1.7752894792115284,-0.0036833828346671815
2016-05-16,1.7975018846131976,0.01251199067069031
2016-05-17,1.7749533628141712,-0.012544366151737596
2016-05-18,1.781347583711138,0.0036024726231842497
2016-05-19,1.7720927830396236,-0.0051953929464084725
2016-05-20,1.7916122525888452,0.011014925254500652
2016-05-23,1.7892562616869112,-0.0013150116039503112
2016-05-24,1.8250985046134491,0.020031922589303086
2016-05-25,1.8382241675422824,0.0071917558946295035
2016-05-26,1.8436085202330572,0.002929105593238779
2016-05-27,1.8531999896707,0.005202552132071103
2016-05-31,1.8567344593462762,0.001907225175521443
2016-06-01,1.856902379452762,9.043840687095184e-05
2016-06-02,1.8607724131569237,0.002084134172579466
2016-06-03,1.8520223394502158,-0.004702387914201078
2016-06-06,1.8587533672055037,0.003634420391109394
2016-06-07,1.8540419377704072,-0.0025347254338426994
2016-06-08,1.8572386339423121,0.001724176841301217
2016-06-09,1.8542104102456642,-0.0016304979022646604
2016-06-10,1.8331760693410581,-0.011344096003548576
2016-06-13,1.8178628879855478,-0.008353360930035802
2016-06-14,1.8178628879855478,0.0
2016-06-15,1.812646317309066,-0.0028696172362386863
2016-06-16,1.8180313604608047,0.002970818465972469
2016-06-17,1.7967218018158815,-0.011721227206730966
2016-06-20,1.808026581090011,0.006291891856994303
2016-06-21,1.813762378411547,0.0031724076302452886
2016-06-22,1.8093760179983809,-0.002418376555482271
2016-06-23,1.8351902820657289,0.014266942752952483
2016-06-24,1.759602758474404,-0.04118783993681674
2016-06-27,1.724677585800474,-0.01984832798523839
2016-06-28,1.762470657135172,0.021913122571925348
2016-06-29,1.7936843259423134,0.017710177857870324
2016-06-30,1.8144373730501175,0.011570066598481032
2016-07-01,1.8235488340254709,0.0050216453379356984
2016-07-05,1.8124125272265985,-0.006106941909687746
2016-07-06,1.8272604759844524,0.008192367098992959
2016-07-07,1.8326593283554748,0.0029546156347051156
2016-07-08,1.8610046842252697,0.015466789397913017
2016-07-11,1.8716340545842498,0.005711630093722775
2016-07-12,1.8810824605101173,0.0050482122307644595
2016-07-13,1.8765270752529226,-0.002421682915463075
2016-07-14,1.889349902002872,0.006833275639372749
2016-07-15,1.8863128404058827,-0.0016074638126953866
2016-07-18,1.8987985841131247,0.006619126711004952
2016-07-19,1.8918805795287401,-0.003643358828190779
2016-07-20,1.9139840301902638,0.011683322351683234
2016-07-21,1.9095961507629762,-0.0022925371152920926
2016-07-22,1.9175259568442526,0.004152608957715076
2016-07-25,1.9176958102414379,8.85794513387772e-05
2016-07-26,1.9198887142636352,0.001143509836380785
2016-07-27,1.9332179250847048,0.006942699710687172
2016-07-28,1.9399664905484828,0.0034908456911200147
2016-07-29,1.944184654670778,0.002174348960585659
2016-08-01,1.9544768038948588,0.0052938126012642694
2016-08-02,1.9396285789526195,-0.007597033084583038
2016-08-03,1.9460407518346545,0.0033058766774294313
2016-08-04,1.9516082147731268,0.0028609179603373835
2016-08-05,1.9703368303339905,0.009596503754746077
2016-08-08,1.9681433739430216,-0.0011132392985807593
2016-08-09,1.9726993115689875,0.002314840314117106
2016-08-10,1.9676372660562864,-0.002566050225198735
2016-08-11,1.9760731800242979,0.00428733187439545
2016-08-12,1.9774228931170532,0.000683027889047505
2016-08-15,1.9858596356382214,0.0042665342605947565
2016-08-16,1.9748923536833771,-0.005522687383350489
2016-08-17,1.9784353850749086,0.0017940377281442377
2016-08-18,1.978941216777258,0.0002556725916678104
2016-08-19,1.9784353850749086,-0.0002556072399023668
2016-08-22,1.979953708735114,0.0007674365671275218
2016-08-23,1.9834966020344529,0.0017893818848937482
2016-08-24,1.9706739133766966,-0.006464688996494439
2016-08-25,1.9674682412122577,-0.0016266882829671925
2016-08-26,1.97033683033399,0.0014580103818930823
2016-08-29,1.9730359803351156,0.0013698926800591593
2016-08-30,1.9666246360062376,-0.0032494817087872496
2016-08-31,1.9646000663671044,-0.001029464190606677
2016-09-01,1.9696621118798052,0.0025766290042235074
2016-09-02,1.9760731800242979,0.003254907583298161
2016-09-06,1.9883900369797047,0.006232996368715105
2016-09-07,1.989571415689396,0.0005941383167891168
2016-09-08,1.9779295533725598,-0.0058514422880378
2016-09-09,1.9281558795720046,-0.02516453314309719
2016-09-12,1.9627442453876138,0.017938573422438653
2016-09-13,1.9451972847208274,-0.008940013813832914
2016-09-14,1.9544768038948594,0.004770477137162832
2016-09-15,1.9848470055881733,0.015538788504827705
2016-09-16,1.983899555053142,-0.00047734184668335455
2016-09-19,1.975273211951213,-0.004348175329722204
2016-09-20,1.9789943822715,0.0018838762646971041
2016-09-21,1.9984459104618473,0.009828996163203207
2016-09-22,2.014345707452515,0.00795608072624443
2016-09-23,2.0014907052216353,-0.006381725928831128
2016-09-26,1.984745231642055,-0.00836650079657797
2016-09-27,2.0043660608608165,0.00988581753766371
2016-09-28,2.0077487672164684,0.0016876689451621463
2016-09-29,1.993202687992149,-0.007244969819847569
2016-09-30,2.0080870930889105,0.0074675822917715795
2016-10-03,2.0052117374497294,-0.0014318879141631546
2016-10-04,2.0021668045977483,-0.0015185093898629765
2016-10-05,2.0092712336424583,0.003548370209912388
2016-10-06,2.0082568083939027,-0.0005048722300754482
2016-10-07,2.0038588482365385,-0.002189939124808249
2016-10-10,2.016544273254618,0.006330498292952846
2016-10-11,1.987789750217457,-0.014259306586288045
2016-10-12,1.9860988113162097,-0.000850662853585149
2016-10-13,1.9789943822714997,-0.0035770773358460017
2016-10-14,1.981362525286403,0.001196639584284842
2016-10-17,1.9759500017882905,-0.002731717910799958
2016-10-18,1.993540875772398,0.008902489419361448
2016-10-19,1.9933719890205623,-8.471697464951244e-05
2016-10-20,1.9910035698212734,-0.0011881471257417786
2016-10-21,1.998445910461847,0.0037379845789236033
2016-10-24,2.0224648379301655,0.012018802882069357
2016-10-25,2.0160373368147257,-0.003178053331210351
2016-10-26,2.0023363818105477,-0.006795982769756126
2016-10-27,1.993202687992148,-0.004561518185141722
2016-10-28,1.9806858735415183,-0.006279749935135137
2016-10-31,1.9788248050586998,-0.0009396080962049691
2016-11-01,1.9639408142385164,-0.007521631415845276
2016-11-02,1.9482103182762631,-0.008009658869660208
2016-11-03,1.929097115958358,-0.009810646283208269
2016-11-04,1.922330460417319,-0.0035076800877790193
2016-11-07,1.9680001723390528,0.0237574719134499
2016-11-08,1.9808548983855465,0.006531872419104134
2016-11-09,1.9899891445727176,0.004611264658817671
2016-11-10,1.9578513628111336,-0.016149727172750206
2016-11-11,1.9586970394000465,0.00043194116007794214
2016-11-14,1.9389073234294496,-0.010103510431944351
2016-11-15,1.9658007779837925,0.013870417749918484
2016-11-16,1.977472192029895,0.005937231369942397
2016-11-17,1.9918493845023788,0.007270490341371394
2016-11-18,1.9844066295852265,-0.0037366052750076317
2016-11-21,2.0050427126057007,0.010399120176688426
2016-11-22,2.0111320259408907,0.003036999310242372
2016-11-23,2.0030128954632396,-0.004037094717266432
2016-11-25,2.0094403965786793,0.0032089164927484592
2016-11-28,2.0048735496694796,-0.0022726958793978236
2016-11-29,2.0118089538701613,0.0034592726318449785
2016-11-30,1.9874515624372078,-0.012107208980304374
2016-12-01,1.95311521487352,-0.01727657076662592
2016-12-02,1.9570055481300281,0.0019918606065234545
2016-12-05,1.9722286933758106,0.007778795139507189
2016-12-06,1.976964288944653,0.00240113917049678
2016-12-07,2.0019980559381056,0.012662731003004746
2016-12-08,2.005549787137786,0.001774093231082574
2016-12-09,2.0212806973766178,0.00784368971526872
2016-12-12,2.0121468654660255,-0.004518833986020376
2016-12-13,2.037518544055342,0.012609257815502595
2016-12-14,2.0332894706498132,-0.002075599958521912
2016-12-15,2.036503842622401,0.0015808727773327647
2016-12-16,2.0289548948089595,-0.0037068173678084237
2016-12-19,2.037266387711228,0.004096440449974148
2016-12-20,2.0450708060814113,0.0038308286129196123
2016-12-21,2.0435439207052504,-0.0007466173648464913
2016-12-22,2.0377759479027837,-0.002822534296437307
2016-12-23,2.0391331179739525,0.0006660055402878395
2016-12-27,2.0496510479333163,0.005158039887956933
2016-12-28,2.033704575781471,-0.0077800912345172835
2016-12-29,2.0308205203341414,-0.0014181290053996154
2016-12-30,2.0099545138125996,-0.010274667954462413
2017-01-03,2.0279364648868117,0.008946446773117733
2017-01-04,2.0389631264845742,0.005437380208249243
2017-01-05,2.0504992101817,0.005657818695826711
2017-01-06,2.0684817136246836,0.008769817297998417
2017-01-09,2.0752677020727193,0.0032806615612492873
2017-01-10,2.079847805832431,0.0022069941892977063
2017-01-11,2.0854457871455194,0.0026915341100393064
2017-01-12,2.0822225772725904,-0.001545573561679947
2017-01-13,2.0893484106071893,0.003422224603833124
2017-01-17,2.0830708776131672,-0.0030045410148697993
2017-01-18,2.0873122412238585,0.0020361110398465776
2017-01-19,2.0862947779470606,-0.0004874514012341846
2017-01-20,2.090874605522387,0.0021951967783924164
2017-01-23,2.092571482387926,0.0008115631903784504
2017-01-24,2.1066521909223965,0.006728902048498853
2017-01-25,2.1278576280539236,0.010065941223188934
2017-01-26,2.1300632365578616,0.0010365395103784092
2017-01-27,2.134134332494789,0.00191125590407637
2017-01-30,2.1175088610307813,-0.007790264750847653
2017-01-31,2.113267773604476,-0.002002866436290107
2017-02-01,2.127857628053924,0.006903930789879498
2017-02-02,2.1259913120677782,-0.0008770868696947876
2017-02-03,2.132098301203651,0.002872537202390113
2017-02-06,2.134643478409767,0.001193742898570438
2017-02-07,2.1424469301346005,0.003655622966438843
2017-02-08,2.146009294433129,0.0016627549781615958
2017-02-09,2.153813574711119,0.0036366479391469753
2017-02-10,2.1609383033081753,0.003307959742064437
2017-02-13,2.173152419672114,0.005652228175714313
2017-02-14,2.1804479683117055,0.0033571269891379263
2017-02-15,2.1933403935268427,0.005912741511149067
2017-02-16,2.1926623608600297,-0.00030913243964048043
2017-02-17,2.2021618608972453,0.004332404389652433
2017-02-21,2.2130186690978224,0.0049300682176711685
2017-02-22,2.213867797991556,0.0003836971217598961
2017-02-23,2.2055549241673593,-0.0037549097700134704
2017-02-24,2.20979628777805,0.0019230369483054233
2017-02-27,2.21251076601258,0.0012283839236870708
2017-02-28,2.2057245013801587,-0.003067223326850388
2017-03-01,2.2298148225121723,0.01092172713180628
2017-03-02,2.2186174789640676,-0.0050216472843649385
2017-03-03,2.222689127269766,0.0018352187090853178
2017-03-06,2.2177691786234908,-0.0022135118158960188
2017-03-07,2.21403709901997,-0.0016828079493093062
2017-03-08,2.21793972248164,0.0017626730208801789
2017-03-09,2.2196356327018294,0.0007646331426409692
2017-03-10,2.228965969802824,0.0042035444752872575
2017-03-13,2.23269832559073,0.0016744785871434242
2017-03-14,2.227269231029477,-0.0024316292528308026
2017-03-15,2.2410102327695767,0.0061694390371245245
2017-03-16,2.239483761669994,-0.000681153114457711
2017-03-17,2.2387016074897845,-0.00034925646418892953
2017-03-20,2.2407417815467077,0.0009113202269108722
2017-03-21,2.206742240841341,-0.01517334169664919
2017-03-22,2.221702182367583,0.0067791975199325005
2017-03-23,2.216092739402489,-0.002524840192179023
2017-03-24,2.220682233431314,0.002070984642123852
2017-03-27,2.2242515023394835,0.001607284848969437
2017-03-28,2.2378520643194713,0.006114669121582095
2017-03-29,2.24822209754031,0.004633922584150962
2017-03-30,2.2519621864910153,0.0016635762786945119
2017-03-31,2.2504318488100337,-0.0006795574500149115
2017-04-03,2.2490726073559726,-0.0006039913871552782
2017-04-04,2.2526410477109855,0.0015866274585096818
2017-04-05,2.2434619215611438,-0.004074828592495527
2017-04-06,2.244650895341441,0.0005299727928833597
2017-04-07,2.2434619215611438,-0.0005296920704973562
2017-04-10,2.2443121551924206,0.0003789828671061368
2017-04-11,2.2346219498369013,-0.004317672714599818
2017-04-12,2.225612262807666,-0.004031861868130648
2017-04-13,2.2167718768068454,-0.0039721141676621885
2017-04-17,2.2351316481206505,0.00828221049982436
2017-04-18,2.23173195642528,-0.001521025259621167
2017-04-19,2.2353026062553787,0.0015999456475130902
2017-04-20,2.2540022224557474,0.008365586005240955
2017-04-21,2.2534921098954204,-0.00022631413369744724
2017-04-24,2.2806913005646967,0.012069796273011413
2017-04-25,2.297180613126571,0.007229962493298103
2017-04-26,2.293950498644,-0.0014061212532062717
2017-04-27,2.3077217425743304,0.006003287315254013
2017-04-28,2.311799881213092,0.001767170869661383
2017-05-01,2.33237133708732,0.008898458746971372
2017-05-02,2.3362804508820534,0.0016760254821237552
2017-05-03,2.328801377718186,-0.0032012737002716785
2017-05-04,2.3296506447041123,0.00036467987096377996
2017-05-05,2.3381502191730203,0.0036484330765342854
2017-05-08,2.343250240038751,0.0021812203612538994
2017-05-09,2.3514106600820597,0.003482521799794469
2017-05-10,2.3527700396283135,0.0005781123515899989
2017-05-11,2.3509002713373466,-0.0007947093253798387
2017-05-12,2.3561709741534194,0.0022419933675341674
2017-05-15,2.363649771132901,0.003174131699915872
2017-05-16,2.373510382254377,0.004171773348955021
2017-05-17,2.3131613321422395,-0.025426073786463776
2017-05-18,2.3333899051016616,0.008744990104381678
2017-05-19,2.3432502400387514,0.004225755376558116
2017-05-22,2.362970633728546,0.00841582915594552
2017-05-23,2.3653507907642255,0.0010072732185943956
2017-05-24,2.376229969900042,0.004599393535324792
2017-05-25,2.396460476150164,0.008513698802886882
2017-05-26,2.4007106776611966,0.0017735329054373583
2017-05-30,2.402750299349349,0.0008495907928978141
2017-05-31,2.40189992762588,-0.00035391597857648005
2017-06-01,2.411249321449486,0.00389249931525959
2017-06-02,2.438789599835061,0.011421580564310752
2017-06-05,2.4382792110903484,-0.000209279531431239
2017-06-06,2.428589281919215,-0.0039740851363778695
2017-06-07,2.438108529140006,0.003919661217177239
2017-06-08,2.440658815757257,0.0010460102931308946
2017-06-09,2.3796306282407635,-0.025004800803162808
2017-06-12,2.3668808522608233,-0.00535788026453754
2017-06-13,2.386090304837133,0.008115935602741153
2017-06-14,2.3757204097084874,-0.004345977647042032
2017-06-15,2.3651806611826562,-0.004436443144891999
2017-06-16,2.3549176494112634,-0.004339208391066829
2017-06-19,2.3942960191196914,0.01672176083026633
2017-06-20,2.3755442040704318,-0.007831869952385384
2017-06-21,2.399067932935249,0.009902458907946166
2017-06-22,2.3983871384245794,-0.0002837745865064134
2017-06-23,2.407591259261324,0.0038376293340158796
2017-06-26,2.396341164495557,-0.004672759432271301
2017-06-27,2.3528733325885547,-0.01813925018316509
2017-06-28,2.386795127389356,0.014417178490217175
2017-06-29,2.345372717042605,-0.01735482441346281
2017-06-30,2.3462252982411598,0.000363516294173305
2017-07-03,2.3215084528302605,-0.010534728028645968
2017-07-05,2.34435000626248,0.009839099833719
2017-07-06,2.323212510489827,-0.009016356651604052
2017-07-07,2.348271272170183,0.010786254622515035
2017-07-10,2.3636130386096097,0.006533217274019787
2017-07-11,2.3702594158506907,0.002811956581941555
2017-07-12,2.39838713842458,0.011866938439645036
2017-07-13,2.403669993353622,0.0022026698043886572
2017-07-14,2.4225911094312957,0.007871761152734136
2017-07-17,2.423784225977378,0.0004924960474912421
2017-07-18,2.439978021246588,0.006681203341308173
2017-07-19,2.454296800721503,0.005868405104567209
2017-07-20,2.457535891196608,0.0013197631493275797
2017-07-21,2.4565140089696396,-0.0004158157895594039
2017-07-24,2.467763827551021,0.004579586576874517
2017-07-25,2.4614566047355395,-0.0025558453953598015
2017-07-26,2.469468437579359,0.0032549153328178537
2017-07-27,2.453956817742747,-0.006281359826496469
2017-07-28,2.451910291444953,-0.0008339699716788385
2017-07-31,2.4415125016933543,-0.004240689305753831
2017-08-01,2.4471383776293947,0.002304258500473999
2017-08-02,2.453786135792404,0.0027165436265395027
2017-08-03,2.444239546317432,-0.0038905548188246097
2017-08-04,2.4486720295230042,0.0018134405902443529
2017-08-07,2.464183925544002,0.006334819785571488
2017-08-08,2.4599224004731575,-0.0017293859547857782
2017-08-09,2.4566835861824385,-0.001316632707639931
2017-08-10,2.4040119096230774,-0.021440154872044537
2017-08-11,2.4222519550056956,0.007587335698964193
2017-08-14,2.4534447718917196,0.012877610366486714
2017-08-15,2.4551491057356722,0.0006946697408796165
2017-08-16,2.4594120117284457,0.0017363124637987948
2017-08-17,2.409124911154935,-0.020446797988178278
2017-08-18,2.407420301126597,-0.000707563987423443
2017-08-21,2.404351892601835,-0.0012745628685304489
2017-08-22,2.4410012843954854,0.015242940064813526
2017-08-23,2.432308657040996,-0.0035610908564687183
2017-08-24,2.4251488530269603,-0.0029436247711860375
2017-08-25,2.420034746757561,-0.0021087803591999243
2017-08-28,2.427535638487896,0.003099497534233775
2017-08-29,2.43708084704094,0.003932057021823754
2017-08-30,2.465718405990771,0.011750762796647551
2017-08-31,2.4921393090612374,0.010715296201818214
2017-09-01,2.4887309175577186,-0.0013676568926649368
2017-09-05,2.4663994766858264,-0.008973023445140726
2017-09-06,2.473900920784933,0.003041455437375662
2017-09-07,2.479696650118159,0.0023427491717764592
2017-09-08,2.4582186189979787,-0.008661555887957917
2017-09-11,2.4865145378627393,0.011510741414974213
2017-09-12,2.492480949146308,0.0023995079026148947
2017-09-13,2.495889893018598,0.0013676910443218837
2017-09-14,2.4812303020117694,-0.0058734926760327655
2017-09-15,2.4897536283378447,0.0034351210039489377
2017-09-18,2.486490509821187,-0.001310619042590333
2017-09-19,2.4907614251611445,0.0017176479552558632
2017-09-20,2.483073556601713,-0.003086553566219008
2017-09-21,2.4678698823551195,-0.006122925438987292
2017-09-22,2.46547757320647,-0.0009693822051777268
2017-09-25,2.439510717266041,-0.010532180954563763
2017-09-26,2.4458314731164204,0.002590993269938613
2017-09-27,2.4678698823551195,0.00901060006829435
2017-09-28,2.4670159202346365,-0.00034603206862271474
2017-09-29,2.4847814808426785,0.007201234682892688
2017-10-02,2.4870028318565995,0.000893982441131147
2017-10-03,2.4922986674517675,0.0021294047305988606
2017-10-04,2.4946909766004164,0.0009598806033528362
2017-10-05,2.519120037881451,0.00979241978672829
2017-10-06,2.52253671491654,0.001356297827697972
2017-10-09,2.5196323599168635,-0.0011513628255643837
2017-10-10,2.5215117946613286,0.0007459162591987312
2017-10-11,2.5290278765328753,0.00298078394376744
2017-10-12,2.5244155972922333,-0.0018237360226195376
2017-10-13,2.534153306362087,0.0038574112282854234
2017-10-16,2.54286609517673,0.003438145905683365
2017-10-17,2.5461118140770913,0.0012764018154622914
2017-10-18,2.5430367771270728,-0.001207738377009604
2017-10-19,2.533640431957904,-0.003694930900600024
2017-10-20,2.540474338396853,0.0026972676756931158
2017-10-23,2.5239032752568216,-0.006522822486169422
2017-10-24,2.528174190596779,0.0016921866150052534
2017-10-25,2.518607439661653,-0.0037840552959951257
2017-10-26,2.510578483385922,-0.003187855379641613
2017-10-27,2.5836955376474537,0.029123588346428253
2017-10-30,2.589503142909263,0.0022477901042077253
2017-10-31,2.599240575794731,0.0037603479695058617
2017-11-01,2.598386613674248,-0.00032854293228390397
2017-11-02,2.593432970532921,-0.0019064303653881787
2017-11-03,2.6183746300337534,0.009617236992135236
2017-11-06,2.6272581007987386,0.003392742452928088
2017-11-07,2.6287953430893625,0.0005851127798051081
2017-11-08,2.639387014279699,0.0040290969086582695
2017-11-09,2.6255496241890013,-0.0052426529401842226
2017-11-10,2.6253786660542735,-6.511327500835495e-05
2017-11-13,2.6286249373234054,0.0012364963999691447
2017-11-14,2.6190579102038942,-0.00363955579347619
2017-11-15,2.606757210035049,-0.004696612518922061
2017-11-16,2.6400689135279114,0.012778982010531958
2017-11-17,2.629991497663687,-0.0038171033386995568
2017-11-20,2.6279408286001082,-0.0007797245981215895
2017-11-21,2.656470675639529,0.01085635061829704
2017-11-22,2.6597158421711184,0.001221608264434737
2017-11-24,2.669453827425358,0.003661287833774951
2017-11-27,2.668257120482262,-0.0004482965507031089
2017-11-28,2.6750913031055967,0.002561290878181799
2017-11-29,2.628454807741835,-0.017433608830330405
2017-11-30,2.6504910075054484,0.008383708823415326
2017-12-01,2.6392155037761995,-0.004254118839611132
2017-12-04,2.6088076029142417,-0.011521567988082015
2017-12-05,2.6105160795239786,0.0006548879295769083
2017-12-06,2.622303076735483,0.00451519808820855
2017-12-07,2.631186823684854,0.003387765139806209
2017-12-08,2.6428028627616307,0.00441475267822633
2017-12-11,2.663304029709706,0.007757357628503714
2017-12-12,2.659715842171118,-0.0013472692184448576
2017-12-13,2.6648409958159442,0.001926955339951908
2017-12-14,2.662962389624636,-0.0007049599560565722
2017-12-15,2.693198779983094,0.011354418851826198
2017-12-18,2.7157790629864724,0.008384187298466017
2017-12-19,2.6996880083087307,-0.005925023466396007
2017-12-20,2.6967775772525697,-0.0010780620009436248
2017-12-21,2.697120045890797,0.00012699179981168207
2017-12-22,2.6940381043311366,-0.0011426786747426032
2017-12-26,2.6794873299722606,-0.005401101912954731
2017-12-27,2.6798297986104878,0.00012781125493543932
2017-12-28,2.683081869751719,0.0012135364503065293
2017-12-29,2.666476835932251,-0.0061887913323364074
2018-01-02,2.713212481490467,0.01752711477873259
2018-01-03,2.739575385839943,0.009716490886476414
2018-01-04,2.744369118221968,0.0017498085312062095
2018-01-05,2.771930386620854,0.010042843076714991
2018-01-08,2.7827156630655434,0.0038908900803376056
2018-01-09,2.7828871735690424,6.163421788851764e-05
2018-01-10,2.776381374180266,-0.002337787694221438
2018-01-11,2.79538341228294,0.006844174319633689
2018-01-12,2.815926559257637,0.007348955025070936
2018-01-16,2.807881031918766,-0.0028571509837216347
2018-01-17,2.838181773239085,0.010791319495332408
2018-01-18,2.8386954761964254,0.0001809972011603822
2018-01-19,2.8475974513152504,0.003135938741394284
2018-01-22,2.878069979323454,0.010701136143428158
2018-01-23,2.901864368886225,0.008267481240454178
2018-01-24,2.88303384128705,-0.006489113619876807
2018-01-25,2.8820067115567536,-0.0003562669697411147
2018-01-26,2.926173842328265,0.01532513112977929
2018-01-29,2.9119660889763876,-0.004855403033940275
2018-01-30,2.8879979794350317,-0.008230902699069897
2018-01-31,2.8999813437447455,0.004149367276239602
2018-02-01,2.875329954033249,-0.008500533896422913
2018-02-02,2.8179808187182283,-0.01994523627960565
2018-02-05,2.7068779164208023,-0.03942642247932748
2018-02-06,2.7786065917755853,0.02649867395927008
2018-02-07,2.7426559464776727,-0.012938371845918395
2018-02-08,2.6269310984861067,-0.04219444591298038
2018-02-09,2.6722971456758,0.01726959919726756
2018-02-12,2.7197166237729276,0.0177448373111726
2018-02-13,2.7337550760963905,0.005161733469124519
2018-02-14,2.7849414330296334,0.018723826937098398
2018-02-15,2.83664066436706,0.018563848677128236
2018-02-16,2.8239726389652775,-0.004465854826419924
2018-02-20,2.829620885836557,0.0020001067975463638
2018-02-21,2.821575910866457,-0.002843128212110746
2018-02-22,2.821233166043844,-0.00012147283413255217
2018-02-23,2.878925598550249,0.02044936703594269
2018-02-26,2.917100632890325,0.013260167042628668
2018-02-27,2.880978753273299,-0.012382802022580797
2018-02-28,2.8624909704967374,-0.006417188171053412
2018-03-01,2.815755324938521,-0.01632691457891522
2018-03-02,2.8416056310681985,0.009180593889222877
2018-03-05,2.8731033555159993,0.011084481288826886
2018-03-06,2.885259058882369,0.004230861845966105
2018-03-07,2.8919358164058733,0.0023140929071687744
2018-03-08,2.9078559129488872,0.005504996498435277
2018-03-09,2.9643497052214967,0.019427988856338674
2018-03-12,2.9800985674453973,0.005312754495921945
2018-03-13,2.9395268050065013,-0.013614235073330039
2018-03-14,2.9390136544179315,-0.00017456911353752602
2018-03-15,2.936444863446841,-0.0008740316559023853
2018-03-16,2.9277146750159013,-0.0029730469451730857
2018-03-19,2.8652495001407816,-0.021335813700759765
2018-03-20,2.8746787112518453,0.0032908865739615933
2018-03-21,2.862162311077794,-0.0043540170680851364
2018-03-22,2.791516554699212,-0.024682652030303287
2018-03-23,2.7179559483142985,-0.02635148491635564
2018-03-26,2.818951606833848,0.037158681170748054
2018-03-27,2.72773011372306,-0.03236007772877114
2018-03-28,2.696351700929868,-0.011503488792871774
2018-03-29,2.7457342976403183,0.018314597718621206
2018-04-02,2.666516330299398,-0.028851286670017573
2018-04-03,2.6965229352489812,0.011253111263044069
2018-04-04,2.739047321294544,0.015770081347977305
2018-04-05,2.75465173908474,0.005697023804182022
2018-04-06,2.6857210877411513,-0.025023363340474947
2018-04-09,2.704581719438364,0.007022557846122268
2018-04-10,2.76425328925246,0.02206314173656665
2018-04-11,2.748305850455265,-0.005769166978727758
2018-04-12,2.7814004730209927,0.012041826625754037
2018-04-13,2.7669966287552916,-0.005178630120119432
2018-04-16,2.788087725551152,0.007622378927634621
2018-04-17,2.848101211634704,0.021524963340846304
2018-04-18,2.8539320163849102,0.0020472603734680295
2018-04-19,2.827696985405998,-0.009192591424144747
2018-04-20,2.782943515183715,-0.015826826726222598
2018-04-23,2.7759124130934,-0.002526498310854608
2018-04-24,2.717099500534343,-0.021186876171470193
2018-04-25,2.720356819178902,0.0011988219952629997
2018-04-26,2.77762834668155,0.021052946840971698
2018-04-27,2.7793431755321576,0.0006173715978439187
2018-04-30,2.7596236103955203,-0.0070950450848379365
2018-05-01,2.791174086060983,0.011432890900995307
2018-05-02,2.7747129443064473,-0.005897568996768077
2018-05-03,2.7743701994838346,-0.00012352442558649646
2018-05-04,2.82701039102323,0.018973744581450847
2018-05-07,2.8505018063149237,0.00830963174606203
2018-05-08,2.847586956308592,-0.0010225743410771093
2018-05-09,2.8786231766479426,0.010899129970585175
2018-05-10,2.908458547278412,0.010364458562169832
2018-05-11,2.9057152077755797,-0.0009432279876910865
2018-05-14,2.910687355270746,0.0017111613284952476
2018-05-15,2.8784505614069,-0.011075319994595323
2018-05-16,2.8974846368983114,0.006612611571868765
2018-05-17,2.886339216014712,-0.003846584979836254
2018-05-18,2.871420840238513,-0.005168614864609511
2018-05-21,2.8875395133548216,0.005613483363507754
2018-05-22,2.8837660060934507,-0.0013068244586501576
2018-05-23,2.9081155262714127,0.008443653239032178
2018-05-24,2.9072585261226873,-0.0002946926079735457
2018-05-25,2.910173099944633,0.0010025162178586289
2018-05-29,2.897312297841655,-0.004419256745663347
2018-05-30,2.918060373630517,0.007161145798579627
2018-05-31,2.91617403427641,-0.0006464360268735314
2018-06-01,2.9619571198884596,0.01569970964487033
2018-06-04,2.988705853824712,0.009030763395136532
2018-06-05,2.997964935354205,0.0030980236872903966
2018-06-06,3.0154548639453504,0.005833933674437519
2018-06-07,2.9909352141858174,-0.00813132706866393
2018-06-08,2.9911072770580884,5.752811744463848e-05
2018-06-11,2.9991657850630857,0.0026941554610249163
2018-06-12,3.0149408848036243,0.005259829189538046
2018-06-13,3.014769374300125,-5.688685451965547e-05
2018-06-14,3.0452913393133634,0.010124145904302884
2018-06-15,3.0346593452027193,-0.0034912896422716333
2018-06-18,3.0329064029068897,-0.0005776405508580718
2018-06-19,3.024315687590712,-0.0028325026146353016
2018-06-20,3.0457950996328207,0.007102238741227396
2018-06-21,3.0193319403513477,-0.00868842401271952
2018-06-22,3.0126303262331335,-0.0022195685173437285
2018-06-25,2.9447546992427935,-0.02253035375741197
2018-06-26,2.9567844625292996,0.0040851495337113075
2018-06-27,2.9165736730824707,-0.01359949971207286
2018-06-28,2.941661710307707,0.00860188702132847
2018-06-29,2.9495658312411166,0.002686957819015401
2018-07-02,2.9693271002199895,0.006699721284253446
2018-07-03,2.9349603723738786,-0.011573911086981581
2018-07-05,2.971389369027767,0.01241209148743061
2018-07-06,3.017612968734956,0.015556224367294424
2018-07-09,3.0447635509523545,0.008997370603421206
2018-07-10,3.046998711185559,0.0007340997735294508
2018-07-11,3.0315332141413536,-0.005075649355357981
2018-07-12,3.0837712812152174,0.017231566796031217
2018-07-13,3.0863478053491065,0.0008355107752588964
2018-07-16,3.078959873032509,-0.0023937458713476634
2018-07-17,3.0976890409621443,0.0060829529133124005
2018-07-18,3.0918466364677406,-0.0018860526079754747
2018-07-19,3.0763819679766917,-0.005001757949002372
2018-07-20,3.0756945450407662,-0.00022345175049176547
2018-07-23,3.085488595725296,0.003184337892175204
2018-07-24,3.0982046772101843,0.004121253762696009
2018-07-25,3.1415073508545572,0.013976698816220656
2018-07-26,3.093908629091131,-0.015151555112700388
2018-07-27,3.0521523118221086,-0.013496299430564851
2018-07-30,3.009021977234392,-0.01413112131418115
2018-07-31,3.0320480218362365,0.007652335136152155
2018-08-01,3.0435607679527736,0.00379701971526325
2018-08-02,3.084973788030412,0.013606766296141437
2018-08-03,3.0944250938923283,0.003063658400790148
2018-08-06,3.1126397303114652,0.0058862747898109635
2018-08-07,3.123980137371346,0.0036433407147784536
2018-08-08,3.1277602730579726,0.0012100383230373435
2018-08-09,3.125871171860009,-0.0006039788964122828
2018-08-10,3.1019853652655818,-0.00764132789906824
2018-08-13,3.098548526770339,-0.0011079480044382528
2018-08-14,3.117966222373442,0.006266706954995538
2018-08-15,3.0798185302875467,-0.012234799662729001
2018-08-16,3.089956706716618,0.0032918096729954716
2018-08-17,3.090644405836929,0.00022255946784510705
2018-08-20,3.0878944379088407,-0.0008897717003272243
2018-08-21,3.0992362258906496,0.0036729843619556224
2018-08-22,3.1112643320708417,0.003880990445229937
2018-08-23,3.1067964972639035,-0.001436019036018199
2018-08-24,3.1356649463601527,0.009292030914053395
2018-08-27,3.167626660575874,0.010192962182653531
2018-08-28,3.172265729701926,0.0014645252181355595
2018-08-29,3.2088667892280847,0.011537828998202437
2018-08-30,3.2031964476059516,-0.0017670853901345929
2018-08-31,3.2073207090371194,0.001287545580993088
2018-09-04,3.1935733550561496,-0.0042862423898659685
2018-09-05,3.152332950219553,-0.012913561159102027
2018-09-06,3.1241522002436155,-0.008939648958710023
2018-09-07,3.112123265510267,-0.0038503036863603013
2018-09-10,3.1226058438682656,0.003368304358047247
2018-09-11,3.146662884781806,0.0077041554766767995
2018-09-12,3.1373830894233885,-0.002949091052396269
2018-09-13,3.1708914361988465,0.010680349138241896
2018-09-14,3.1616119170248145,-0.0029264701617018885
2018-09-17,3.1160754640691652,-0.014402922986987199
2018-09-18,3.1418512004147123,0.008271858831007783
2018-09-19,3.1394450820467794,-0.000765828237701105
2018-09-20,3.174156488006203,0.011056541857643598
2018-09-21,3.156800785026491,-0.005467815794618747
2018-09-24,3.165579858093694,0.0027810031943873437
2018-09-25,3.169883639375546,0.0013595554289518308
2018-09-26,3.172122113821378,0.0007061692795364838
2018-09-27,3.1989757978241844,0.008465526558955938
2018-09-28,3.1982875463351017,-0.00021514745111572697
2018-10-01,3.2048300782471717,0.0020456359277536418
2018-10-02,3.197599294846019,-0.0022562142842553756
2018-10-03,3.2010427617665176,0.0010768913184491247
2018-10-04,3.139585936083469,-0.019199001780636382
2018-10-05,3.101197687397658,-0.012227169272422955
2018-10-08,3.0822616573631585,-0.006106037712929391
2018-10-09,3.092247103826956,0.003239649184209714
2018-10-10,2.956251150480575,-0.043979652589236085
2018-10-11,2.919584359070628,-0.012403138144736703
2018-10-12,3.0008369767807577,0.027830200370026148
2018-10-15,2.9645151396685088,-0.012103902142399758
2018-10-16,3.050758961596417,0.02909204975001467
2018-10-17,3.051963401702311,0.0003948001533573553
2018-10-18,2.9812124190727904,-0.02318212026725408
2018-10-19,2.9784583083789173,-0.0009238223604105533
2018-10-22,2.9937793609894188,0.005143954027290176
2018-10-23,2.9827615372919976,-0.003680239045331657
2018-10-24,2.8462505000663474,-0.045766661370317374
2018-10-25,2.944718519088271,0.03459569669627749
2018-10-26,2.868973846581502,-0.025722211483296897
2018-10-29,2.8099283867697133,-0.02058068946224223
2018-10-30,2.856235394161374,0.016479782050565106
2018-10-31,2.9233725041044396,0.023505454095382072
2018-11-01,2.961933091846907,0.013190446201545747
2018-11-02,2.915797594958746,-0.015576144179338502
2018-11-05,2.90856764011075,-0.00247958049642949
2018-11-06,2.9306021827680495,0.007575736714330095
2018-11-07,3.0225276698779027,0.03136743965126865
2018-11-08,3.003247237914476,-0.006378909994959714
2018-11-09,2.9526364492409636,-0.01685202204952596
2018-11-12,2.8632938385058697,-0.030258588306075085
2018-11-13,2.86570327108643,0.0008414898073534349
2018-11-14,2.8438410674857866,-0.007628913928815484
2018-11-15,2.8935907132447887,0.017493820708829322
2018-11-16,2.8834334800931063,-0.00351025219468315
2018-11-19,2.789786259523004,-0.03247767677549418
2018-11-20,2.7398659318136596,-0.01789396142408406
2018-11-21,2.760694929627522,0.00760219599507006
2018-11-23,2.74072514143747,-0.007233609181419465
2018-11-26,2.8040743825311107,0.023114043847685783
2018-11-27,2.813543916562482,0.0033770623526838683
2018-11-28,2.9040909674034703,0.03218256175351142
2018-11-29,2.8946230904784134,-0.0032601860724501552
2018-11-30,2.9156249797177036,0.007255483212434077
2018-12-03,2.9665801703201433,0.017476592825519388
2018-12-04,2.8527924796096467,-0.03835651968853315
2018-12-06,2.872934054487583,0.00706030144915859
2018-12-07,2.7780807367052724,-0.03301618344985957
2018-12-10,2.807173723707068,0.010472333153391133
2018-12-11,2.8164695377598545,0.0033114495103319097
2018-12-12,2.8412584672954133,0.00880141936677048
2018-12-13,2.8421193340255377,0.0003029878274130038
2018-12-14,2.772917469615224,-0.02434868359742559
2018-12-17,2.710083588585239,-0.02265984535006893
2018-12-18,2.727126098471604,0.006288555068244994
2018-12-19,2.660160775216423,-0.02455527204727026
2018-12-20,2.6216010160271126,-0.01449527395056538
2018-12-21,2.5403483983169823,-0.030993510154059933
2018-12-24,2.4773532256057673,-0.024797847709767007
2018-12-26,2.63203774777709,0.06243942953815118
2018-12-27,2.642221770814182,0.003869254172244707
2018-12-28,2.6408414012546175,-0.0005224275928735755
2018-12-31,2.6631107006397348,0.00843265308342156
2019-01-02,2.6738150550594235,0.004019492849890671
2019-01-03,2.5864598671635908,-0.03267061711337815
2019-01-04,2.697120874443949,0.04278473781296799
2019-01-07,2.7292317282279304,0.011905604264251357
2019-01-08,2.7539192980939493,0.009045611484975735
2019-01-09,2.7763617650888794,0.008149282736957142
2019-01-10,2.784303723283125,0.0028605631636737794
2019-01-11,2.774117214586562,-0.00365854795630971
2019-01-14,2.7496028123303566,-0.008836830011113572
2019-01-15,2.8032930569040584,0.01952654555520983
2019-01-16,2.802775487365318,-0.00018462912304717527
2019-01-17,2.8248730000625497,0.007884153688672457
2019-01-18,2.852839983323981,0.00990026215720552
2019-01-22,2.795696881560668,-0.02003025129251479
2019-01-23,2.799322906360093,0.0012970021261391462
2019-01-24,2.8174497161445875,0.006475426519502392
2019-01-25,2.8511132785447897,0.011948238936547062
2019-01-28,2.8158950742376665,-0.012352439509207613
2019-01-29,2.789308736720186,-0.009441522789935042
2019-01-30,2.8602640957951007,0.025438331060601005
2019-01-31,2.9030781992612282,0.01496858403007928
2019-02-01,2.8908205838565473,-0.004222282199563332
2019-02-04,2.9267289729434527,0.012421521172026884
2019-02-05,2.9526245733123795,0.00884796665776788
2019-02-06,2.943819815097309,-0.0029820107488953695
2019-02-07,2.904286505948522,-0.013429255739784596
2019-02-08,2.909982808902908,0.001961343325707965
2019-02-11,2.9072209650462364,-0.0009490928428244061
2019-02-12,2.9502076837534066,0.014786189018310969
2019-02-13,2.952279066645911,0.0007021142626368881
2019-02-14,2.9559050914453353,0.0012282120753388526
2019-02-15,2.9683344935379012,0.004204939505174865
2019-02-19,2.9742039641021005,0.0019773615732920913
2019-02-20,2.973686670747746,-0.00017392665755211478
2019-02-21,2.962811358193329,-0.0036571817271126017
2019-02-22,2.984735979465133,0.007399938308989551
2019-02-25,2.99561129201955,0.003643643065664337
2019-02-26,2.9987191949114633,0.0010374853707464382
2019-02-27,2.9968204272600016,-0.0006331928827093547
2019-02-28,2.989914436696394,-0.002304439231923583
2019-03-01,3.0106307512809045,0.006928731581830938
2019-03-04,3.011148873188416,0.00017209746073687526
2019-03-05,3.0133931475063482,0.0007453216072825786
2019-03-06,2.996301476799334,-0.005671902028833498
2019-03-07,2.9595305638759903,-0.01227210052395089
2019-03-08,2.955042015240127,-0.0015166420954222382
2019-03-11,3.0165010503982614,0.020798024136770232
2019-03-12,3.0330740468289927,0.00549411260060495
2019-03-13,3.0558620204903924,0.00751316100746835
2019-03-14,3.050683839443518,-0.0016945074784636693
2019-03-15,3.0789957770026475,0.009280521695848254
2019-03-18,3.086329024810883,0.002381701158217897
2019-03-19,3.0967055483647847,0.0033620924634041316
2019-03-20,3.1089852585203195,0.00396541097102987
2019-03-21,3.157585424866175,0.01563216364975184
2019-03-22,3.088232211412516,-0.02196400227449069
2019-03-25,3.082351141104119,-0.0019043484769907248
2019-03-26,3.096705548364786,0.004656966907256699
2019-03-27,3.0768161298309633,-0.0064227671062639935
2019-03-28,3.08390771630174,0.002304845714380166
2019-03-29,3.107256068081659,0.007571028035793015
2019-04-01,3.1484185889214973,0.013247225184518152
2019-04-02,3.1603527924105626,0.003790539012524796
2019-04-03,3.1785127443213375,0.0057461787033350475
2019-04-04,3.177301675790187,-0.00038101735892492883
2019-04-05,3.193732161077914,0.005171207195376226
2019-04-08,3.201861096101256,0.0025452776292294033
2019-04-09,3.190618182129516,-0.003511368430513695
2019-04-10,3.2077413378564965,0.005366720412641746
2019-04-11,3.2001313532938225,-0.0023723809874767188
2019-04-12,3.2139676386469773,0.004323661695609271
2019-04-15,3.2144876938451885,0.00016181096286027596
2019-04-16,3.2255555069164155,0.0034431032641433212
2019-04-17,3.2367967637818413,0.003485060741110102
2019-04-18,3.240948091282805,0.0012825419091537782
2019-04-22,3.2501138224899417,0.002828101823596052
2019-04-23,3.2914503394927497,0.012718482877974946
2019-04-24,3.281072711201305,-0.0031529044102315273
2019-04-25,3.294390046093791,0.004058835650615711
2019-04-26,3.297331133616761,0.00089275631659258
2019-04-29,3.303730049648284,0.001940634947544373
2019-04-30,3.278132452231492,-0.0077480898960001765
2019-05-01,3.2675830372521624,-0.003218117368060769
2019-05-02,3.253401245232538,-0.004340147398840255
2019-05-03,3.305286072477134,0.015947872190873014
2019-05-06,3.2850505949080704,-0.006122156184169003
2019-05-07,3.2210586727489825,-0.01947973716395035
2019-05-08,3.21292973772564,-0.0025236842445980345
2019-05-09,3.1956353476795463,-0.0053827476657911655
2019-05-10,3.1996129552019252,0.0012447000641881978
2019-05-13,3.0885771657102166,-0.03470288158171975
2019-05-14,3.122475761022622,0.010975473007037717
2019-05-15,3.1665788170166587,0.014124386983101145
2019-05-16,3.198401334302004,0.010049494777877088
2019-05-17,3.1657146360739064,-0.010219698784371234
2019-05-20,3.112271300340991,-0.016881918263863316
2019-05-21,3.144786764249975,0.010447503052006368
2019-05-22,3.130777863655778,-0.004454642442994983
2019-05-23,3.0828692630116334,-0.015302459238740851
2019-05-24,3.08131351636717,-0.0005046424326614618
2019-05-28,3.069726200466503,-0.0037605118204032673
2019-05-29,3.0444752144537235,-0.008225810500279263
2019-05-30,3.0572735988855406,0.004203806413353828
2019-05-31,3.0085010934830287,-0.015952941019178213
2019-06-03,2.9422596495026814,-0.02201808871661659
2019-06-04,3.025104470196183,0.02815686940053186
2019-06-05,3.047587260111421,0.007432070573675009
2019-06-06,3.071801449940406,0.007945363909973802
2019-06-07,3.131123094137862,0.0193116792098027
2019-06-10,3.1676158893848396,0.011654858065241802
2019-06-11,3.171939832126845,0.0013650464238721405
2019-06-12,3.1536075411594138,-0.005779520400025717
2019-06-13,3.172286443530857,0.005923026923184027
2019-06-14,3.1587959410285573,-0.004252611717901589
2019-06-17,3.1778200738820845,0.006022590002231265
2019-06-18,3.22399865553441,0.014531528084883893
2019-06-19,3.236106026633288,0.003755389624029215
2019-06-20,3.2661985249268137,0.009298984040035485
2019-06-21,3.261356184092911,-0.0014825616988518586
2019-06-24,3.2614600294219214,3.1841149248590384e-05
2019-06-25,3.205473035497011,-0.017166236415545932
2019-06-26,3.2203803638977835,0.004650586118083222
2019-06-27,3.2326871401231134,0.0038215287744565174
2019-06-28,3.236846476971261,0.0012866499812256293
2019-07-01,3.2805275232239985,0.0134949391525081
2019-07-02,3.2935266937041967,0.003962524437966852
2019-07-03,3.3183147946865983,0.00752630942077559
2019-07-05,3.3115543532942366,-0.0020373116508375366
2019-07-08,3.2883269702752402,-0.007014042513265872
2019-07-09,3.304794188086261,0.005007779931824219
2019-07-10,3.3377277951551454,0.009965403348749957
2019-07-11,3.3353009629582875,-0.0007270911068243402
2019-07-12,3.354541348185792,0.005768710362629159
2019-07-15,3.3652879588164883,0.0032036005865625494
2019-07-16,3.3479543505876297,-0.005150705806154732
2019-07-17,3.3314876851453805,-0.00491842591562186
2019-07-18,3.3353009629582875,0.0011446171120217397
2019-07-19,3.3108608543018265,-0.007327707132847028
2019-07-22,3.3372071875881626,0.007957547733274284
2019-07-23,3.3590478488067244,0.006544592526287252
2019-07-24,3.3826210146765763,0.007017811871368851
2019-07-25,3.3505549027630726,-0.0094796643710231
2019-07-26,3.385048123057819,0.010294778416047201
2019-07-29,3.3734345696405135,-0.003430838497744726
2019-07-30,3.3588741288281394,-0.004316206676546197
2019-07-31,3.312420743712075,-0.013830046418640718
2019-08-01,3.29595380208544,-0.004971271133926369
2019-08-02,3.2474201961765305,-0.014725208186535
2019-08-05,3.1326724885414547,-0.0353350354137042
2019-08-06,3.176526702404005,0.013998978196079648
2019-08-07,3.1936860382855077,0.0054019177199160495
2019-08-08,3.2631939149951408,0.021764154608931996
2019-08-09,3.232513143960144,-0.009402067984379148
2019-08-12,3.1954207524118834,-0.011474784446759867
2019-08-13,3.265447027213414,0.021914570952409118
2019-08-14,3.1678594840129977,-0.029884895509602938
2019-08-15,3.1642196499942896,-0.0011489884690519814
2019-08-16,3.2150074728590154,0.01605066287506851
2019-08-19,3.2661402500214387,0.015904403829255287
2019-08-20,3.2408337509471394,-0.007748136067988187
2019-08-21,3.2696071926147185,0.008878407187400406
2019-08-22,3.259033749593836,-0.0032338572794816667
2019-08-23,3.155899871560451,-0.03164553851160279
2019-08-26,3.2035665346827513,0.01510398461999718
2019-08-27,3.196806921843547,-0.002110027298020123
2019-08-28,3.2082467552822673,0.0035785187277195263
2019-08-29,3.2572998640206174,0.015289693243696334
2019-08-30,3.249500416969376,-0.002394451655308827
2019-09-03,3.217953531700927,-0.009708226256475161
2019-09-04,3.2644066406326058,0.014435605882451963
2019-09-05,3.3242080171079653,0.01831921787285995
2019-09-06,3.3209136897557268,-0.0009910111928267407
2019-09-09,3.3139806331223234,-0.002087695520299193
2019-09-10,3.3044481290510204,-0.0028764513515946444
2019-09-11,3.335474406752487,0.009389246400540951
2019-09-12,3.3493405200192936,0.004157163742205761
2019-09-13,3.3373814599355187,-0.003570571583359383
2019-09-16,3.3224741315347464,-0.0044667739003561024
2019-09-17,3.3384212941475555,0.004799785335105833
2019-09-18,3.3370337437939637,-0.00041563069227490423
2019-09-19,3.342580907180089,0.0016623036540885927
2019-09-20,3.3072207440987333,-0.01057870072954703
2019-09-23,3.3086801023925987,0.00044126425382073897
2019-09-24,3.2647372333422493,-0.013281087228279698
2019-09-25,3.301384968029586,0.011225324449716467
2019-09-26,3.2892270551881304,-0.0036826704426148327
2019-09-27,3.248411698121076,-0.012408798900846896
2019-09-30,3.2793266735151185,0.009516951133972329
2019-10-01,3.252578768132022,-0.008156523593431775
2019-10-02,3.1966536395095013,-0.01719408893966279
2019-10-03,3.231737894389576,0.010975306941748642
2019-10-04,3.279326673515118,0.01472544515697205
2019-10-07,3.269426844210878,-0.0030188603606327025
2019-10-08,3.220448581441044,-0.014980687779131308
2019-10-09,3.251884716770841,0.009761415074582613
2019-10-10,3.2770688661622893,0.0077444779212396675
2019-10-11,3.3192750877955635,0.01287925989870975
2019-10-14,3.3189273716540084,-0.00010475665088249819
2019-10-15,3.361132212365354,0.012716409847291388
2019-10-16,3.3527950343152186,-0.002480467153140764
2019-10-17,3.361653372301108,0.0026420756101181997
2019-10-18,3.329348084709617,-0.009609940113896265
2019-10-21,3.3588746811969106,0.008868581997447889
2019-10-22,3.3321267758138147,-0.00796335318278818
2019-10-23,3.3385535864682905,0.0019287413375519424
2019-10-24,3.371032041669595,0.009728301301780817
2019-10-25,3.3979533908468897,0.007986085223907091
2019-10-28,3.4314738897353165,0.009864908382416715
2019-10-29,3.4048994281464195,-0.007744328659585631
2019-10-30,3.421400064268106,0.004846144936113239
2019-10-31,3.422963820259754,0.00045705148835972764
2019-11-01,3.4540533441855383,0.0090826329340008
2019-11-04,3.475416758785667,0.006185027407318744
2019-11-05,3.477326021443784,0.0005493622177228374
2019-11-06,3.469510555698174,-0.002247550473385096
2019-11-07,3.4811478609726465,0.00335416338634853
2019-11-08,3.495041868862406,0.003991214520223663
2019-11-11,3.490352257993777,-0.0013417896107079663
2019-11-12,3.5004260834609884,0.0028861916284064204
2019-11-13,3.501294683353912,0.00024814118973326416
2019-11-14,3.498515992249714,-0.0007936181771297512
2019-11-15,3.524221853945688,0.0073476473318745406
2019-11-18,3.5270002688654998,0.0007883768488357035
2019-11-19,3.532210487301111,0.0014772378901142247
2019-11-20,3.5110210688639527,-0.0059989115918595015
2019-11-21,3.5032056031183423,-0.002225980873461153
2019-11-22,3.5054645152087147,0.0006448128789133811
2019-11-25,3.5469733712681797,0.011841185634421825
2019-11-26,3.5537473456954394,0.0019097900430071757
2019-11-27,3.578584331314104,0.006988956502141042
2019-11-29,3.562258519908545,-0.004562086538719035
2019-12-02,3.525784781384179,-0.010238936427697132
2019-12-03,3.4981693808457024,-0.00783241242752064
2019-12-04,3.515883847342396,0.00506392474695172
2019-12-05,3.5228318179326252,0.001976166134009638
2019-12-06,3.5605218724914693,0.010698794750003904
2019-12-09,3.544369228695724,-0.004536594458396825
2019-12-10,3.5414154366910133,-0.0008333759307005417
2019-12-11,3.5601738801655287,0.005296877423689894
2019-12-12,3.586747237016883,0.007464061516601728
2019-12-13,3.59855826226994,0.0032929628079620965
2019-12-16,3.634685113205908,0.010039256919847528
2019-12-17,3.636769200580152,0.0005733887006256211
2019-12-18,3.639547339315578,0.0007639029540238429
2019-12-19,3.6622996851912273,0.006251421881471542
2019-12-20,3.6770628453426815,0.004031117445453702
2019-12-23,3.686776250186596,0.0026416205684973715
2019-12-24,3.688690760348041,0.0005192911181817195
2019-12-26,3.7212399187520764,0.008824040972457148
2019-12-27,3.7181063307122963,-0.0008420817007764869
2019-12-30,3.6937383061804945,-0.006553880487633501
2019-12-31,3.700700638358779,0.00188490131166974
2020-01-02,3.7624919233328713,0.01669718548255661
2020-01-03,3.7280279785830053,-0.009159872088001064
2020-01-06,3.7520480107888665,0.006443093330804617
2020-01-07,3.7515260222999554,-0.00013912095138712832
2020-01-08,3.7797238957078036,0.007516374200854159
2020-01-09,3.8117516179916993,0.00847356134141597
2020-01-10,3.80200341391519,-0.0025574079985949405
2020-01-13,3.8458670180468535,0.011536971263919504
2020-01-14,3.8307229996275645,-0.0039377384470719035
2020-01-15,3.832290346016226,0.00040915158543541885
2020-01-16,3.869017069437863,0.009583491882293238
2020-01-17,3.8881635519742406,0.004948668406665746
2020-01-21,3.8864230379757663,-0.00044764423492182903
2020-01-22,3.8966926781724145,0.002642440129728474
2020-01-23,3.909225649409606,0.0032163098997761708
2020-01-24,3.876327670126473,-0.00841547207388793
2020-01-27,3.796260435799626,-0.020655435025242475
2020-01-28,3.85456931185484,0.015359556342696479
2020-01-29,3.860836764118785,0.0016259799103026662
2020-01-30,3.8745874323123832,0.0035615772004120583
2020-01-31,3.813144139664232,-0.01585802197564068
2020-02-03,3.870757859620722,0.01510924262138258
2020-02-04,3.9593544963301284,0.02288870549967381
2020-02-05,3.9724086275030737,0.003297035207391774
2020-02-06,4.006699404643126,0.008632238109302248
2020-02-07,3.9894666037150364,-0.004300996702702453
2020-02-10,4.037681492842887,0.012085547747899827
2020-02-11,4.0383783060479255,0.00017257755627175797
2020-02-12,4.077715524282889,0.009740845273473075
2020-02-13,4.072493982287464,-0.0012805066867292991
2020-02-14,4.084155867972261,0.0028635734602722174
2020-02-18,4.085722385807765,0.0003835597577919181
2020-02-19,4.124886436432916,0.00958558779255081
2020-02-20,4.086592918991388,-0.009283532536387251
2020-02-21,4.008091650131274,-0.01920946627575737
2020-02-24,3.85352643961456,-0.038563292461551435
2020-02-25,3.7487409789548853,-0.02719209594164751
2020-02-26,3.7680611814698484,0.005153784330105715
2020-02-27,3.5793800185292084,-0.0500738055604073
2020-02-28,3.5821653380586618,0.0007781569755194173
2020-03-02,3.7670177568607977,0.05160354181259419
2020-03-03,3.646218849335754,-0.032067517416140445
2020-03-04,3.7983486659396553,0.04172262359721368
2020-03-05,3.6829466774949338,-0.03038214724191801
2020-03-06,3.6208074001949013,-0.016872163172967358
2020-03-09,3.3692893181960333,-0.06946463984395557
2020-03-10,3.552748939141249,0.0544505394518755
2020-03-11,3.3980094562771783,-0.043554860057596234
2020-03-12,3.0864414318558504,-0.09169133530389828
2020-03-13,3.3478800569878833,0.08470551957787587
2020-03-16,2.94684458648914,-0.11978788477253821
2020-03-17,3.1703379626899726,0.07584158907650496
2020-03-18,3.0739090129874302,-0.03041598430115766
2020-03-19,3.092359234687541,0.006002201633866777
2020-03-20,2.9712126110209423,-0.03917611586250258
2020-03-23,2.9733588398819624,0.0007223410580108336
2020-03-24,3.2036082385249856,0.07743747426468173
2020-03-25,3.1798845521649453,-0.007405301957571164
2020-03-26,3.3473395641451336,0.052660720612067724
2020-03-27,3.232214312454851,-0.03439306036454781
2020-03-30,3.349781310298817,0.03637351563939917
2020-03-31,3.3211746840001806,-0.008539848918102777
2020-04-01,3.1800599292498437,-0.04248941057817879
2020-04-02,3.2445992488613244,0.02029500105260751
2020-04-03,3.1985490929483342,-0.014192864012143036
2020-04-06,3.4272286595432253,0.07149478089895456
2020-04-07,3.425833099842449,-0.00040719772136899035
2020-04-08,3.498571229126845,0.02123224546103586
2020-04-09,3.5036295461503397,0.0014458236497751908
2020-04-13,3.5414817209435707,0.010803703500794404
2020-04-14,3.6955045053268347,0.04349105728046143
2020-04-15,3.6531176591053343,-0.011469840223548022
2020-04-16,3.719750180175786,0.018239905551459934
2020-04-17,3.7553346049783043,0.009566348028468008
2020-04-20,3.7108545572978318,-0.01184449652542463
2020-04-21,3.573925653096667,-0.03689956102749381
2020-04-22,3.679980181008482,0.02967451989940617
2020-04-23,3.672130744583435,-0.0021330105160772828
2020-04-24,3.7300430198608314,0.015770755265950065
2020-04-27,3.7600438249383155,0.008043018516875833
2020-04-28,3.689225177134306,-0.01883452722925949
2020-04-29,3.8200484731215263,0.03546091379785077
2020-04-30,3.8184786410733937,-0.00041094558332910314
2020-05-01,3.7108545572978318,-0.02818506894811601
2020-05-04,3.754113317624884,0.011657358071870183
2020-05-05,3.796675540931283,0.011337490295398656
2020-05-06,3.820048473121526,0.006156157390396766
2020-05-07,3.8692382931307803,0.012876752835824457
2020-05-08,3.922264590441338,0.01370458299368571
2020-05-11,3.957326474386173,0.008939193962151926
2020-05-12,3.8744717110547873,-0.02093705532451362
2020-05-13,3.825978980434956,-0.012515959396856569
2020-05-14,3.8694117369249783,0.011352063540371216
2020-05-15,3.8945315353545658,0.006491890793082211
2020-05-18,3.967094287554063,0.018631959079230098
2020-05-19,3.957151649670044,-0.0025062771800539174
2020-05-20,4.0361685547781985,0.019968126598014724
2020-05-21,3.9922127050617227,-0.010890489116079927
2020-05-22,4.00599209643143,0.0034515674358324144
2020-05-26,3.995178096810631,-0.0026994560549512547
2020-05-27,4.016982025505898,0.005457561131673616
2020-05-28,4.0117486075818904,-0.00130282333622056
2020-05-29,4.070531692227295,0.014652733856331146
2020-06-01,4.082741803917641,0.0029996355792196727
2020-06-02,4.110128799969171,0.006707991189952356
2020-06-03,4.128618239852047,0.004498506198397978
2020-06-04,4.0996619641211565,-0.00701355127761305
2020-06-05,4.18094689540441,0.019827227706730843
2020-06-08,4.213391103741892,0.007760014453458863
2020-06-09,4.24391693533653,0.007244955629095884
2020-06-10,4.2948505835568875,0.012001565769646394
2020-06-11,4.082044714528219,-0.04954907391735808
2020-06-12,4.1144891990500865,0.007948096307322627
2020-06-15,4.164550380796122,0.01216704658201384
2020-06-16,4.236068051280255,0.01717296321204831
2020-06-17,4.249498897955251,0.003170592755453061
2020-06-18,4.261011091703017,0.0027090708867592017
2020-06-19,4.260313449944822,-0.00016372681112086784
2020-06-22,4.311406732740094,0.011992845924502227
2020-06-23,4.348100590219837,0.008510878178367154
2020-06-24,4.258461357454537,-0.020615721946940502
2020-06-25,4.299000530135923,0.009519676070424365
2020-06-26,4.197478464177292,-0.02361527179328382
2020-06-29,4.243259340314257,0.010906756646323235
2020-06-30,4.326433372795473,0.019601449218764166
2020-07-01,4.376930925870862,0.011671866575576173
2020-07-02,4.406636489840069,0.006786847787253025
2020-07-06,4.514971472224338,0.024584506263234163
2020-07-07,4.483869520001199,-0.006888626520560659
2020-07-08,4.542929617585428,0.013171680692486643
2020-07-09,4.5811966213259305,0.008423419898994977
2020-07-10,4.612473398265197,0.006827206846715672
2020-07-13,4.517593566781862,-0.02057027180233073
2020-07-14,4.549569366401252,0.007078060287341925
2020-07-15,4.5588301050370585,0.0020355198239634387
2020-07-16,4.527727876629534,-0.0068224144552261334
2020-07-17,4.532969303900726,0.0011576285973913247
2020-07-20,4.661576496377353,0.028371511884264677
2020-07-21,4.612996491491651,-0.010421368162349065
2020-07-22,4.629248285481851,0.003523044949237608
2020-07-23,4.508331999592898,-0.02612006927089383
2020-07-24,4.465522038892556,-0.009495742705774246
2020-07-27,4.545201786526311,0.01784332199903682
2020-07-28,4.487363528664274,-0.012725124335181692
2020-07-29,4.539086511858868,0.011526363501463521
2020-07-30,4.562848587848516,0.005234990769082515
2020-07-31,4.644275201721617,0.01784556561660855
2020-08-03,4.707006618344519,0.01350725654665097
2020-08-04,4.724478594950597,0.0037119082301657613
2020-08-05,4.736185498690257,0.002477925024821248
2020-08-06,4.798915258206846,0.013244785182914942
2020-08-07,4.743525374923748,-0.011542167407180837
2020-08-10,4.723256202859633,-0.004273018580498444
2020-08-11,4.633790690072917,-0.018941490561648955
2020-08-12,4.750339396086929,0.025151914233781936
2020-08-13,4.761173557167882,0.0022807130559718836
2020-08-14,4.755581928095664,-0.001174422441248768
2020-08-17,4.810798367584563,0.01161086914782894
2020-08-18,4.857102336947981,0.009625007290976262
2020-08-19,4.824428067017238,-0.006727111694186383
2020-08-20,4.891350857877026,0.013871652749330776
2020-08-21,4.925250281742589,0.006930482979149
2020-08-24,4.956003413086631,0.0062439733180748025
2020-08-25,4.9949675062165575,0.007861998849121088
2020-08-26,5.10155700328341,0.02133937747026282
2020-08-27,5.085655963463006,-0.00311689937212678
2020-08-28,5.111517316968111,0.0050851559151663395
2020-08-31,5.152580411429109,0.00803344524035654
2020-09-01,5.240645117011721,0.01709137918299586
2020-09-02,5.290270479797173,0.009469323275556718
2020-09-03,5.022050699443853,-0.0507005797487321
2020-09-04,4.955129013321608,-0.01332556959842246
2020-09-08,4.716966379660449,-0.048063861308327405
2020-09-09,4.855530295424764,0.029375642014707104
2020-09-10,4.758726563510871,-0.019936799077354794
2020-09-11,4.725702091779103,-0.006939770817048996
2020-09-14,4.80800282923284,0.017415557700285245
2020-09-15,4.8761469074460475,0.014173052852400447
2020-09-16,4.798391612611621,-0.015946052551388812
2020-09-17,4.7234307513913745,-0.015622080745395284
2020-09-18,4.663148537900568,-0.012762379012976721
2020-09-21,4.674330138938689,0.002397865079192929
2020-09-22,4.761173557167881,0.018578794318731884
2020-09-23,4.615794515502842,-0.030534287380927783
2020-09-24,4.637286632026692,0.004656211720791559
2020-09-25,4.745097416446965,0.023248678154957014
2020-09-28,4.843647738415817,0.020768872231635704
2020-09-29,4.821806524828484,-0.004509248972444091
2020-09-30,4.854830444191482,0.0068488686124070774
2020-10-01,4.931889754374026,0.01587270885530967
2020-10-02,4.793150185340427,-0.028131117268092365
2020-10-05,4.895369893057254,0.02132620589053502
2020-10-06,4.808002829232837,-0.017846876892453567
2020-10-07,4.891175756976511,0.017298851664142134
2020-10-08,4.917211659013358,0.005323035468457693
2020-10-09,4.992347068765345,0.015280084519905257
2020-10-12,5.146464032024122,0.030870642833109585
2020-10-13,5.1462883787548375,-3.413086503500917e-05
2020-10-14,5.103303040969596,-0.008352687339227893
2020-10-15,5.069056729515636,-0.006710616865004626
2020-10-16,5.041272027948746,-0.00548123705246939
2020-10-19,4.958973499970093,-0.016324952813970395
2020-10-20,4.969632560150533,0.0021494489092357405
2020-10-21,4.965786416395732,-0.0007739292006500031
2020-10-22,4.965613524970304,-3.48165247012755e-05
2020-10-23,4.975398185385721,0.0019704836806597736
2020-10-26,4.90078697359773,-0.014996028259034122
2020-10-27,4.939054529707005,0.007808451237614644
2020-10-28,4.746495461807212,-0.03898703015761518
2020-10-29,4.829493841019145,0.017486244299564024
2020-10-30,4.707006618344518,-0.025362331272541727
2020-11-02,4.717489472886901,0.002227074527902495
2020-11-03,4.799092016213672,0.017297875023520426
2020-11-04,5.013315539693971,0.0446383446611458
2020-11-05,5.144017590735883,0.026070980373577468
2020-11-06,5.1478604202780565,0.0007470482894720298
2020-11-09,5.042672282784079,-0.020433370158916553
2020-11-10,4.952334027338655,-0.017914758362117422
2020-11-11,5.063113793904851,0.022369203279635652
2020-11-12,5.039349784624503,-0.004693556227978846
2020-11-13,5.083559723975792,0.00877294516966809
2020-11-16,5.123225325445314,0.007802721640594701
2020-11-17,5.106972426717571,-0.0031723958434972666
2020-11-18,5.069231278047378,-0.007390121879794487
2020-11-19,5.108895222410586,0.007824449544248546
2020-11-20,5.07394685024826,-0.006840690724879694
2020-11-23,5.074124712992629,3.505412051385548e-05
2020-11-24,5.145415083727358,0.014049786863177705
2020-11-25,5.177043167205194,0.006146847817557255
2020-11-27,5.224744077191318,0.009213929350307959
2020-11-30,5.235402585002986,0.002040005721657856
2020-12-01,5.302501581500829,0.012816396716090361
2020-12-02,5.309317812139096,0.0012854745130197465
2020-12-03,5.316830027429243,0.0014149115867525541
2020-12-04,5.338495587747292,0.00407490181297443
2020-12-07,5.368727282971194,0.005662961545437772
2020-12-08,5.386899110810552,0.003384755246740978
2020-12-09,5.264933324256065,-0.02264118633848622
2020-12-10,5.286075791347659,0.004015714120098934
2020-12-11,5.274370544714312,-0.0022143546735569064
2020-12-14,5.312636996086043,0.007255169322542221
2020-12-15,5.36942547709816,0.010689320774966093
2020-12-16,5.398955111613695,0.005499589228211921
2020-12-17,5.434252580839505,0.006537833431858209
2020-12-18,5.417825685948792,-0.003022843463079461
2020-12-21,5.407691928469891,-0.0018704473097358454
2020-12-22,5.4223959851628125,0.002719100290367704
2020-12-23,5.395086873108041,-0.0050363551702046205
2020-12-24,5.418894519521324,0.004412838379295181
2020-12-28,5.47350998178701,0.010078709240221695
2020-12-29,5.47841114989506,0.0008954342139428917
2020-12-30,5.478589012639429,3.246611827822932e-05
2020-12-31,5.492065153553675,0.002459783145469574
2021-01-04,5.414518101746042,-0.014119834641338147
2021-01-05,5.459156126895116,0.008244136285125547
2021-01-06,5.383535184993125,-0.013852130282450803
2021-01-07,5.5137726938983445,0.024191819024098393
2021-01-08,5.584668673330341,0.012857980074233222
2021-01-11,5.503969252944702,-0.014450171551093072
2021-01-12,5.495216417394138,-0.001590276970730109
2021-01-13,5.532326760927466,0.006753208739124883
2021-01-14,5.502745203747425,-0.005347037233766394
2021-01-15,5.459156126895115,-0.007921332941715264
2021-01-19,5.538804941877676,0.014589950008969899
2021-01-20,5.667642195947564,0.02326083973381654
2021-01-21,5.712981177067461,0.007999619515909995
2021-01-22,5.696526663738181,-0.0028801973644391188
2021-01-25,5.743615549125666,0.00826624505898188
2021-01-26,5.752017078137661,0.0014627596398359977
2021-01-27,5.591671052244546,-0.02787648640727436
2021-01-28,5.624754627434848,0.005916581086618411
2021-01-29,5.506419560814342,-0.02103826290365185
2021-02-01,5.644010755172336,0.024987415658832557
2021-02-02,5.736087315141149,0.016314029856238532
2021-02-03,5.713330826499716,-0.003967249344577595
2021-02-04,5.780900441190737,0.011826658869046769
2021-02-05,5.80050621836048,0.003391474627385982
2021-02-08,5.83936812326771,0.00669974368516657
2021-02-09,5.83814241696412,-0.0002099039275682557
2021-02-10,5.824838615106531,-0.00227877309380653
2021-02-11,5.856873242000068,0.005499659133981316
2021-02-12,5.889607167758115,0.005588976302800752
2021-02-16,5.873678509499145,-0.0027045366193808595
2021-02-17,5.845495550048122,-0.004798178757220772
2021-02-18,5.81993744699848,-0.00437227311710664
2021-02-19,5.794554997218123,-0.004361292541631645
2021-02-22,5.644361509342135,-0.025919762250611877
2021-02-23,5.627554584736743,-0.002977648504188357
2021-02-24,5.6739458283660325,0.00824358838830519
2021-02-25,5.476136495294707,-0.034862746147911405
2021-02-26,5.499068637205426,0.004187649802086302
2021-03-01,5.664490932107103,0.030081874916502827
2021-03-02,5.57363952607311,-0.01603875919705955
2021-03-03,5.411892692975892,-0.0290199666377019
2021-03-04,5.323315941542253,-0.016367056122269852
2021-03-05,5.403487849751267,0.015060520376663389
2021-03-08,5.250494404573384,-0.028313831627274855
2021-03-09,5.4575802187905005,0.03944120272497309
2021-03-10,5.442000105226243,-0.002854765837543738
2021-03-11,5.567336998392185,0.02303140219449351
2021-03-12,5.522175327647886,-0.008111898158372877
2021-03-15,5.581167207688855,0.010682724930085818
2021-03-16,5.611800475009518,0.005488684746527639
2021-03-17,5.634907717820749,0.00411761660346488
2021-03-18,5.46230683836681,-0.030630648822886353
2021-03-19,5.481563518473069,0.0035253750248891436
2021-03-22,5.584361003924711,0.01875331465287422
2021-03-23,5.559996569789923,-0.004362976196858437
2021-03-24,5.466225894799427,-0.01686523971975018
2021-03-25,5.456762713008927,-0.001731209425410607
2021-03-26,5.538614374651569,0.015000040490583899
2021-03-29,5.5370362570718665,-0.00028493003357032975
2021-03-30,5.509168147820504,-0.005033037162393339
2021-03-31,5.593474536282956,0.015302925269363055
2021-04-01,5.6888222241156114,0.01704623614788403
2021-04-05,5.802399186139843,0.019964934313251304
2021-04-06,5.7983691035841884,-0.0006945545155324639
2021-04-07,5.812389880106969,0.0024180551931600736
2021-04-08,5.873035552249314,0.01043386169773397
2021-04-09,5.90861307244219,0.006057773680469225
2021-04-12,5.900903661500676,-0.0013047750541443914
2021-04-13,5.969784599654845,0.011672947417116664
2021-04-14,5.8980987328798395,-0.012008116135237001
2021-04-15,5.987485809301026,0.015155235690254676
2021-04-16,5.9944997879594295,0.0011714397130608845
2021-04-19,5.939636864484185,-0.00915221042887393
2021-04-20,5.896346066768396,-0.00728845865555261
2021-04-21,5.9468242869367876,0.008560932414209077
2021-04-22,5.875136210686698,-0.012054850251345894
2021-04-23,5.949102808118541,0.012589767246127925
2021-04-26,5.987837115839593,0.006510949460848625
2021-04-27,5.96189787833773,-0.004331987827999817
2021-04-28,5.941740837134196,-0.0033809772684590955
2021-04-29,5.963124689378864,0.003598920388958149
2021-04-30,5.924038522750472,-0.006554645201031883
2021-05-03,5.892491637482022,-0.005325232971949423
2021-05-04,5.786450642605105,-0.017995951695950252
2021-05-05,5.766995109741166,-0.0033622567728635033
2021-05-06,5.810462113095011,0.007537201354727019
2021-05-07,5.857610101941027,0.008114326869072874
2021-05-10,5.709680221289967,-0.025254306462296094
2021-05-11,5.7017934999728555,-0.0013812894963372013
2021-05-12,5.554213821122821,-0.025883027656251834
2021-05-13,5.597153312300041,0.007730975536793361
2021-05-14,5.72072152066017,0.02207697403760256
2021-05-17,5.686018952601088,-0.006066117347917621
2021-05-18,5.647633741943519,-0.006750805964163997
2021-05-19,5.654119656056528,0.001148430370907283
2021-05-20,5.763488672780736,0.019343244108223745
2021-05-21,5.731589376236175,-0.005534720089797607
2021-05-24,5.827989878946995,0.01681915719756666
2021-05-25,5.836051148795849,0.0013831990130892535
2021-05-26,5.8563838432686675,0.0034839815406713104
2021-05-27,5.834474135953689,-0.0037411665460010957
2021-05-28,5.852877406308237,0.0031542294859345787
2021-06-01,5.833423530550612,-0.0033238139819327106
2021-06-02,5.844815031721842,0.0019527985772969103
2021-06-03,5.783995915785298,-0.010405652806197763
2021-06-04,5.882147979870018,0.01696959429325484
2021-06-07,5.899675193353229,0.002979730116140056
2021-06-08,5.902480121974064,0.00047543780443981554
2021-06-09,5.903882033915711,0.00023751235288838046
2021-06-10,5.965402658191849,0.010420368144675507
2021-06-11,5.981003209400646,0.0026151715320295033
2021-06-14,6.038316993114301,0.009582637177584674
2021-06-15,5.998881177053654,-0.006530928420223181
2021-06-16,5.976971469738676,-0.003652298931804965
2021-06-17,6.052863624707392,0.012697426339234985
2021-06-18,6.00536598642912,-0.007847135046028408
2021-06-21,6.042687334833098,0.0062146667644098486
2021-06-22,6.099015692658693,0.009321739601003243
2021-06-23,6.101997931655127,0.0004889705399551136
2021-06-24,6.139726928212351,0.006183056267767384
2021-06-25,6.13218046605838,-0.0012291201615651781
2021-06-28,6.206759088088862,0.012161843971043362
2021-06-29,6.229218954700089,0.003618614206297943
2021-06-30,6.219393418995593,-0.001577330284253775
2021-07-01,6.221851460028031,0.00039522198819752496
2021-07-02,6.293269427948938,0.011478571672713267
2021-07-06,6.3204669615119,0.00432168587001458
2021-07-07,6.333805010233311,0.0021102948251501275
2021-07-08,6.295549053868235,-0.006039964334750958
2021-07-09,6.33485561563639,0.00624354785131942
2021-07-12,6.359598974748314,0.003905907350255866
2021-07-13,6.359598974748314,0.0
2021-07-14,6.371005942245141,0.0017936614465974277
2021-07-15,6.326256890973029,-0.0070238596036127365
2021-07-16,6.2750191637440516,-0.008099216979646884
2021-07-19,6.2236035737707045,-0.008193694494260217
2021-07-20,6.295900912775576,0.011616636269952574
2021-07-21,6.344506602809144,0.007720212040652985
2021-07-22,6.386445201772707,0.006610222289782808
2021-07-23,6.461023823803189,0.0116776422053666
2021-07-26,6.466111692555951,0.0007874709785185008
2021-07-27,6.394869377904327,-0.011017798336771745
2021-07-28,6.419434874271881,0.0038414383337419533
2021-07-29,6.430841841768707,0.001776942631281031
2021-07-30,6.397324657092908,-0.005211943552724696
2021-08-02,6.397852169269533,8.24582469860502e-05
2021-08-03,6.436631218861063,0.006061260648971389
2021-08-04,6.445932004232791,0.0014449772024338614
2021-08-05,6.486818340686962,0.00634296738273421
2021-08-06,6.458390681870238,-0.004382373194948053
2021-08-09,6.470324056806147,0.0018477319697316474
2021-08-10,6.437157626300146,-0.005125930357555042
2021-08-11,6.42610251771066,-0.0017173897597781984
2021-08-12,6.449266654505339,0.0036046945611025727
2021-08-13,6.4719016220170795,0.003509696330501022
2021-08-16,6.474709864850544,0.00043391309038298687
2021-08-17,6.417681103422897,-0.008807925392493754
2021-08-18,6.355912465568429,-0.0096247596069432
2021-08-19,6.386621407410764,0.004831555187188696
2021-08-20,6.452776958047168,0.010358458160623085
2021-08-23,6.549288486881024,0.014956588374482438
2021-08-24,6.569291969566128,0.0030542986043708975
2021-08-25,6.576836222245013,0.0011484118400941767
2021-08-26,6.535074381288277,-0.006349837451552043
2021-08-27,6.598595132885418,0.009719973773981483
2021-08-30,6.672646242739276,0.011222253883225841
2021-08-31,6.667207619816717,-0.0008150623792586575
2021-09-01,6.678262728406203,0.0016581317426844766
2021-09-02,6.675103731402942,-0.0004730267633563656
2021-09-03,6.695634173895898,0.0030756739249415688
2021-09-07,6.705108403061826,0.0014149860819554494
2021-09-08,6.681771927210491,-0.0034804024705519243
2021-09-09,6.65878454842264,-0.0034403117972702235
2021-09-10,6.608246672426943,-0.007589654782818922
2021-09-13,6.603684106375721,-0.000690435190662475
2021-09-14,6.584909644206837,-0.002843028507489964
2021-09-15,6.633865536041431,0.007434557872432412
2021-09-16,6.638429206830195,0.0006879353770392616
2021-09-17,6.559816083293886,-0.011842127269418579
2021-09-20,6.4242692057586,-0.020663213086185128
2021-09-21,6.432174707613937,0.0012305682719913058
2021-09-22,6.4922536493968925,0.009340377790397758
2021-09-23,6.5521563855417915,0.009226801566889486
2021-09-24,6.558305354704285,0.0009384649572867776
2021-09-27,6.505955709138613,-0.007982190937194211
2021-09-28,6.321852854759179,-0.028297588027049403
2021-09-29,6.311489311871403,-0.0016393204849703968
2021-09-30,6.288299766113243,-0.003674179676505518
2021-10-01,6.32729644900068,0.0062014669048673365
2021-10-04,6.194492082415069,-0.020989117177619532
2021-10-05,6.278110771757209,0.013498877426854294
2021-10-06,6.3183392370047216,0.006407734222926509
2021-10-07,6.376309234818722,0.009174878973652767
2021-10-08,6.344513783603173,-0.004986497681437108
2021-10-11,6.295854513798784,-0.007669503363700425
2021-10-12,6.273895093294386,-0.003487917399658702
2021-10-13,6.324136347259875,0.008007984389026168
2021-10-14,6.440606616908357,0.01841678661766144
2021-10-15,6.481186941063208,0.00630069907519526
2021-10-18,6.54636038002418,0.01005578755151304
2021-10-19,6.595899020912532,0.007567356212089482
2021-10-20,6.587290353611286,-0.0013051545019037158
2021-10-21,6.627520475965112,0.006107233808476442
2021-10-22,6.57183065643918,-0.008402813650730034
2021-10-25,6.639111934631564,0.010237828956602968
2021-10-26,6.6600185402577985,0.0031490063478489816
2021-10-27,6.675477685061133,0.0023211864516425873
2021-10-28,6.749609993124377,0.011105169032194162
2021-10-29,6.782811222862972,0.004918984915041946
2021-11-01,6.806001320989903,0.0034189508398470014
2021-11-02,6.834458807720279,0.004181234382457655
2021-11-03,6.907010788728736,0.010615614644791105
2021-11-04,6.995550531454696,0.012818822126417384
2021-11-05,7.002224250949959,0.0009539948950771926
2021-11-08,6.992736212564748,-0.0013550035024832985
2021-11-09,6.9446061120432985,-0.006882870890363102
2021-11-10,6.842541619951217,-0.014696944714413962
2021-11-11,6.861512725402696,0.002772523209236155
2021-11-12,6.933712847503813,0.0105224787871947
2021-11-15,6.932131415711482,-0.0002280786394117662
2021-11-16,6.981495508068093,0.007121055472885107
2021-11-17,6.985183121985522,0.0005281982797478157
2021-11-18,7.057562763937323,0.010361881812946283
2021-11-19,7.096909648625785,0.005575137764203264
2021-11-22,7.014521084537406,-0.01160907608628392
2021-11-23,6.982548875315029,-0.004558003153323664
2021-11-24,7.0050347032585085,0.003220289373551344
2021-11-26,6.872228679566584,-0.018958653214115828
2021-11-29,7.021370457301951,0.021702097629378247
2021-11-30,6.9182542550692485,-0.014686050659165173
2021-12-01,6.800556069642091,-0.017012700182407525
2021-12-02,6.849566645985047,0.007206848357848461
2021-12-03,6.730463234403614,-0.01738845940731837
2021-12-06,6.784393207024076,0.008012817356284119
2021-12-07,6.988698396846294,0.030113995988719333
2021-12-08,7.0199668882539905,0.004474150926559783
2021-12-09,6.916674480383233,-0.014714087618217908
2021-12-10,6.99185905095587,0.010870046116218335
2021-12-13,6.890850135585809,-0.01444664639746307
2021-12-14,6.8195266227247995,-0.010350466409460801
2021-12-15,6.974995784735802,0.022797647199283677
2021-12-16,6.795636120995816,-0.0257146626715532
2021-12-17,6.761731725811312,-0.004989142234934185
2021-12-20,6.696141248427982,-0.009700248404259093
2021-12-21,6.846001657934856,0.022380114747737156
2021-12-22,6.929376752648838,0.012178655349483591
2021-12-23,6.981617581566558,0.0075390371721022476
2021-12-27,7.097003551316911,0.01652711114613381
2021-12-28,7.064111648090263,-0.00463461839758339
2021-12-29,7.0630566237370145,-0.00014934989787906972
2021-12-30,7.041950060615556,-0.0029883043908390805
2021-12-31,6.997976535098397,-0.006244509708055901
2022-01-03,7.065343430450338,0.009626624927085992
2022-01-04,6.973702689442107,-0.012970458111530081
2022-01-05,6.75946314726744,-0.030721060491869956
2022-01-06,6.754714432940279,-0.0007025283256527626
2022-01-07,6.6815404846953,-0.010833018771028491
2022-01-10,6.685937340115122,0.0006580601329728708
2022-01-11,6.786374553806851,0.015022158985713796
2022-01-12,6.81328485560872,0.003965342848159414
2022-01-13,6.642843738050699,-0.0250159975944223
2022-01-14,6.684179150315964,0.006222547736369766
2022-01-18,6.517781924532882,-0.024894190003153516
2022-01-19,6.446193827030403,-0.01098350609630272
2022-01-20,6.362467978146624,-0.01298841628569991
2022-01-21,6.186045259163822,-0.027728661203288762
2022-01-24,6.214363548963822,0.004577769578722357
2022-01-25,6.070305773399816,-0.023181420660210006
2022-01-26,6.060809449483035,-0.0015643897146654373
2022-01-27,5.999773252619357,-0.010070634520424337
2022-01-28,6.187979654601034,0.03136891913365414
2022-01-31,6.385861900350176,0.03197849003947639
2022-02-01,6.42930791369071,0.006803468978580973
2022-02-02,6.481546533133345,0.008125076624716732
2022-02-03,6.218762613858727,-0.040543397772627165
2022-02-04,6.29721168386995,0.012614900243401506
2022-02-07,6.2465539438508735,-0.008044471515676332
2022-02-08,6.316735158092762,0.011235189013452107
2022-02-09,6.450591787187766,0.021190793304593614
2022-02-10,6.30459685434269,-0.022632796751307804
2022-02-11,6.104605664624593,-0.03172148740650094
2022-02-14,6.112168145472932,0.0012388156195186628
2022-02-15,6.264141917898931,0.024864134756920953
2022-02-16,6.262559933737829,-0.000252546028144951
2022-02-17,6.07628627008705,-0.029744012931082753
2022-02-18,6.006984426929125,-0.011405295945171479
2022-02-22,5.94665305261767,-0.010043537659427115
2022-02-23,5.7943290783906445,-0.025615076729585406
2022-02-24,5.989044593973726,0.033604497250467436
2022-02-25,6.0819154602357175,0.015506791576646473
2022-02-28,6.100033155935486,0.002978945665756738
2022-03-01,6.006631463284242,-0.01531166966860864
2022-03-02,6.10741943114577,0.016779449259971768
2022-03-03,6.0201772026636755,-0.014284630270714471
2022-03-04,5.9329327647064956,-0.014492004972640693
2022-03-07,5.714119056736409,-0.03688120473431855
2022-03-08,5.687559509104338,-0.004648056396507783
2022-03-09,5.892300517887139,0.0359980424741162
2022-03-10,5.826868570341182,-0.011104652138383964
2022-03-11,5.70602685423636,-0.020738706330173273
2022-03-14,5.596447385010275,-0.01920416290097371
2022-03-15,5.771988523434026,0.03136653064834083
2022-03-16,5.986052964708181,0.0370867752777162
2022-03-17,6.05852319513848,0.01210651339999158
2022-03-18,6.182526670090419,0.020467607527102194
2022-03-21,6.165339163401578,-0.002780013351497468
2022-03-22,6.286502358131316,0.01965231620167507
2022-03-23,6.196158026629408,-0.014371160043398667
2022-03-24,6.333878475279894,0.02222674890772658
2022-03-25,6.328594515613309,-0.000834237614000144
2022-03-28,6.426513480076526,0.015472466156844167
2022-03-29,6.5371120696857234,0.017209734322051196
2022-03-30,6.464906423896894,-0.01104549608743377
2022-03-31,6.384775390976958,-0.012394770730747018
2022-04-01,6.372623278007602,-0.001903295296265206
2022-04-04,6.503826879893886,0.02058863299499869
2022-04-05,6.359414483578683,-0.022204218990152347
2022-04-06,6.221342728389628,-0.021711394271530016
2022-04-07,6.236135716454734,0.00237778060314886
2022-04-08,6.148961429331513,-0.013978895118206158
2022-04-11,6.003493456294291,-0.023657324039034866
2022-04-12,5.978131996527244,-0.004224450305756022
2022-04-13,6.099649259639408,0.020326962198685905
2022-04-14,5.9601678593459075,-0.022867118149961674
2022-04-18,5.964747548829041,0.0007683826347193445
2022-04-19,6.09806451363445,0.02235081429918706
2022-04-20,6.0091270653931295,-0.014584537117058649
2022-04-21,5.884792169178389,-0.020691008005271128
2022-04-22,5.7306934340890665,-0.026185926479513566
2022-04-25,5.804309277351114,0.012845887519325805
2022-04-26,5.585224356314301,-0.037745218348667176
2022-04-27,5.578533513387128,-0.0011979541913315073
2022-04-28,5.7766599061332,0.035515855962972465
2022-04-29,5.5167184765558686,-0.04499856903490995
2022-05-02,5.608825969175877,0.016696065425747753
2022-05-03,5.6148125419195996,0.0010673486352799078
2022-05-04,5.804661688627226,0.03381219680803804
2022-05-05,5.512313335604477,-0.050364408591723975
2022-05-06,5.446272125303739,-0.011980670596893117
2022-05-09,5.233177091223277,-0.03912676949989491
2022-05-10,5.29675307969755,0.012148640752268403
2022-05-11,5.139661610605137,-0.02965806914702962
2022-05-12,5.127509497635781,-0.0023643799709073265
2022-05-13,5.317533745243921,0.03705975536383832
2022-05-16,5.255894361681946,-0.011591724004968662
2022-05-17,5.392028959589932,0.02590131926936623
2022-05-18,5.127333844366498,-0.04909007670529364
2022-05-19,5.099860126417869,-0.005358285374535421
2022-05-20,5.0840093521556575,-0.003108080196180807
2022-05-23,5.16854386892067,0.01662752975251114
2022-05-24,5.058649549494924,-0.021262143112794174
2022-05-25,5.129447207285623,0.013995367162322525
2022-05-26,5.271569482674874,0.02770713288312754
2022-05-27,5.44363125020799,0.032639571212824015
2022-05-31,5.429189016312682,-0.0026530514708829056
2022-06-01,5.389035673218071,-0.007395827069929695
2022-06-02,5.53661700917442,0.027385481356114294
2022-06-03,5.392559233610414,-0.026019097099419408
2022-06-06,5.410521161316665,0.0033308725835219377
2022-06-07,5.45719190354425,0.008625923609959063
2022-06-08,5.417917379164833,-0.007196837691177738
2022-06-09,5.272801817403721,-0.02678438071410405
2022-06-10,5.086826432889462,-0.03527069496532509
2022-06-13,4.850308201060566,-0.0464962260751931
2022-06-14,4.85911461638195,0.0018156403585773973
2022-06-15,4.980454569118516,0.024971617736178064
2022-06-16,4.779511095638639,-0.04034641229855496
2022-06-17,4.837629680652128,0.01215994352780636
2022-06-21,4.95967997962863,0.02522935963135753
2022-06-22,4.952445053461693,-0.0014587485879440365
2022-06-23,5.02620175076043,0.0148929864950611
2022-06-24,5.198416524443207,0.03426340251000104
2022-06-27,5.160304183958678,-0.00733152880407395
2022-06-28,5.00308622241763,-0.03046680116838374
2022-06-29,5.007674197432333,0.0009170289718665181
2022-06-30,4.945564195677182,-0.012402963792452426
2022-07-01,4.978208085325501,0.006600640160904669
2022-07-05,5.063433615423453,0.017119720316468134
2022-07-06,5.09589853758986,0.006411641710383442
2022-07-07,5.20494607568915,0.02139907953325637
2022-07-08,5.211475626935093,0.0012544897009483247
2022-07-11,5.100132996590909,-0.021364895149603935
2022-07-12,5.050728028945219,-0.009686995942794763
2022-07-13,5.040318087080651,-0.002061077493167196
2022-07-14,5.058316471125811,0.0035708825780842446
2022-07-15,5.150069342994622,0.018139013719794095
2022-07-18,5.106486894567569,-0.008462497400415936
2022-07-19,5.26352809810179,0.030753276523882933
2022-07-20,5.346988257606558,0.015856314994284304
2022-07-21,5.423745422071183,0.01435521470529344
2022-07-22,5.328637462285286,-0.017535476388487514
2022-07-25,5.298287560144319,-0.0056956215084580375
2022-07-26,5.194182065442157,-0.019648894764656033
2022-07-27,5.413687891482727,0.042259940694220566
2022-07-28,5.466622495577243,0.009777919443379357
2022-07-29,5.566318430377843,0.0182372086020679
2022-08-01,5.562964999567072,-0.0006024504082392523
2022-08-02,5.546377365363901,-0.0029817973336992987
2022-08-03,5.697420396410202,0.02723273608996335
2022-08-04,5.724062799357973,0.004676222060874702
2022-08-05,5.67730588760206,-0.008168483364850099
2022-08-08,5.658954539912018,-0.003232404251833132
2022-08-09,5.594901304819312,-0.011318916708191407
2022-08-10,5.751061480163255,0.027911158184225737
2022-08-11,5.718417590514936,-0.0056761503525767365
2022-08-12,5.829759668490349,0.019470784742984693
2022-08-15,5.876871200997459,0.008081213495257034
2022-08-16,5.8631078283221205,-0.002341955813665364
2022-08-17,5.796233093545439,-0.011406021641566788
2022-08-18,5.810172119490062,0.0024048422000393366
2022-08-19,5.696892331864807,-0.01949680410417809
2022-08-22,5.546907639384383,-0.026327457803881016
2022-08-23,5.542319664369679,-0.0008271230229484061
2022-08-24,5.55837757692114,0.002897327026207819
2022-08-25,5.656659447667123,0.017681755041985214
2022-08-26,5.42480376063706,-0.04098809362223199
2022-08-29,5.371340539628377,-0.009855328112809869
2022-08-30,5.311522315905491,-0.011136553953628892
2022-08-31,5.280643244481586,-0.005813600995601131
2022-09-01,5.282936679620166,0.0004343098051504679
2022-09-02,5.208297297024836,-0.014128388644759626
2022-09-06,5.170891988567615,-0.007181868914930889
2022-09-07,5.275348789808346,0.020200924999337788
2022-09-08,5.3026998818897395,0.005184698333925208
2022-09-09,5.418628830142314,0.02186224957752292
2022-09-12,5.483032267036046,0.011885559781373845
2022-09-13,5.1823608213668315,-0.05483670914666128
2022-09-14,5.223473629017249,0.007933219833113458
2022-09-15,5.136483833063655,-0.016653629774323386
2022-09-16,5.10507503998804,-0.0061148431682849225
2022-09-19,5.144829572829746,0.0077872572940278495
2022-09-20,5.103820058139568,-0.007971015192952735
2022-09-21,5.012431197291066,-0.017905972351582977
2022-09-22,4.950738786327043,-0.01230788185129883
2022-09-23,4.870132163894988,-0.016281736102634614
2022-09-26,4.849982303485481,-0.004137436055409172
2022-09-27,4.851926089191807,0.0004007820203650869
2022-09-28,4.94844037986952,0.01989195402063304
2022-09-29,4.805788935197331,-0.028827556506995866
2022-09-30,4.724300179837455,-0.016956374168465183
2022-10-03,4.835132421436926,0.02346003373631622
2022-10-04,4.987153145208488,0.03144086046073258
2022-10-05,4.984500670368541,-0.0005318615175264885
2022-10-06,4.945259288115404,-0.007872680705294344
2022-10-07,4.756823653093622,-0.038104298287176985
2022-10-10,4.709274092150844,-0.009996073937248773
2022-10-11,4.644576795070762,-0.013738273843078241
2022-10-12,4.642986525378091,-0.0003423928083952088
2022-10-13,4.75187608600878,0.02345248258540278
2022-10-14,4.609045950039064,-0.030057630583057215
2022-10-17,4.76124370800184,0.033021531920610414
2022-10-18,4.798894820562306,0.007907831413289879
2022-10-19,4.781395777886432,-0.003646473475703904
2022-10-20,4.757002068206764,-0.005101796800107583
2022-10-21,4.8685424465710865,0.023447620321588314
2022-10-24,4.922102884483524,0.01100132914526819
2022-10-25,5.023921020103591,0.020685901536320772
2022-10-26,4.912909811022207,-0.022096527520469533
2022-10-27,4.823465288248801,-0.01820601765836094
2022-10-28,4.9710670618496895,0.03060077450137011
2022-10-31,4.9132644317734036,-0.01162781136466473
2022-11-01,4.8630618436219075,-0.010217766384980842
2022-11-02,4.6963691005461605,-0.03427732330699651
2022-11-03,4.604627552237162,-0.01953456943968257
2022-11-04,4.678692195125918,0.016084828153532627
2022-11-07,4.730130432218889,0.010994148567105455
2022-11-08,4.764603767237868,0.007288030533823431
2022-11-09,4.654653106197446,-0.02307655922963825
2022-11-10,4.998112694000535,0.07378843921704692
2022-11-11,5.090208586876345,0.01842613372570745
2022-11-14,5.045663359680855,-0.008751159492822569
2022-11-15,5.11548663895892,0.013838275425985147
2022-11-16,5.045663359680855,-0.013649391388553256
2022-11-17,5.034527052881982,-0.002207104597556242
2022-11-18,5.034703810888809,3.510915821292038e-05
2022-11-21,4.982911505413412,-0.010287061050817559
2022-11-22,5.054678570397803,0.014402636873326546
2022-11-23,5.10541143256978,0.010036812720217059
2022-11-25,5.071825754166335,-0.0065784469767090625
2022-11-28,4.9974067667107684,-0.01467301738322424
2022-11-29,4.959578343774705,-0.007569610540420713
2022-11-30,5.185663434250638,0.04558554675514226
2022-12-01,5.192027827233953,0.0012273054478002532
2022-12-02,5.171346035697651,-0.003983374555085906
2022-12-05,5.084552883026651,-0.01678347418097126
2022-12-06,4.979199034901273,-0.020720376117450146
2022-12-07,4.958870207009854,-0.004082750608868202
2022-12-08,5.017556627120276,0.011834635241604552
2022-12-09,4.985561770778274,-0.006376581017355498
2022-12-12,5.04813741940766,0.012551373647832209
2022-12-13,5.102404889347406,0.010749998550180884
2022-12-14,5.064578123517657,-0.0074135170865650135
2022-12-15,4.894527530680969,-0.03357645764156514
2022-12-16,4.84785955029724,-0.009534726302220853
2022-12-19,4.779729281303315,-0.014053680451560857
2022-12-20,4.776010182365921,-0.0007780982391496494
2022-12-21,4.845291035510535,0.014506010351572174
2022-12-22,4.726751040075864,-0.02446498973248601
2022-12-23,4.737381377080194,0.0022489733252715194
2022-12-27,4.670403349343273,-0.014138196274626758
2022-12-28,4.608741594846059,-0.013202661501577673
2022-12-29,4.7210804222693445,0.024375162961818964
2022-12-30,4.718244560997314,-0.000600680568510148
2023-01-03,4.686350788140467,-0.00675966928897509
2023-01-04,4.708675876771489,0.004763853505699744
2023-01-05,4.634964473712001,-0.015654380337180474
2023-01-06,4.7628969477344425,0.027601608329046012
2023-01-09,4.7937290678127855,0.006473396425889177
2023-01-10,4.834303868279923,0.00846414135908824
2023-01-11,4.917939128685203,0.0173003730597181
2023-01-12,4.9445180092242715,0.005404475298207645
2023-01-13,4.978538401850756,0.006880426476962409
2023-01-17,4.9886390172033765,0.0020288314636411897
2023-01-18,4.923786504498549,-0.013000041189828004
2023-01-19,4.875413914086484,-0.00982426641932399
2023-01-20,5.008838590802304,0.02736684086048924
2023-01-23,5.120114936893929,0.022215997595921966
2023-01-24,5.109659700790112,-0.00204199246163006
2023-01-25,5.0983184651770745,-0.0022195676967066147
2023-01-26,5.197723301635181,0.01949757300119015
2023-01-27,5.249463684446073,0.009954431932652996
2023-01-30,5.1433271297717145,-0.020218552037770343
2023-01-31,5.220405220492484,0.014986037009897757
2023-02-01,5.332035082597764,0.021383371096764803
2023-02-02,5.523401033951474,0.03588985225890107
2023-02-03,5.425237370122557,-0.017772322383531658
2023-02-06,5.379344915493783,-0.008459068515879076
2023-02-07,5.490798571961006,0.020718815807146074
2023-02-08,5.3931662868901125,-0.017781072059255165
2023-02-09,5.345501833242897,-0.008837935103740313
2023-02-10,5.3104170259940515,-0.006563426286875118
2023-02-13,5.395468559929034,0.01601598019866657
2023-02-14,5.435337433106407,0.007389325456081952
2023-02-15,5.476978305302221,0.007661138376098053
2023-02-16,5.37420622881406,-0.01876437531050068
2023-02-17,5.336287769768269,-0.007055638996972147
2023-02-21,5.209951089126212,-0.023675012685371533
2023-02-22,5.213847498439205,0.0007478782902827774
2023-02-23,5.259386437054324,0.008734229113673164
2023-02-24,5.171322283840484,-0.016744187609679217
2023-02-27,5.208355295745826,0.0071612268338145935
2023-02-28,5.2016213680544885,-0.0012929086648212351
2023-03-01,5.1598048425893905,-0.008039132898428947
2023-03-02,5.202507919932479,0.0082761031949532
2023-03-03,5.310061852874082,0.020673477983479627
2023-03-06,5.316087643800568,0.0011347873326983393
2023-03-07,5.250881615082087,-0.012265792644431284
2023-03-08,5.277105322501187,0.004994153237768195
2023-03-09,5.185675033994835,-0.017325841141828224
2023-03-10,5.112849078075796,-0.014043679066201853
2023-03-13,5.150767537121587,0.007416307124805899
2023-03-14,5.269131879286975,0.022979942564352873
2023-03-15,5.296774069710861,0.005246061601257068
2023-03-16,5.436400742991223,0.026360700200298348
2023-03-17,5.410706757223833,-0.004726286192296536
2023-03-20,5.429910409928045,0.0035491948770967063
2023-03-21,5.50746188068585,0.01428227445815855
2023-03-22,5.432570617930792,-0.0135981445496145
2023-03-23,5.496991730625207,0.011858311143123634
2023-03-24,5.5172227892441,0.0036803873118782526
2023-03-27,5.479422537115374,-0.006851318783504201
2023-03-28,5.450318226553765,-0.005311565290770703
2023-03-29,5.549698758785933,0.01823389536192388
2023-03-30,5.602229581308604,0.00946552683413815
2023-03-31,5.695397069600803,0.016630430249243044
2023-04-03,5.681555260559935,-0.0024303501356821577
2023-04-04,5.662389721300945,-0.0033732910057272525
2023-04-05,5.606487239798049,-0.009872595185845379
2023-04-06,5.644287491926775,0.006742234577900685
2023-04-10,5.641092590953377,-0.0005660415026640386
2023-04-11,5.604890341680123,-0.00641759529551289
2023-04-12,5.555378214492794,-0.008833736999123265
2023-04-13,5.664163929794473,0.019582053840705216
2023-04-14,5.653516469358231,-0.0018797938351031718
2023-04-17,5.658307163712014,0.0008473831074427007
2023-04-18,5.658663441569526,6.296545012540733e-05
2023-04-19,5.6559999193541515,-0.00047069811500144443
2023-04-20,5.612877041744848,-0.0076242712560412595
2023-04-21,5.618732703089763,0.0010432548764858218
2023-04-24,5.607020275662389,-0.0020845318769004972
2023-04-25,5.501250493852197,-0.018863812971979477
2023-04-26,5.534614120009565,0.006064734953380668
2023-04-27,5.685104782284531,0.027190813851120987
2023-04-28,5.724325174524357,0.006898798481611346
2023-05-01,5.717758614570734,-0.0011471325882825845
2023-05-02,5.667890761894666,-0.00872157361609982
2023-05-03,5.630799751268334,-0.006544058836789102
2023-05-04,5.610924418138181,-0.0035297531448665875
2023-05-05,5.730181388238044,0.021254424621074408
2023-05-08,5.744378922767652,0.0024776762841660638
2023-05-09,5.707998258381256,-0.006333263330210115
2023-05-10,5.770111021980265,0.01088170682389511
2023-05-11,5.7889219404880565,0.0032600617971014767
2023-05-12,5.768158398373598,-0.0035867718252059477
2023-05-15,5.7993931952862425,0.005415037999208172
2023-05-16,5.8059580981335515,0.001131998232615894
2023-05-17,5.876235424541653,0.012104346125180188
2023-05-18,5.985375760594528,0.01857317281691251
2023-05-19,5.971889124673628,-0.002253264700554203
2023-05-22,5.991943425285694,0.003358116702001146
2023-05-23,5.915987195539503,-0.012676393008929199
2023-05-24,5.885642264717478,-0.005129309753223343
2023-05-25,6.028855468430114,0.02433263818481679
2023-05-26,6.182895652429675,0.025550485462155548
2023-05-30,6.21093499600015,0.0045349857326892895
2023-05-31,6.175619850973658,-0.005685962749446771
2023-06-01,6.2469599348978075,0.011551890441070745
2023-06-02,6.293810749344847,0.007499778281802927
2023-06-05,6.298248480053748,0.0007050943991862013
2023-06-06,6.297182408325073,-0.0001692647935456204
2023-06-07,6.190349316630061,-0.01696522107312226
2023-06-08,6.267190993516701,0.012413140673694922
2023-06-09,6.29114998897333,0.003822924094927682
2023-06-12,6.397450044804003,0.016896760690332968
2023-06-13,6.446609208346449,0.007684180915546568
2023-06-14,6.493459470424717,0.007267427040188901
2023-06-15,6.570834735544465,0.011915877117915974
2023-06-16,6.529485514059916,-0.006292841495597723
2023-06-20,6.520137777342624,-0.0014316191830372471
2023-06-21,6.431283736785776,-0.013627632358569897
2023-06-22,6.507165396747837,0.011798835670712382
2023-06-23,6.442657009787552,-0.009913438959539222
2023-06-26,6.356290838176793,-0.013405365438444505
2023-06-27,6.465581970904243,0.017194168031303914
2023-06-28,6.478198626010291,0.0019513564537305683
2023-06-29,6.465225693046731,-0.00200255251690995
2023-06-30,6.564920523109788,0.015420162388186665
2023-07-03,6.58038242975698,0.002355231353184495
2023-07-05,6.580204014643839,-2.711318301718002e-05
2023-07-06,6.530089805495756,-0.007615905074760176
2023-07-07,6.50840877885211,-0.0033201728137641773
2023-07-10,6.5105409223094615,0.00032759827014539056
2023-07-11,6.542707012970576,0.004940617230573263
2023-07-12,6.625341381162199,0.012629996731903903
2023-07-13,6.7378318338132175,0.016978816060839064
2023-07-14,6.736409484227032,-0.00021109900354709943
2023-07-17,6.799319315963076,0.009338777858344915
2023-07-18,6.854940641761362,0.00818042560050114
2023-07-19,6.853342638905892,-0.0002331169500922048
2023-07-20,6.695359094247775,-0.023052042336429657
2023-07-21,6.675277175197142,-0.0029993789381492775
2023-07-24,6.68594010195898,0.0015973758814777916
2023-07-25,6.731256988328024,0.006777937833419401
2023-07-26,6.708863958338128,-0.0033267233785198025
2023-07-27,6.692870120564141,-0.0023839860031904525
2023-07-28,6.814779013135181,0.018214740518640804
2023-07-31,6.8183335061787185,0.0005215859585008253
2023-08-01,6.80251697878033,-0.002319705743941025
2023-08-02,6.653242632539842,-0.021943987307364687
2023-08-03,6.642579705778004,-0.001602666151041654
2023-08-04,6.611480791583107,-0.004681752507665893
2023-08-07,6.667458395238905,0.008466727110069128
2023-08-08,6.6107693406056285,-0.008502348462160136
2023-08-09,6.538086448198365,-0.010994619334366962
2023-08-10,6.550170619808848,0.0018482734522136113
2023-08-11,6.508408778852112,-0.0063756875020081205
2023-08-14,6.581447396748114,0.011222192762895933
2023-08-15,6.51160754640691,-0.010611624788752771
2023-08-16,6.4426570097875535,-0.010588865518684876
2023-08-17,6.37228357121324,-0.010923045952532351
2023-08-18,6.364287480879403,-0.0012548233681813903
2023-08-21,6.466825353008518,0.016111445693987703
2023-08-22,6.457583671095322,-0.0014290910004081114
2023-08-23,6.559411196984501,0.015768673094390895
2023-08-24,6.419200117544067,-0.021375558755165613
2023-08-25,6.468958048834639,0.0077514223547230365
2023-08-28,6.517649908396537,0.007527001905765829
2023-08-29,6.659994788400636,0.02183990886357967
2023-08-30,6.69713606458516,0.005576772559824139
2023-08-31,6.71721687889825,0.0029984181476137017
2023-09-01,6.710108997548719,-0.001058158680548149
2023-09-05,6.718638676115665,0.001271168407258605
2023-09-06,6.659460647798756,-0.008808038528293372
2023-09-07,6.611834859965535,-0.007151598357888589
2023-09-08,6.62107598950996,0.001397664905453011
2023-09-11,6.699090897666913,0.011782814195238966
2023-09-12,6.624808897666638,-0.011088370218434562
2023-09-13,6.650043312616278,0.0038090781695647724
2023-09-14,6.7044223610478335,0.008177247256177855
2023-09-15,6.589623006932638,-0.01712292990104125
2023-09-18,6.596491160235409,0.0010422680167812004
2023-09-19,6.582432822636179,-0.0021311841792461816
2023-09-20,6.4875761906412395,-0.014410573499320622
2023-09-21,6.36869372656834,-0.01832463474485202
2023-09-22,6.369584697396503,0.00013989852023277294
2023-09-25,6.399837935002487,0.004749640524970067
2023-09-26,6.303737368534502,-0.015016093757997173
2023-09-27,6.318508814217526,0.0023432838044230575
2023-09-28,6.371364981946512,0.008365291445040501
2023-09-29,6.375991070406438,0.0007260749420310297
2023-10-02,6.429203515992936,0.008345752840445142
2023-10-03,6.3163728041787754,-0.017549718488999222
2023-10-04,6.402330222898747,0.013608667725107049
2023-10-05,6.383466829357678,-0.0029463324890055542
2023-10-06,6.490425861132554,0.016755633675884285
2023-10-09,6.523525455017224,0.0050997568715613895
2023-10-10,6.559652582137578,0.005537975956324104
2023-10-11,6.606457549976597,0.007135281518791503
2023-10-12,6.583499446733627,-0.0034751003952264714
2023-10-13,6.500745766887396,-0.012569862049170433
2023-10-16,6.574246717445005,0.011306541309767715
2023-10-17,6.5527120685257625,-0.0032756070535198134
2023-10-18,6.46675409743702,-0.013117922806591631
2023-10-19,6.406246517487509,-0.009356715755357348
2023-10-20,6.3106773297775485,-0.014918125215612532
2023-10-23,6.329720243169301,0.0030175704439674433
2023-10-24,6.391295551953801,0.009727966864088389
2023-10-25,6.234864163543134,-0.02447569309525155
2023-10-26,6.115982804207777,-0.019067193160435925
2023-10-27,6.145347280460684,0.0048012686093075185
2023-10-30,6.214576763309565,0.011265349164073735
2023-10-31,6.2442958603136685,0.004782159451237833
2023-11-01,6.352677241674731,0.017356861972202875
2023-11-02,6.467999689016381,0.018153361638635346
2023-11-03,6.543991270363936,0.011748853587083552
2023-11-06,6.570686700713756,0.004079380495312757
2023-11-07,6.632797254837679,0.009452673206466589
2023-11-08,6.6370676178088654,0.0006438253435339103
2023-11-09,6.585990629892347,-0.0076957160688655435
2023-11-10,6.7340586027362415,0.022482262906941664
2023-11-13,6.713059199156422,-0.003118387412204382
2023-11-14,6.857566602900295,0.02152631154541762
2023-11-15,6.862729041437187,0.0007528090991792968
2023-11-16,6.868602378582786,0.0008558311292978793
2023-11-17,6.870203695650884,0.00023313579383943406
2023-11-20,6.953846689218963,0.0121747472525493
2023-11-21,6.913449199127424,-0.005809373127850348
2023-11-22,6.9417453941765705,0.004092920079996842
2023-11-24,6.931957971917297,-0.001409936795936706
2023-11-27,6.925906772027329,-0.0008729423799859193
2023-11-28,6.94405926695969,0.002620955714517592
2023-11-29,6.937296063723472,-0.0009739552869887369
2023-11-30,6.919856124506132,-0.002513939012713795
2023-12-01,6.939610488875363,0.0028547362855237957
2023-12-04,6.875186614337092,-0.009283500081387452
2023-12-05,6.892449243178834,0.00251085967699316
2023-12-06,6.8525853413204025,-0.005783706263471244
2023-12-07,6.948330182299648,0.01397207567805303
2023-12-08,6.979297080358196,0.004456739568513113
2023-12-11,7.038915898954631,0.008542238266976643
2023-12-12,7.094974148451044,0.007964045927120411
2023-12-13,7.185203587248515,0.012717373863464942
2023-12-14,7.178975076982948,-0.0008668523013906082
2023-12-15,7.213678197410801,0.004833993718562635
2023-12-18,7.259113290696911,0.0062984641181274
2023-12-19,7.2962054060607855,0.005109730882890462
2023-12-20,7.18778480651696,-0.014859861189456591
2023-12-21,7.2714178574471555,0.011635441680776015
2023-12-22,7.282295655661044,0.0014959665951184142
2023-12-26,7.326876234457899,0.006121775454447365
2023-12-27,7.341791848390241,0.0020357398507968583
2023-12-28,7.338224098496193,-0.00048595083703317776
2023-12-29,7.3064656559883225,-0.004327810391396847
2024-01-02,7.182823982581606,-0.016922227411741875
2024-01-03,7.106818592014767,-0.010581547139558611
2024-01-04,7.07024349382086,-0.005146479781403479
2024-01-05,7.07863010887603,0.001186184756225117
2024-01-08,7.224930501651655,0.020667896263173224
2024-01-09,7.239203158334164,0.001975473214482326
2024-01-10,7.288267866816712,0.006777639390609158
2024-01-11,7.303433151433698,0.0020807803574334205
2024-01-12,7.30718042117843,0.0005130833221902442
2024-01-16,7.306465655988323,-9.781682521958768e-05
2024-01-17,7.265251764852751,-0.005640742470580662
2024-01-18,7.368376252617023,0.014194207042233398
2024-01-19,7.514497125541964,0.019830810468323135
2024-01-22,7.524312166239804,0.0013061473753817054
2024-01-23,7.555534258670708,0.00414949456390068
2024-01-24,7.597460705521301,0.0055491041950446185
2024-01-25,7.606739396142176,0.0012212883989162204
2024-01-26,7.561421405035589,-0.005957610580108796
2024-01-29,7.638854116507558,0.01024049676961547
2024-01-30,7.5880052568936,-0.006656608286846777
2024-01-31,7.439386020015914,-0.019586074580360546
2024-02-01,7.526987840568148,0.011775410002456965
2024-02-02,7.654197263868913,0.016900442247979486
2024-02-05,7.644206017533017,-0.001305329088271523
2024-02-06,7.6288623178028905,-0.0020072326275526464
2024-02-07,7.707364967584933,0.010290217140090041
2024-02-08,7.721638176636213,0.0018518921980870129
2024-02-09,7.79764246246551,0.009843026063985683
2024-02-12,7.767135687593483,-0.0039123074722742235
2024-02-13,7.645990721033198,-0.015597122469971914
2024-02-14,7.729311131238818,0.010897268025243045
2024-02-15,7.75232778557155,0.0029778403200393377
2024-02-16,7.682030021518909,-0.00906795558664042
2024-02-20,7.6240451097480815,-0.007548123556976427
2024-02-21,7.593536677769741,-0.004001606960500892
2024-02-22,7.815841908743432,0.029275585330942766
2024-02-23,7.792825806779471,-0.002944801370433736
2024-02-26,7.788722811545999,-0.0005265092965253126
2024-02-27,7.807457503163347,0.002405361196007094
2024-02-28,7.7658851246951786,-0.005324701216922967
2024-02-29,7.832433961896774,0.008569382128763792
2024-03-01,7.950366351682978,0.015056927432764988
2024-03-04,7.921998901062329,-0.003568068358842824
2024-03-05,7.779801503520177,-0.017949686602845127
2024-03-06,7.828688349258355,0.006283816587872915
2024-03-07,7.947512814610264,0.015178080931420146
2024-03-08,7.832791344491827,-0.014434889605656198
2024-03-11,7.803711338156158,-0.003712598109244847
2024-03-12,7.915575956989254,0.014334797122253162
2024-03-13,7.8547358510394,-0.007686124961776675
2024-03-14,7.834932325849519,-0.0025212210270902924
2024-03-15,7.741800741527457,-0.011886712028742918
2024-03-18,7.815636979929265,0.009537346783642597
2024-03-19,7.835109636225116,0.0024914995854921074
2024-03-20,7.928008120925674,0.011856692377480993
2024-03-21,7.965524455505934,0.004732126154265215
2024-03-22,7.974636883126638,0.0011439833838442492
2024-03-25,7.945694968983802,-0.003629245389727198
2024-03-26,7.919968945827675,-0.0032377310300167883
2024-03-27,7.946944427144561,0.00340600847066419
2024-03-28,7.932296159697545,-0.0018432578183108506
2024-04-01,7.949089275083653,0.0021170560261516425
2024-04-02,7.8804861784214655,-0.00863030899366335
2024-04-03,7.898173578848363,0.0022444554849077036
2024-04-04,7.777405880158899,-0.01529058553649476
2024-04-05,7.869052697223615,0.011783725637685594
2024-04-08,7.871375960275848,0.0002952404999210234
2024-04-09,7.900496289531825,0.0036995220915552185
2024-04-10,7.831535810274584,-0.008728626244482118
2024-04-11,7.956592100104689,0.015968297005810372
2024-04-12,7.829749449668089,-0.01594183148271866
2024-04-15,7.700942023511853,-0.016451027837384502
2024-04-16,7.7016567887019605,9.281529297644475e-05
2024-04-17,7.607686156216242,-0.012201352911956564
2024-04-18,7.564274942108301,-0.005706230937572165
2024-04-19,7.407775612338759,-0.020689270414848582
2024-04-22,7.482273036159856,0.010056652323136017
2024-04-23,7.59392996433493,0.014922862028085015
2024-04-24,7.619657092228601,0.0033878542486562857
2024-04-25,7.582853865732134,-0.00483003710678831
2024-04-26,7.6998704280954655,0.015431731170785667
2024-04-29,7.731134500552992,0.004060337475738418
2024-04-30,7.585353886791194,-0.018856302881727238
2024-05-01,7.530508086747861,-0.00723048665387116
2024-05-02,7.626622462435128,0.012763332112531556
2024-05-03,7.779905901217961,0.020098469478177172
2024-05-06,7.865122041046801,0.010953363820955575
2024-05-07,7.866373156313873,0.00015907131008807696
2024-05-08,7.861727734946951,-0.0005905416987742607
2024-05-09,7.878878232928112,0.002181517671353994
2024-05-10,7.897458261289486,0.0023582073249619473
2024-05-13,7.915680354687037,0.0023073364612598013
2024-05-14,7.966596603291098,0.006432327522410963
2024-05-15,8.091116543044237,0.015630255421957395
2024-05-16,8.074680257884411,-0.002031398889434599
2024-05-17,8.070749601707597,-0.00048678784190581137
2024-05-20,8.127026036868685,0.0069728882617274834
2024-05-21,8.142925419582774,0.001956359268687091
2024-05-22,8.141316921720648,-0.0001975331688851556
2024-05-23,8.104694319812408,-0.00449836338031917
2024-05-24,8.181335486835053,0.009456392060992469
2024-05-28,8.212241624328753,0.0037776396706177273
2024-05-29,8.154358900780624,-0.0070483463828745485
2024-05-30,8.066997913012692,-0.010713409702823862
2024-05-31,8.051992262970622,-0.0018601281671171144
2024-06-03,8.095225614334192,0.00536927383330843
2024-06-04,8.117377259171015,0.002736383875157067
2024-06-05,8.28102313610408,0.02015994473438809
2024-06-06,8.278164627712425,-0.00034518782820358584
2024-06-07,8.270840770173303,-0.0008847199673469586
2024-06-10,8.304247481094833,0.004039094917895669
2024-06-11,8.36123812907726,0.0068628311128935415
2024-06-12,8.47074965694447,0.013097525291902778
2024-06-13,8.516664206324098,0.005420364340715356
2024-06-14,8.560789633253375,0.005181069237943037
2024-06-17,8.665659053966293,0.01224997052906951
2024-06-18,8.668339147244806,0.0003092774896662487
2024-06-20,8.601523515926656,-0.007708008441200231
2024-06-21,8.578477033680272,-0.0026793488622929296
2024-06-24,8.480813815958182,-0.011384680210560716
2024-06-25,8.57779706772276,0.011435606755342942
2024-06-26,8.595511534219453,0.002065153367098338
2024-06-27,8.617699083026412,0.0025812947511767437
2024-06-28,8.572966050448668,-0.005190832511876686
2024-07-01,8.623247074965695,0.0058650674948601544
2024-07-02,8.713788049750198,0.010499638245012655
2024-07-03,8.786435590556096,0.008337079165929406
2024-07-05,8.878050370232073,0.01042684245866976
2024-07-08,8.8991652188851,0.0023783204388911905
2024-07-09,8.906859163501018,0.0008645692519102521
2024-07-10,8.999726163181611,0.01042645875227799
2024-07-11,8.802360382233667,-0.021930198471524553
2024-07-12,8.854074251343533,0.005875000211789105
2024-07-15,8.877871955118932,0.0026877687152655483
2024-07-16,8.881271784906495,0.00038295548806632773
2024-07-17,8.620562010368237,-0.02935500464937102
2024-07-18,8.579764605286252,-0.00473256906370112
2024-07-19,8.503717787061563,-0.0088635087002078
2024-07-22,8.630404117135875,0.014897758044965403
2024-07-23,8.599986273636032,-0.003524498167988055
2024-07-24,8.291501019327521,-0.03587043566036818
2024-07-25,8.200064654764684,-0.011027721560872727
2024-07-26,8.284163904937888,0.01025592525350838
2024-07-29,8.300805671280651,0.0020088649299712102
2024-07-30,8.18682382294703,-0.013731419918427745
2024-07-31,8.429102708692174,0.02959375833471034
2024-08-01,8.224936715800332,-0.024221557139326833
2024-08-02,8.029717992266564,-0.023734981833811286
2024-08-05,7.79030369096956,-0.02981602859871091
2024-08-06,7.864740354225811,0.009555039984196823
2024-08-07,7.779566746792363,-0.01082980538418954
2024-08-08,8.017551517709153,0.030591005728553666
2024-08-09,8.059422175313843,0.005222374625495796
2024-08-12,8.076778706846712,0.002153570213263123
2024-08-13,8.277186382618396,0.024812822419140623
2024-08-14,8.27987034247831,0.00032425992793272407
2024-08-15,8.489045215388611,0.025263061407757803
2024-08-16,8.499960022310178,0.0012857520068076944
2024-08-19,8.611615293378938,0.013135976025262952
2024-08-20,8.59354344428719,-0.0020985434760005806
2024-08-21,8.633624979441526,0.0046641452870039846
2024-08-22,8.496740264742067,-0.01585483676038857
2024-08-23,8.58889139449501,0.010845468601097696
2024-08-26,8.505506909511915,-0.009708410684589608
2024-08-27,8.530916425362069,0.002987419341431208
2024-08-28,8.434111588710632,-0.011347530772150005
2024-08-29,8.42176614667131,-0.0014637513281005043
2024-08-30,8.522147018748365,0.011919218644741214
2024-09-03,8.263408095986227,-0.03036076732693327
2024-09-04,8.241935864738146,-0.002598471598965424
2024-09-05,8.249629809354062,0.0009335118280686672
2024-09-06,8.02864529211263,-0.026787204074401272
2024-09-09,8.131891301006595,0.012859704861465815
2024-09-10,8.207043834190493,0.009241704100815484
2024-09-11,8.385262304048902,0.021715306200260853
2024-09-12,8.467574088878067,0.009816244482825365
2024-09-13,8.505506909511912,0.004479774281948012
2024-09-16,8.467931471473118,-0.004417777616143148
2024-09-17,8.472404553783385,0.0005282378967443879
2024-09-18,8.43572284841661,-0.004329550735439502
2024-09-19,8.649013973410897,0.025284273657037115
2024-09-20,8.632551726918818,-0.0019033668511447832
2024-09-23,8.655433050902571,0.0026505863744092917
2024-09-24,8.697184396852652,0.004823715428741826
2024-09-25,8.705247323807821,0.000927073244311849
2024-09-26,8.770650548177668,0.007513080552114415
2024-09-27,8.721911737270208,-0.00555703486756598
2024-09-30,8.745564720427518,0.00271190352182038
2024-10-01,8.623717140790097,-0.013932499905102258
2024-10-02,8.635902395885735,0.0014129933643116654
2024-10-03,8.629451833374091,-0.0007469471302403718
2024-10-04,8.732126140589726,0.01189812623074693
2024-10-07,8.63859077469582,-0.010711637050125122
2024-10-08,8.76760312966622,0.014934421404507736
2024-10-09,8.836591227362028,0.007868524233536345
2024-10-10,8.826557448630739,-0.0011354806930776729
2024-10-11,8.840353411063585,0.0015630060205393814
2024-10-14,8.914537089422565,0.008391483338905825
2024-10-15,8.795378440963997,-0.01336677914548734
2024-10-16,8.796453902961787,0.00012227580711932085
2024-10-17,8.802545978140833,0.0006925603483234344
2024-10-18,8.860244210519337,0.00655472093207865
2024-10-21,8.87726711131432,0.0019212676750797186
2024-10-22,8.886942955081784,0.0010899574887335284
2024-10-23,8.750760853459463,-0.015323841090309709
2024-10-24,8.821718698193848,0.00810876287475426
2024-10-25,8.875475227020111,0.006093657105306294
2024-10-28,8.876908071612952,0.0001614386335595519
2024-10-29,8.962200990701009,0.009608404007337867
2024-10-30,8.894469531959988,-0.007557458130128758
2024-10-31,8.669948197475703,-0.02524280213423924
2024-11-01,8.734096439997078,0.007398918777859809
2024-11-04,8.708651572545559,-0.0029132798826213557
2024-11-05,8.819747294048957,0.012756937233960874
2024-11-06,9.059319572814562,0.02716316814737474
2024-11-07,9.201952789317298,0.01574436306792326
2024-11-08,9.212704647451323,0.0011684322208767028
2024-11-11,9.207329546937467,-0.0005834443542420686
2024-11-12,9.190664028737537,-0.0018100273390858623
2024-11-13,9.17883836571204,-0.0012867038756417815
2024-11-14,9.115048058154487,-0.00694971466060923
2024-11-15,8.89787322832895,-0.023825966516023978
2024-11-18,8.959692684110378,0.006947666503565042
2024-11-19,9.021332620041125,0.006879693099302697
2024-11-20,9.016136487009183,-0.000575982867586422
2024-11-21,9.048569371786852,0.003597204281944988
2024-11-22,9.063082861253662,0.0016039540473726799
2024-11-25,9.07741793560733,0.0015816995798365596
2024-11-26,9.126157851252334,0.005369358995118478
2024-11-27,9.05430240726453,-0.00787357014408252
2024-11-29,9.133861738506134,0.008786908992322928
2024-12-02,9.233310212097175,0.010887889092057401
2024-12-03,9.261621873471917,0.0030662525924505246
2024-12-04,9.37612184371305,0.012362842254345807
2024-12-05,9.350140626184565,-0.002770998282824677
2024-12-06,9.433820076091553,0.008949539183683353
2024-12-09,9.360355029504081,-0.007787412309638753
2024-12-10,9.32845904717215,-0.0034075611695705277
2024-12-11,9.4954600120223,0.017902309910528658
2024-12-12,9.43417911579292,-0.006453704839132657
2024-12-13,9.506392494744551,0.0076544422217661445
2024-12-16,9.64328936155698,0.014400506489513187
2024-12-17,9.600821040941707,-0.004403924742170773
2024-12-18,9.254453783926314,-0.03607683713073562
2024-12-19,9.213241549897056,-0.004453232464225798
2024-12-20,9.293696270916994,0.008732509680139389
2024-12-23,9.384241664651668,0.009742667620634471
2024-12-24,9.511488649028884,0.013559644873226917
2024-12-26,9.5050292486169,-0.0006791156095889983
2024-12-27,9.378677101649247,-0.013293188654420973
2024-12-30,9.25394229044406,-0.013299830013686287
2024-12-31,9.17533248112038,-0.008494737362351623
2025-01-02,9.157384915002183,-0.0019560671131129137
2025-01-03,9.307248086352914,0.016365280343869415
2025-01-06,9.414214298921816,0.011492786221713125
2025-01-07,9.24622569870852,-0.01784414449037308
2025-01-08,9.24784027262713,0.00017461978230048913
2025-01-10,9.102824689613628,-0.015681021594061817
2025-01-13,9.073569582377445,-0.003213849352669995
2025-01-14,9.064954839019714,-0.000949432665889538
2025-01-15,9.27350608758718,0.023006319642075335
2025-01-16,9.20853647270283,-0.007005938667718481
2025-01-17,9.363959788105813,0.016878177749928946
2025-01-21,9.418880710302048,0.005865138620735566
2025-01-22,9.539310359303457,0.012785983038269721
2025-01-23,9.559588921636685,0.0021257891366801562
2025-01-24,9.50556615106264,-0.005651160422993962
2025-01-27,9.228816692142374,-0.02911446351770719
2025-01-28,9.365218084166914,0.0147799437972016
2025-01-29,9.347629557750086,-0.0018780690699092828
2025-01-30,9.38747081248889,0.004262177324493299
2025-01-31,9.373831722787102,-0.0014529035534942558
2025-02-03,9.29881010100201,-0.00800330366532187
2025-02-04,9.412958212335802,0.012275561076517949
2025-02-05,9.455671784685547,0.004537741630868952
2025-02-06,9.505029248616902,0.005219879142938755
2025-02-07,9.385138711536317,-0.012613379080135934
2025-02-10,9.498747710949287,0.012105201947981925
2025-02-11,9.476133733450858,-0.002380732511967021
2025-02-12,9.481697191715737,0.0005871021263914589
2025-02-13,9.618098031371508,0.014385698772888977
2025-02-14,9.658480607506222,0.004198603092107955
2025-02-18,9.680376505601917,0.002267012689208814
2025-02-19,9.683070960468486,0.0002783419493044281
2025-02-20,9.641969200193495,-0.004244702991725524
2025-02-21,9.44185483223939,-0.020754512257733504
2025-02-24,9.33039896629708,-0.0118044460461032
2025-02-25,9.212842739644156,-0.012599271164883463
2025-02-26,9.235096572703675,0.0024155229486071406
2025-02-27,8.978626228485409,-0.027771268248165337
2025-02-28,9.12041321603046,0.015791612651746334
2025-03-03,8.920835750522093,-0.02188250255564972
2025-03-04,8.893914953713569,-0.003017743803538586
2025-03-05,9.009856054079114,0.013036002814163838
2025-03-06,8.762000453218578,-0.027509385208026926
2025-03-07,8.826432060919648,0.007353527090654621
2025-03-10,8.48435173793858,-0.03875635371348751
2025-03-11,8.464070966130267,-0.002390373765107534
2025-03-12,8.559552879574358,0.011280849821104999
2025-03-13,8.405561856395446,-0.01799054522419985
2025-03-14,8.608727509442401,0.02417038343396105
2025-03-17,8.664543821416968,0.006483689013660365
2025-03-18,8.516836545380755,-0.017047322868990578
2025-03-19,8.63080403212632,0.013381434073356457
2025-03-20,8.60154947725891,-0.0033895515132214005
2025-03-21,8.62990588050413,0.0032966622258223666
2025-03-24,8.819283304281038,0.021944320876631007
2025-03-25,8.869611280143626,0.005706583417969924
2025-03-26,8.706403984015,-0.018400727041330223
2025-03-27,8.656795744661459,-0.0056979023078439495
2025-03-28,8.428881208814866,-0.026327817193462666
2025-03-31,8.4285221691135,-4.2596365101399414e-05
2025-04-01,8.49646463272517,0.008061017370357915
2025-04-02,8.558475760470252,0.007298462410617157
2025-04-03,8.100310721243092,-0.053533485640436584
2025-04-04,7.597209377730339,-0.06210889443948964
2025-04-07,7.615542497250927,0.0024131386419765644
2025-04-08,7.478398721597713,-0.01800840527155101
2025-04-09,8.376036088461303,0.1200306910985105
2025-04-10,8.019785849389194,-0.04253208024770494
2025-04-11,8.167534000714486,0.01842295468981181
2025-04-14,8.222894608452703,0.0067781300614573325
2025-04-15,8.232061720581768,0.001114827875775326
2025-04-16,7.9838371373819825,-0.03015339189928279
2025-04-17,7.982398769101428,-0.0001801600227815392
2025-04-21,7.784860649096826,-0.024746711573623625
2025-04-22,7.989229361327749,0.026252070710428566
2025-04-23,8.170409632538053,0.02267806605820044
2025-04-24,8.400301648586023,0.02813714689805047
2025-04-25,8.49394804060297,0.011147979671981112
2025-04-28,8.491251928630087,-0.000317415642289709
2025-04-29,8.54733172050858,0.006604419742795464
2025-04-30,8.546253496666935,-0.00012614741967453824
2025-05-01,8.657873968503102,0.01306074900302212
2025-05-02,8.786390296316844,0.014843866783147641
2025-05-05,8.73426436010356,-0.005932576912174414
2025-05-06,8.653021408846929,-0.009301636395130708
2025-05-07,8.686992088283993,0.003925874886006042
2025-05-08,8.776684624635728,0.010324924374306876
2025-05-09,8.77093225625105,-0.000655414730128201
2025-05-12,9.128261823902347,0.04074020380178256
2025-05-13,9.267385841600795,0.0152410196357593
2025-05-14,9.32292320734584,0.005992775815563789
2025-05-15,9.33316854331655,0.0010989402940311255
2025-05-16,9.373791952235566,0.004352584948024596
2025-05-19,9.382780096882717,0.0009588589860913821
2025-05-20,9.35150276757468,-0.003333482079413641
2025-05-21,9.221547519111612,-0.013896723520595455
2025-05-22,9.238804624265642,0.0018713892780213293
2025-05-23,9.153245463429803,-0.009260847513878456
2025-05-27,9.368578695771712,0.023525342262723736
2025-05-28,9.327056030492964,-0.004432120028781794
2025-05-29,9.345391359488637,0.001965821684326796
2025-05-30,9.330653055931894,-0.0015770664908302257
2025-06-02,9.404346783190698,0.007898024588102626
2025-06-03,9.477862647705134,0.007817221781510453
2025-06-04,9.504285760250685,0.0027878767109954516
2025-06-05,9.432746271200084,-0.007527076821469025
2025-06-06,9.524955399674017,0.009775427624451716
2025-06-09,9.538975623828026,0.001471946436041982
2025-06-10,9.602064975414754,0.006613849754383727
2025-06-11,9.569710527002613,-0.0033695302515637238
2025-06-12,9.59217867914541,0.0023478403113030843
2025-06-13,9.471752344356632,-0.012554638400408491
2025-06-16,9.603503343695309,0.01390988642319968
2025-06-17,9.509856951678364,-0.009751273953418682
2025-06-18,9.508238511178355,-0.00017018557778869514
2025-06-20,9.469414719716347,-0.004083173914533722
2025-06-23,9.566784077252088,0.01028251063215202
2025-06-24,9.713078946339998,0.015291958918124848
2025-06-25,9.737910132086563,0.0025564690541224344
2025-06-26,9.828962600353323,0.009350308950453412
2025-06-27,9.862614010640556,0.0034236990876355122
2025-06-30,9.926493249570292,0.0064769075278439114
2025-07-01,9.842817113875933,-0.008429576648126158
2025-07-02,9.911377125773956,0.0069654867203994275
2025-07-03,10.008907774990927,0.009840272242627846
2025-07-07,9.93351164717887,-0.007532902641030237
2025-07-08,9.939090571769347,0.0005616266219470312
2025-07-09,10.009447991649292,0.0070788589128854
2025-07-10,9.995052156730775,-0.0014382246583953817
2025-07-11,9.972558595624497,-0.0022504696077180197
2025-07-14,10.008728807509014,0.0036269741147860746
2025-07-15,10.017904757538421,0.0009167947504504781
2025-07-16,10.0281622456221,0.0010239155124689425
2025-07-17,10.10931737024409,0.008092721541020031
2025-07-18,10.099601203556318,-0.000961110066281079
2025-07-21,10.151965763078817,0.005184814575060592
2025-07-22,10.099421131336863,-0.005175808603792853
2025-07-23,10.145487582128608,0.004561296156747829
2025-07-24,10.16707967740007,0.0021282461879403858
2025-07-25,10.191551823445268,0.0024069985503896163
2025-07-28,10.223402511537952,0.003125204938801529
2025-07-29,10.207567203601338,-0.0015489273672578685
2025-07-30,10.221243854379576,0.0013398541009275178
2025-07-31,10.16707967740007,-0.005299176670782502
2025-08-01,9.966800703552106,-0.019698770955159706
2025-08-04,10.150705257542633,0.01845171379066346
2025-08-05,10.0817851012057,-0.006789691414369581
2025-08-06,10.208647636918066,0.012583340592847492
2025-08-07,10.243196094089946,0.0033842344648022937
2025-08-08,10.338748158367995,0.00932834472759736
2025-08-11,10.308156871073955,-0.0029588966502951397
2025-08-12,10.437717175865519,0.012568716833862625
2025-08-13,10.442935956017086,0.0004999924852950866
2025-08-14,10.434839334566867,-0.0007753204160515503
2025-08-15,10.388952955994577,-0.004397420707790367
2025-08-18,10.384812399684655,-0.0003985537645093684
2025-08-19,10.243916382967768,-0.013567507172413285
2025-08-20,10.183096162293682,-0.005937203936495439
2025-08-21,10.135951487660291,-0.0046296994432752925
2025-08-22,10.292322667874885,0.015427380488646003
2025-08-25,10.262630636940576,-0.002884871752708018
2025-08-26,10.303837347282121,0.004015219079718246
2025-08-27,10.31967486469382,0.0015370504092706572
2025-08-28,10.384274392501377,0.006259841385949816
2025-08-29,10.264071214696218,-0.01157550092204418
2025-09-02,10.178057454361571,-0.008380082185272753
2025-09-03,10.258132145666831,0.007867384485135354
2025-09-04,10.350983126653054,0.009051451050515524
2025-09-05,10.365918073492393,0.0014428529789487499
2025-09-08,10.416483015557885,0.004877999392528087
2025-09-09,10.445994974272738,0.002833197987341274
2025-09-10,10.449414136967297,0.0003273180489729022
2025-09-11,10.510236567116468,0.005820654569905326
2025-09-12,10.556662057609579,0.004417168937791871
2025-09-15,10.646993132260974,0.008556783778664423
2025-09-16,10.637998359188565,-0.0008448181529444598
2025-09-17,10.61676419888093,-0.001996067266667234
2025-09-18,10.712493021165805,0.009016760708970617
2025-09-19,10.785010202941669,0.006769402942208069
2025-09-22,10.848858509220209,0.005920096975070566
2025-09-23,10.776797584049469,-0.00664225873251989
2025-09-24,10.738963637425693,-0.0035106854637201312
2025-09-25,10.692665191749988,-0.004311258259070083
2025-09-26,10.736622698572779,0.004110996279646617
2025-09-29,10.786344725893214,0.004631067768362973
2025-09-30,10.815889826734347,0.002739120767224268
2025-10-01,10.867773825425786,0.004797016197705117
2025-10-02,10.912452725863938,0.004111136388726067
2025-10-03,10.8665133198896,-0.0042098148902359744
2025-10-06,10.948122491641627,0.007510152461015496
2025-10-07,10.890475077190084,-0.005265506893584071
2025-10-08,11.015320362149538,0.0114637133894131
2025-10-09,11.001989494222153,-0.001210211549833029
2025-10-10,10.620062945183337,-0.03471431682782378
2025-10-13,10.845434927575479,0.021221341488786294
2025-10-14,10.77319282544774,-0.006661060862027446
2025-10-15,10.849218653659118,0.007056944904187956
2025-10-16,10.80904487291997,-0.0037029192628171836
2025-10-17,10.880024260036437,0.006566665968266383
2025-10-20,11.01712218908163,0.012600884498830567
2025-10-21,11.01424103357035,-0.0002615161620096451
2025-10-22,10.90812878312193,-0.0096340955427614
2025-10-23,10.99982752285115,0.008406459215177797
2025-10-24,11.117286532600321,0.010678259227716147
2025-10-27,11.315277594997415,0.01780929742311721
2025-10-28,11.402290038070634,0.007689819568517553
2025-10-29,11.453634924841248,0.004503032864379142
2025-10-30,11.278526291165452,-0.015288476961668462
2025-10-31,11.33293130092926,0.004823769379021181
2025-11-03,11.3871584479487,0.004784918003958305
2025-11-04,11.156019735583829,-0.020298190582085818
2025-11-05,11.22862308688802,0.006507997746957317
2025-11-06,11.019464232672085,-0.01862729317721734
2025-11-07,10.984693723254129,-0.0031553720474779556
2025-11-10,11.2277216210532,0.022124230672412093
2025-11-11,11.197816375773158,-0.002663518591694336
2025-11-12,11.188988418069691,-0.0007883642138092339
2025-11-13,10.960554103209272,-0.02041599350406942
2025-11-14,10.968840739516832,0.000756041731971635
2025-11-17,10.875161205373606,-0.00854051365754005
2025-11-18,10.742748468246871,-0.012175703387395043
2025-11-19,10.806884006286506,0.0059701237750473535
2025-11-20,10.551063247743329,-0.023672018538772432
2025-11-21,10.630331480642441,0.007512819422826
2025-11-24,10.902183085667284,0.025573201129228895
2025-11-25,10.969380956175195,0.00616370776200359
2025-11-26,11.066303999743697,0.008835780611114563
2025-11-28,11.156019735583829,0.008107109278961522
2025-12-01,11.11854924761159,-0.00335876852680006
2025-12-02,11.20556279542235,0.007825980339067451
2025-12-03,11.232947029630024,0.0024438071257661953
2025-12-04,11.22249731721392,-0.0009302734525979961
2025-12-05,11.268256650968802,0.004077464441420986
2025-12-08,11.246638041996317,-0.0019185406972982433
2025-12-09,11.260510231319607,0.0012334521011070354
2025-12-10,11.306629709513402,0.004095682810670409
2025-12-11,11.270059582638437,-0.003234396793254324
2025-12-12,11.054593781791407,-0.019118426062179394
2025-12-15,10.999107233973326,-0.0050193203760662275
2025-12-16,11.020904810427723,0.0019817587001125236
2025-12-17,10.816610115612159,-0.018537016545344343
2025-12-18,10.97334475447829,0.014490181044790384
2025-12-19,11.116386171503041,0.01303535250420107
2025-12-22,11.169673186873668,0.004793555616773082
2025-12-23,11.221983614256576,0.004683254962587702
2025-12-24,11.254814204549607,0.002925560348468359
2025-12-26,11.254093915671787,-6.399829128489465e-05
2025-12-29,11.199615993230163,-0.004840720439142743
2025-12-30,11.173641404126935,-0.0023192392595361433
2025-12-31,11.08128313608474,-0.008265726874685742
2026-01-02,11.059816980893144,-0.0019371542923305451
2026-01-05,11.147664605548622,0.00794295464447936
2026-01-06,11.245613950294263,0.008786534957006875
2026-01-07,11.256439273474873,0.0009626262495279203
2026-01-08,11.19239984760145,-0.00568913706346974
2026-01-09,11.303880017769698,0.009960345563613693
2026-01-12,11.313259239506955,0.0008297347213976902
2026-01-13,11.29648379992153,-0.0014828122674713784
2026-01-14,11.175805584973022,-0.010682812199433789
2026-01-15,11.216032393114219,0.0035994548970399443
2026-01-16,11.206652066639418,-0.0008363319707028749
2026-01-20,10.968542460380306,-0.02124716684726291
2026-01-21,11.116820333357309,0.013518466424559117
2026-01-22,11.19763188460353,0.007269304425451262
2026-01-23,11.232987904919101,0.003157455136937104
2026-01-26,11.2824138625781,0.004400072187147552
2026-01-27,11.384692673753458,0.009065330559677509
2026-01-28,11.42239184239703,0.0033113909811974818
2026-01-29,11.354027369044058,-0.0059851276594469205
2026-01-30,11.217654147826856,-0.012010999866797434
2026-02-02,11.29467976351435,0.006866463760822672
2026-02-03,11.121148695049484,-0.015363965344589059
2026-02-04,10.926872865008384,-0.017469043474581114
2026-02-05,10.769577019470578,-0.014395321285518126
2026-02-06,10.997223656463074,0.021137936669279433
2026-02-09,11.081464313041737,0.007660174895975258
2026-02-10,11.030054246756103,-0.00463928455963436
2026-02-11,11.059636908673689,0.0026820051158211733
2026-02-12,10.834695773923189,-0.02033892582622543
2026-02-13,10.857784788564965,0.002131025653470342
2026-02-17,10.846600425682986,-0.001030077782878669
2026-02-18,10.927594258623746,0.007467209057409274
2026-02-19,10.885744591032367,-0.0038297237800856143
2026-02-20,10.98207218106537,0.008848966575272899
2026-02-23,10.848584534309618,-0.012155050937099343
2026-02-24,10.965114459785404,0.010741486606593798
2026-02-25,11.124034269510933,0.014493219410373515
2026-02-26,10.989828543352447,-0.012064483343630195
2026-02-27,10.95465259525633,-0.0032007731474020806
2026-03-02,10.969082677038669,0.0013172559930003658
2026-03-03,10.851652390465608,-0.010705570377263718
2026-03-04,11.017066952204488,0.015243260269211634
2026-03-05,10.983875112735005,-0.0030127655222101923
2026-03-06,10.81864062321558,-0.015043369286659725
2026-03-09,10.963130351158771,0.01335562691981207
2026-03-10,10.963311528115767,1.6526024154916996e-05
2026-03-11,10.961868740885041,-0.00013160140775214657
2026-03-12,10.773726413680839,-0.01716334428476407
2026-03-13,10.709868164764414,-0.005927220208166384
2026-03-16,10.830006163054557,0.011217504869518224
2026-03-17,10.882859016570915,0.004880223770939329
2026-03-18,10.731154247736557,-0.013939789958076654
2026-03-19,10.697242119389253,-0.00316015663966962
2026-03-20,10.499539393490794,-0.01848165384048972
2026-03-23,10.62006294518333,0.011478937044348214
2026-03-24,10.547455174928968,-0.0068368493321682156
2026-03-25,10.616811702595255,0.006575664604969944
2026-03-26,10.363410319270523,-0.02386793610202098
2026-03-27,10.160942860350534,-0.019536759877538112
2026-03-30,10.083280915838463,-0.007643182879722654
2026-03-31,10.424638188097855,0.03385378976432163
2026-04-01,10.55341633870921,0.012353248936580297
2026-04-02,10.565516529014062,0.0011465661844940467
2026-04-06,10.629093069857108,0.006017362300125839
2026-04-07,10.630719243519916,0.0001529927014582988
2026-04-08,10.946792387640247,0.029732056399946583
2026-04-09,11.020842945125334,0.006764589558553746
2026-04-10,11.03673680415171,0.0014421636444248431
2026-04-13,11.150886020223044,0.010342659981562141
2026-04-14,11.353351269667948,0.018156875523408278
2026-04-15,11.512292069406788,0.013999461125057566
2026-04-16,11.567739951410877,0.0048164068171479
2026-04-17,11.719093413706668,0.013084099653997816
2026-04-20,11.681886958007127,-0.0031748578483062895
2026-04-21,11.637457728253617,-0.003803257976491281
2026-04-22,11.832157777511101,0.01673046242606646
2026-04-23,11.76551117103698,-0.0056326671539821405
2026-04-24,11.99055615111649,0.019127514037256654
2026-04-27,11.99687745933564,0.0005271905772745722
2026-04-28,11.876227967563242,-0.01005674119631117
2026-04-29,11.948834633080061,0.006113613321933942
2026-04-30,12.060272823221688,0.009326281061176722
2026-05-01,12.176047108218288,0.009599640629495587
2026-05-04,12.153108337882314,-0.0018839258859709718
2026-05-05,12.310783108397256,0.012974028218234235
2026-05-06,12.566532059000158,0.020774385215872604
2026-05-07,12.551540770546143,-0.0011929535040877681
2026-05-08,12.8457599965974,0.023440885181338134
2026-05-11,12.882966452296941,0.002896399723285814
2026-05-12,12.773694652476488,-0.008481881888388387
2026-05-13,12.908614039087539,0.010562283683906104
2026-05-14,13.000364701481265,0.0071077082416364235
2026-05-15,12.804218550780426,-0.01508774216760933
2026-05-18,12.749131917952791,-0.004302225286858863
2026-05-19,12.670566298130817,-0.006162428965955091
2026-05-20,12.880437708061772,0.016563696127924077
2026-05-21,12.905001547323012,0.0019070655685766713
2026-05-22,12.959726930974194,0.004240633637315083
2026-05-26,13.1898282947865,0.01775510896470789
2026-05-27,13.174837006332485,-0.0011365795004276702
2026-05-28,13.2859150520352,0.008431075515342279
2026-05-29,13.33486044886314,0.0036840064561787234
2026-06-01,13.414872170128469,0.0060001918709355895
2026-06-02,13.476641360351707,0.004604530661185269
2026-06-03,13.44142343222897,-0.0026132570557489965
2026-06-04,13.376401894680114,-0.004837399690344579
2026-06-05,12.734320701718232,-0.04800103929422472
2026-06-08,12.933177878348781,0.015615844872174156
2026-06-09,12.784352055550617,-0.011507289561625167
2026-06-10,12.528964354124165,-0.01997658546297376
2026-06-11,12.952141803006231,0.033775932065986725
2026-06-12,13.028360960287577,0.005884675943221618
2026-06-15,13.437629763507445,0.03141368315380433
2026-06-16,13.182242062080993,-0.019005412853389303
2026-06-17,13.049492380003743,-0.010070341710618935
2026-06-18,13.37658307163711,0.02506539581068923
2026-06-22,13.343005678765236,-0.0025101621760993398
2026-06-23,12.903633882245188,-0.03292899719133657
2026-06-24,12.848847738029159,-0.004245791899862628
2026-06-25,12.95299466038917,0.008105545686541538
2026-06-26,12.774715429965914,-0.013763553147168484
2026-06-29,13.092220313941544,0.024854164910073306
2026-06-30,13.314980696782817,0.017014713891123634
2026-07-01,13.111927726965213,-0.015249963514154086
2026-07-02,12.884647862836884,-0.01733382526666305
2026-07-06,13.069438416336629,0.014341917254311332
2026-07-07,12.827330764910599,-0.018524717261255708
2026-07-08,12.863674420589314,0.002833298395807704
2026-07-09,13.07775598529538,0.016642333885830585
2026-07-10,13.118076696127705,0.003083152100227471
2026-07-13,12.869097577186276,-0.01897984931090735
2026-07-14,13.012843816763251,0.011169877197279243
2026-07-15,12.977585013351435,-0.0027095386610569427
2026-07-16,12.764227051735817,-0.016440498089291156
2026-07-17,12.572386063238758,-0.015029581322824392
2026-07-20,12.585585467398564,0.0010498726409937653
2026-07-21,12.819013195951847,0.01854722842715173
2026-07-22,12.753558601286265,-0.005106055642898566
2026-07-23,12.511453159335321,-0.01898336374339682
2026-07-24,12.371685079649497,-0.011171210722356162
2026-07-27,12.333534073350975,-0.0030837356474000543
2026-07-28,12.21365568838336,-0.009719710851298968
2026-07-29,11.964857746398929,-0.02037047288151972
2026-07-30,12.359389350799596,0.03297419933967949
2026-07-31,12.439670628025334,0.006495569881900698
2026-08-03,12.658091601799002,0.017558420982753953
2026-08-04,13.088060977093397,0.03396794626081601
2026-08-05,12.969629798306677,-0.009048794851582387
2026-08-06,12.921715121606049,-0.0036943750473806825
2026-08-07,13.073235399270784,0.011726019049234537
2026-08-10,13.034179612924815,-0.0029874614166396363
2026-08-11,12.99042316833479,-0.0033570539834080204
2026-08-12,13.085349951163687,0.007307443460370822
2026-08-13,13.236689051871425,0.011565537129121894
2026-08-14,13.218607812510564,-0.0013659941160515388
2026-08-17,13.196909662435008,-0.0016414852746460262
2026-08-18,12.973426781240832,-0.01693448594486635
2026-08-19,12.94757039905467,-0.0019930264086855942
2026-08-20,12.854452071583122,-0.0071919537489711916
2026-08-21,12.899836899311039,0.003530669955839505
2026-08-24,12.77109851925122,-0.009979845564302758
2026-08-25,12.850655088648967,0.006229422572993526
2026-08-26,12.862408391365419,0.0009146072815255923
2026-08-27,13.038519021992416,0.013691886096947492
2026-08-28,12.953899440436617,-0.006489968792703249
2026-08-31,12.95986612790457,0.00046060937059055895
2026-09-01,12.794965269123033,-0.01272396313002655
2026-09-02,12.823895031152901,0.0022610270072151994
2026-09-03,12.97631898412754,0.01188593267524074
2026-09-04,12.999644412603448,0.0017975381542669755
2026-09-08,12.98879588993444,-0.0008345245704174387
2026-09-09,12.951729735902818,-0.002853702094152255
2026-09-10,12.81395128853134,-0.010637841445189311
2026-09-11,12.925873353716653,0.008734391341528314
2026-09-14,12.822810178886,-0.007973401255785939
2026-09-15,12.738913095683106,-0.006542800059618603
2026-09-16,12.742167652483808,0.00025548151370968775
2026-09-17,12.962758330791278,0.01731186438003518
2026-09-18,13.04466688641737,0.006318759752816483
2026-09-21,13.420621224300518,0.02882053954743813
2026-09-22,13.529041271475574,0.008078616135797079
2026-09-23,13.415916147106293,-0.008361651213807164
2026-09-24,13.413924305316861,-0.00014846856283168286
2026-09-25,13.475464814868769,0.004587808023302609
2026-09-28,13.33120818654708,-0.010705131904801934
2026-09-29,13.356547551563272,0.0019007553300205426
2026-09-30,13.389852074262107,0.00249349785715669
2026-10-01,13.430758295992046,0.0030550167024301356
2026-10-02,13.56741322528263,0.010174773924072733
2026-10-05,13.687235268635568,0.00883160565417529
2026-10-06,13.749860630454375,0.004575457394402571
2026-10-07,13.714927724617647,-0.0025406007213888415
2026-10-08,13.53121318548446,-0.013395224737745237
