Date,equity,port_ret
2012-05-21,1.0,0.0
2012-05-22,0.9975528887669762,-0.0024471112330237133
2012-05-23,0.9966625637562595,-0.0008925090797112789
2012-05-24,1.0004166688141278,0.003766676099200339
2012-05-25,1.0006340180927156,0.00021725875364037028
2012-05-29,1.0018626020524934,0.0012278055088707496
2012-05-30,1.0037539461831393,0.0018878278586017538
2012-05-31,1.003216556062395,-0.0005353803317913464
2012-06-01,0.9986453108490732,-0.004556588690346086
2012-06-04,0.9968924723366958,-0.001755216284835992
2012-06-05,0.9980422290185587,0.0011533407200555734
2012-06-06,1.0025790260910787,0.004545696505228458
2012-06-07,1.0040667449239704,0.0014838918371273824
2012-06-08,1.0074756141983938,0.0033950624215539627
2012-06-11,1.004423471976306,-0.003029494887095696
2012-06-12,1.0064403548508474,0.002008000540422328
2012-06-13,1.0085545555231037,0.0021006716017161753
2012-06-14,1.0147878570522328,0.006180430691620831
2012-06-15,1.0190478325808856,0.004197897618746782
2012-06-18,1.022344125516865,0.003234679306104049
2012-06-19,1.0252578845267035,0.0028500765418545404
2012-06-20,1.0228522720929851,-0.002346348630938855
2012-06-21,1.0168611779364898,-0.005857242849190869
2012-06-22,1.0200037267386022,0.003090440337676914
2012-06-25,1.0165319252239373,-0.003403714539128022
2012-06-26,1.01691713358607,0.0003789436933306356
2012-06-27,1.0231101133886416,0.006089955216638354
2012-06-28,1.0224458199639526,-0.0006492882984890924
2012-06-29,1.029819706259693,0.007212006887563349
2012-07-02,1.0338340829747619,0.0038981354606710816
2012-07-03,1.0324094462712747,-0.0013780129006656927
2012-07-05,1.0305453960482962,-0.0018055338700270207
2012-07-06,1.028953019820491,-0.0015451781492704653
2012-07-09,1.0331077006735552,0.0040377750713912475
2012-07-10,1.030886840139909,-0.002149689264922039
2012-07-11,1.0300034301598735,-0.0008569417569784799
2012-07-12,1.032417346616006,0.002343600405056767
2012-07-13,1.0377414798768911,0.005156958354425256
2012-07-16,1.0398351533733485,0.0020175289675282704
2012-07-17,1.0451728682940218,0.005133231842910035
2012-07-18,1.04651025450959,0.0012795837474725014
2012-07-19,1.0457432574513137,-0.000732909261969672
2012-07-20,1.0410596075538743,-0.004478776089701486
2012-07-23,1.0357919578281147,-0.005059892524441223
2012-07-24,1.0310298077932862,-0.004597593173839565
2012-07-25,1.0337942358050278,0.002681229961390086
2012-07-26,1.0371484211691615,0.003244538659592844
2012-07-27,1.0602591637392949,0.02228296557987421
2012-07-30,1.0600268599262528,-0.0002191009717122878
2012-07-31,1.057658921218172,-0.0022338478368799496
2012-08-01,1.0564281216840081,-0.0011637017468222968
2012-08-02,1.05548268188027,-0.0008949400194221138
2012-08-03,1.071075320040913,0.014772992895407669
2012-08-06,1.0742850595316649,0.0029967448887059933
2012-08-07,1.0760542230306813,0.0016468287288549958
2012-08-08,1.0783623178396031,0.002144961433654412
2012-08-09,1.0826272568342692,0.0039550148629177405
2012-08-10,1.0875562207709129,0.004552780197920177
2012-08-13,1.100536038259503,0.011934847358410208
2012-08-14,1.1035959552871388,0.002780387848520635
2012-08-15,1.1036198377832582,2.1640615847680106e-05
2012-08-16,1.1120659151760177,0.007653067753588486
2012-08-17,1.112451027811474,0.00034630378487550905
2012-08-20,1.1091197525288217,-0.0029945365677858564
2012-08-21,1.106355875280696,-0.0024919556628794966
2012-08-22,1.1061231388080752,-0.00021036311897520982
2012-08-23,1.0930271108883798,-0.011839575052925183
2012-08-24,1.1041177666577255,0.010146734384595115
2012-08-27,1.0946406968629652,-0.008583386737311929
2012-08-28,1.090587711516251,-0.0037025714084350037
2012-08-29,1.0971419537306544,0.006009825844535499
2012-08-30,1.0787279622621357,-0.016783599793905257
2012-08-31,1.0846176715917357,0.005459865263202322
2012-09-04,1.066771403617743,-0.016453971239287088
2012-09-05,1.0646370174594801,-0.0020007905639619337
2012-09-06,1.095387989338516,0.02888399649339296
2012-09-07,1.0811697228545567,-0.012980119028460104
2012-09-10,1.0784247862763305,-0.0025388581646356148
2012-09-11,1.0776997333261966,-0.0006723259325646103
2012-09-12,1.0753238734520634,-0.0022045657066280255
2012-09-13,1.0823319589422304,0.006517185810884341
2012-09-14,1.0750775589226171,-0.006702564735040273
2012-09-17,1.0793039915182459,0.003931281571781797
2012-09-18,1.0824264345646366,0.002893015379289432
2012-09-19,1.0842308983981621,0.001667054476779617
2012-09-20,1.0868341543508602,0.002401016201017736
2012-09-21,1.0900198394614269,0.0029311602858760333
2012-09-24,1.092727450585168,0.0024840016903535656
2012-09-25,1.0943474773615816,0.0014825533810339242
2012-09-26,1.0937687202419166,-0.0005288604685783072
2012-09-27,1.0957514508321309,0.0018127512274950797
2012-09-28,1.093440031404394,-0.002109437706864725
2012-10-01,1.0977251747670738,0.0039189559917391925
2012-10-02,1.0998184532332707,0.0019069239863620524
2012-10-03,1.1049882162292752,0.004700560334122694
2012-10-04,1.106178704230374,0.001077376196065738
2012-10-05,1.104209703654434,-0.001780002244130885
2012-10-08,1.105603316253573,0.0012620905200586008
2012-10-09,1.0977586060613576,-0.007095411235557736
2012-10-10,1.095030564471079,-0.002485101528893141
2012-10-11,1.0959445138540658,0.0008346336738356275
2012-10-12,1.0951810731194977,-0.0006966052796625877
2012-10-15,1.103211983169237,0.007332951825823719
2012-10-16,1.1065469961259096,0.003023002838576705
2012-10-17,1.1030522929936448,-0.003158205791981561
2012-10-18,1.1022063025105913,-0.0007669541040139505
2012-10-19,1.0946635570344465,-0.0068433155017931235
2012-10-22,1.0932306110126002,-0.0013090287080791962
2012-10-23,1.0885741142201755,-0.004259391152715286
2012-10-24,1.0883593596252608,-0.0001972806372201874
2012-10-25,1.0907141100960356,0.0021635780957363626
2012-10-26,1.092031925864502,0.0012082137347158572
2012-10-31,1.0903405627455298,-0.0015488220434883848
2012-11-01,1.0937471635180582,0.0031243456300942274
2012-11-02,1.0912239605701501,-0.0023069343922155205
2012-11-05,1.0928144047425792,0.0014574864829745016
2012-11-06,1.0908767368394758,-0.0017730987939894027
2012-11-07,1.0863571561017829,-0.004143071884351812
2012-11-08,1.0823064100219582,-0.0037287424831445315
2012-11-09,1.0838802767645392,0.0014541785283792574
2012-11-12,1.0869957146122482,0.002874337613198885
2012-11-13,1.085574139213191,-0.0013078022111285836
2012-11-14,1.0792187581102832,-0.005854396188466782
2012-11-15,1.0774397374605842,-0.0016484337733474463
2012-11-16,1.0818290232013867,0.0040738108946561935
2012-11-19,1.0864344952174325,0.004257116343964473
2012-11-20,1.0872257730637283,0.0007283254073569001
2012-11-21,1.0860107540843331,-0.0011175406336912386
2012-11-23,1.0924408469945084,0.005920837234799692
2012-11-26,1.0908928190814051,-0.0014170359130767363
2012-11-27,1.088865813493101,-0.001858116171312707
2012-11-28,1.0938296625294588,0.004558733477390997
2012-11-29,1.0982201659790345,0.0040138822341156954
2012-11-30,1.0988025414882696,0.0005302903072407772
2012-12-03,1.097356623784157,-0.0013159031304698088
2012-12-04,1.0995462281811306,0.0019953444026455935
2012-12-05,1.1017767894814476,0.0020286198462132754
2012-12-06,1.1018081042203505,2.8422035390274214e-05
2012-12-07,1.1064143473103605,0.004180621899917328
2012-12-10,1.1135465024719413,0.006446188246671606
2012-12-11,1.1191519668829466,0.005033884439097866
2012-12-12,1.1129119197020652,-0.005575692457800121
2012-12-13,1.113786889024342,0.0007861981768613488
2012-12-14,1.102884721552435,-0.009788378350778632
2012-12-17,1.101398631046398,-0.0013474576961635704
2012-12-18,1.1121047941617197,0.009720516090663829
2012-12-19,1.1068112491799569,-0.004759933604776008
2012-12-20,1.1069968494520204,0.00016768918115075523
2012-12-21,1.091266607342713,-0.014209834578205063
2012-12-24,1.0942995153710242,0.0027792548657714234
2012-12-26,1.0896646792848481,-0.004235436478836911
2012-12-27,1.0862728173010614,-0.0031127575742043024
2012-12-28,1.0819311762989974,-0.003996823756348066
2012-12-31,1.084835052353953,0.002683974839221337
2013-01-02,1.0931076233612727,0.007625648700573806
2013-01-03,1.090970527566211,-0.0019550643956632308
2013-01-04,1.0936377623341065,0.002444827518710002
2013-01-07,1.0956837423479522,0.0018708022750414388
2013-01-08,1.0971536696531345,0.0013415616645297002
2013-01-09,1.1034774372095815,0.005763793834318576
2013-01-10,1.105733122361252,0.0020441606467049844
2013-01-11,1.1073650253547167,0.0014758561179570306
2013-01-14,1.1076880565793714,0.0002917116011960652
2013-01-15,1.108373400498434,0.0006187156347781664
2013-01-16,1.1079030272712969,-0.00042438155492147134
2013-01-17,1.1102912858187928,0.002155656667333028
2013-01-18,1.1136993681933969,0.003069538974261876
2013-01-22,1.1157522600674057,0.001843308825198231
2013-01-23,1.1153528567779214,-0.0003579677171886009
2013-01-24,1.117979972367641,0.0023554120776710374
2013-01-25,1.1186105938845528,0.0005640722843864299
2013-01-28,1.1154956988622164,-0.0027846106941641913
2013-01-29,1.1206634416371133,0.004632687315753781
2013-01-30,1.119292549139173,-0.0012232865345706556
2013-01-31,1.1182073844224962,-0.0009695094615892463
2013-02-01,1.1207375650123506,0.0022627113942383925
2013-02-04,1.1177558386319348,-0.002660503648222734
2013-02-05,1.1218975463592282,0.003705377851000502
2013-02-06,1.1234636841043837,0.0013959721636239708
2013-02-07,1.1216496312786348,-0.0016146964529566987
2013-02-08,1.1262388344053509,0.0040914765170337875
2013-02-11,1.1244879511945778,-0.001554628696228133
2013-02-12,1.1232559996879052,-0.0010955666580187984
2013-02-13,1.1209069533970095,-0.0020912831015801325
2013-02-14,1.1244609545422304,0.003170647781646996
2013-02-15,1.1252289100615303,0.0006829543668883109
2013-02-19,1.1278261362230937,0.0023081758194617996
2013-02-20,1.125436736607796,-0.002118588618011119
2013-02-21,1.1239574161355164,-0.0013144412512590131
2013-02-22,1.1271162649389954,0.002810470181637381
2013-02-25,1.1252236999415128,-0.0016791213616147993
2013-02-26,1.1256170425913685,0.0003495684012663758
2013-02-27,1.131502645643879,0.005228779264891792
2013-02-28,1.1317753950842,0.00024105064302865076
2013-03-01,1.137484529215439,0.0050444055914593555
2013-03-04,1.1392773422847133,0.0015761208378903824
2013-03-05,1.1436096769381467,0.0038027041288692387
2013-03-06,1.1429505479793947,-0.0005763583257853422
2013-03-07,1.1403666835466355,-0.0022606966131010764
2013-03-08,1.1384935767589788,-0.001642547800354055
2013-03-11,1.14170296842342,0.0028189809147429745
2013-03-12,1.1458188783423056,0.0036050619405582074
2013-03-13,1.1454599893121393,-0.00031321619581387017
2013-03-14,1.1461316682790537,0.0005863836128554567
2013-03-15,1.1469058308437032,0.0006754569183241577
2013-03-18,1.1450763341924564,-0.0015951585579621619
2013-03-19,1.1472341042377312,0.0018843896959906958
2013-03-20,1.1498085962926616,0.0022440860548169628
2013-03-21,1.1481136571600374,-0.0014741054624998196
2013-03-22,1.152705737952467,0.00399967439093829
2013-03-25,1.151469312462681,-0.0010726289017893298
2013-03-26,1.1587440733163608,0.006317806974917128
2013-03-27,1.1641730162283361,0.004685195840042233
2013-03-28,1.1682024458023463,0.0034611947862051573
2013-04-01,1.1712804290465486,0.00263480294469709
2013-04-02,1.1786537691953283,0.006295110859815045
2013-04-03,1.1775953132660997,-0.0008980210787016274
2013-04-04,1.1826071039795614,0.004255953345773222
2013-04-05,1.1811718547852839,-0.0012136314668225179
2013-04-08,1.1797756316839898,-0.0011820660098169067
2013-04-09,1.1818989977792227,0.001799805012247968
2013-04-10,1.189332104145875,0.0062891214736784384
2013-04-11,1.1957677553934956,0.005411147336548461
2013-04-12,1.2002185628402882,0.00372213368918628
2013-04-15,1.1906540292529983,-0.007968993217914888
2013-04-16,1.1975582105302387,0.0057986460446212695
2013-04-17,1.1959037078793768,-0.0013815634482847727
2013-04-18,1.188935770169604,-0.00582650397675305
2013-04-19,1.1969662983254208,0.006754383506075434
2013-04-22,1.2009427814074902,0.0033221345393202872
2013-04-23,1.2043178722932313,0.002810367769383093
2013-04-24,1.1942234615735712,-0.00838184913791784
2013-04-25,1.1959599191715296,0.0014540474658487623
2013-04-26,1.1979831389807651,0.0016917120522207396
2013-04-29,1.1996534273002193,0.0013942502737352425
2013-04-30,1.1950150874944963,-0.0038663998286250223
2013-05-01,1.1906545805620086,-0.003648913706713164
2013-05-02,1.197264778315046,0.005551734198106062
2013-05-03,1.196205303850642,-0.0008849124133553654
2013-05-06,1.1915413926719163,-0.003898922002529337
2013-05-07,1.1926007392358862,0.0008890556135817129
2013-05-08,1.1950766954924565,0.002076098207147492
2013-05-09,1.1957182873327017,0.0005368624814331424
2013-05-10,1.1982292368907093,0.0020999507865760436
2013-05-13,1.202143055736448,0.0032663356269747035
2013-05-14,1.2057927735570444,0.003036009569061082
2013-05-15,1.2105694861673741,0.003961470590206462
2013-05-16,1.2071971227518423,-0.002785766082877783
2013-05-17,1.207402031355181,0.00016973914158402437
2013-05-20,1.202769867409012,-0.003836471884157644
2013-05-21,1.210882970612752,0.006745349566511072
2013-05-22,1.2060791170564769,-0.003967231906683855
2013-05-23,1.2064583467489702,0.0003144318537069424
2013-05-24,1.2048489551630555,-0.0013339802325141314
2013-05-28,1.2039050041367114,-0.0007834600530621794
2013-05-29,1.1969042016172224,-0.0058150788437905665
2013-05-30,1.2012494465107164,0.0036304032416485388
2013-05-31,1.1864131052616473,-0.012350758031285214
2013-06-03,1.190475809593679,0.003424358947160644
2013-06-04,1.185258326457058,-0.004382687236964222
2013-06-05,1.1795048992636423,-0.004854154630251517
2013-06-06,1.1888212564944416,0.00789853203375035
2013-06-07,1.189652503606913,0.0006992195907756238
2013-06-10,1.189035900516886,-0.0005183052094266949
2013-06-11,1.188065858657512,-0.0008158221790883213
2013-06-12,1.1793856448327331,-0.007306172264378685
2013-06-13,1.1929614859949698,0.011510943194634193
2013-06-14,1.1927736286052575,-0.0001574714623377993
2013-06-17,1.1927097645312168,-5.354249331895877e-05
2013-06-18,1.1973953358010412,0.003928509189044804
2013-06-19,1.179668238946133,-0.014804715138671376
2013-06-20,1.1618436300133623,-0.015109848976432971
2013-06-21,1.1614339670625928,-0.00035259732048864567
2013-06-24,1.1550990748499472,-0.0054543713997511345
2013-06-25,1.1573746812900623,0.0019700530367153246
2013-06-26,1.1680575174964931,0.009230231470523709
2013-06-27,1.1732814661679016,0.004472338556242628
2013-06-28,1.1680713782864836,-0.004440612105154174
2013-07-01,1.1698880316486917,0.0015552588617255836
2013-07-02,1.168892115303658,-0.0008512920194851947
2013-07-03,1.1668923203663417,-0.0017108464597664907
2013-07-05,1.165049046908604,-0.0015796431475006978
2013-07-08,1.171729837598759,0.00573434286554908
2013-07-09,1.1744067625073547,0.0022845922521539386
2013-07-10,1.176183013962051,0.0015124669845258398
2013-07-11,1.1896374984711968,0.011439107986965014
2013-07-12,1.192770180610763,0.002633308166220205
2013-07-15,1.1952414866803796,0.002071904638285993
2013-07-16,1.1920632898470496,-0.0026590415984948934
2013-07-17,1.1962477873441386,0.0035102980963587216
2013-07-18,1.195133650009044,-0.0009313599965508068
2013-07-19,1.2063105976837138,0.009352048345877773
2013-07-22,1.2092336332351035,0.002423120179000593
2013-07-23,1.2063857068715185,-0.002355149811675117
2013-07-24,1.2013771678281617,-0.004151689641901712
2013-07-25,1.2052320997926056,0.0032087608019160108
2013-07-26,1.209676843487233,0.0036878736430867587
2013-07-29,1.2066593397170695,-0.0024944709708294988
2013-07-30,1.2066000586812622,-4.91282285364214e-05
2013-07-31,1.2072516305360814,0.0005400064836158514
2013-08-01,1.2057095519216916,-0.0012773464747404262
2013-08-02,1.2110797000693065,0.004453931827160029
2013-08-05,1.2083513831052994,-0.0022527972055438883
2013-08-06,1.2057023097733504,-0.002192303802509288
2013-08-07,1.2083723175620322,0.002214483431804748
2013-08-08,1.2092615393063684,0.0007358839088024149
2013-08-09,1.2075462733670745,-0.0014184408281750494
2013-08-12,1.2038731348574647,-0.0030418200864202327
2013-08-13,1.2006951979124405,-0.0026397606633198345
2013-08-14,1.196511174411045,-0.0034846674732020855
2013-08-15,1.1831262125989817,-0.011186658426864948
2013-08-16,1.178089667624565,-0.004256980295748003
2013-08-19,1.176633217110134,-0.0012362815449928344
2013-08-20,1.1814837167403855,0.004122354833875019
2013-08-21,1.174201115433624,-0.006163945557246864
2013-08-22,1.177772814514116,0.003041812031640556
2013-08-23,1.182626246177177,0.0041208555701495175
2013-08-26,1.1846383011921298,0.0017013448005713805
2013-08-27,1.1506376277941965,-0.028701311922565295
2013-08-28,1.1628259911061447,0.010592703573681724
2013-08-29,1.1750645745541757,0.01052486231098861
2013-08-30,1.1741839973561754,-0.0007493862184844769
2013-09-03,1.1866165310069268,0.010588232916429524
2013-09-04,1.197534124690877,0.009200608114473032
2013-09-05,1.2132117396466933,0.013091580968402862
2013-09-06,1.2294183143563715,0.013358405775399028
2013-09-09,1.2407298874624322,0.00920075207435207
2013-09-10,1.2483107814706662,0.0061100277222617605
2013-09-11,1.2756537199449225,0.021903951227628365
2013-09-12,1.2691294482837558,-0.005114453522268029
2013-09-13,1.2662154406630068,-0.0022960680840630816
2013-09-16,1.2468421965111667,-0.0153001168124249
2013-09-17,1.2849484794602022,0.030562233982505516
2013-09-18,1.2947326428116501,0.007614440195733107
2013-09-19,1.300871862021628,0.004741688752548978
2013-09-20,1.3150515465904986,0.010900139347187355
2013-09-23,1.306291448673081,-0.006661410299945801
2013-09-24,1.3222781679116138,0.012238248405263564
2013-09-25,1.3351848013346592,0.009760906393417774
2013-09-26,1.3476263176251477,0.009318197958853162
2013-09-27,1.3566802981842243,0.006718465230800704
2013-09-30,1.342805404859801,-0.010227091336841427
2013-10-01,1.3465567199041881,0.0027936401140554804
2013-10-02,1.3449437300392293,-0.001197862549060425
2013-10-03,1.3290162863674082,-0.01184246100121711
2013-10-04,1.3613230491687476,0.024308778705521696
2013-10-07,1.3551648651464065,-0.0045236757183398525
2013-10-08,1.303229234674353,-0.038324215604898036
2013-10-09,1.2995989536208024,-0.0027856043717878745
2013-10-10,1.3133189255838784,0.010557081417194969
2013-10-11,1.3173810496360372,0.0030930217885597466
2013-10-14,1.3199328285120522,0.0019370089441624327
2013-10-15,1.315842581927664,-0.00309882934648964
2013-10-16,1.3325012676292747,0.012660090143310598
2013-10-17,1.3419033637384088,0.007055975358178701
2013-10-18,1.3392980469812292,-0.0019415084778693359
2013-10-21,1.3353996858503951,-0.002910749507640198
2013-10-22,1.3462946235339233,0.008158559417804634
2013-10-23,1.3461952303703653,-7.382720083748406e-05
2013-10-24,1.3448249183679364,-0.0010179147656406706
2013-10-25,1.3468949158619787,0.0015392319593204862
2013-10-28,1.3485397976307243,0.0012212398676200165
2013-10-29,1.3539159826143006,0.003986671355952431
2013-10-30,1.348458432836772,-0.0040309368141076
2013-10-31,1.3449996868761538,-0.00256496298023956
2013-11-01,1.34572993991174,0.0005429391863146504
2013-11-04,1.347555753726397,0.0013567460754990712
2013-11-05,1.3422419925532019,-0.003943258865914068
2013-11-06,1.3427665755683005,0.00039082595985595603
2013-11-07,1.3385726789130845,-0.0031233251791666916
2013-11-08,1.3408891894781598,0.001730582583648832
2013-11-11,1.342197544091542,0.000975736566189489
2013-11-12,1.3412218881772247,-0.0007269093276263683
2013-11-13,1.3477865564629992,0.004894543060802836
2013-11-14,1.3567029022578738,0.006615547359571483
2013-11-15,1.3600647128475758,0.002477926880017023
2013-11-18,1.3594632555870894,-0.0004422269431776926
2013-11-19,1.3576909571670346,-0.0013036751179342776
2013-11-20,1.3559649213349878,-0.0012713024440027532
2013-11-21,1.3593135073659806,0.0024695226095494682
2013-11-22,1.3703582331836053,0.008125223326167497
2013-11-25,1.373625459268235,0.0023842131243589915
2013-11-26,1.373129864604283,-0.0003607931555200117
2013-11-27,1.3713328708084036,-0.0013086845186325857
2013-11-29,1.3705558155035096,-0.000566642367754111
2013-12-02,1.3678618078399492,-0.0019656314854793466
2013-12-03,1.363140324787269,-0.0034517251857014153
2013-12-04,1.3576813045454779,-0.004004738281543463
2013-12-05,1.3547547679028,-0.0021555402087956033
2013-12-06,1.364184194859049,0.006960246370526391
2013-12-09,1.3663564678719602,0.0015923604899525934
2013-12-10,1.3664871976658488,9.567766315943249e-05
2013-12-11,1.3520757676015027,-0.010546333759264503
2013-12-12,1.3452628650749976,-0.005038846705011701
2013-12-13,1.3467670133907383,0.001118107363839993
2013-12-16,1.3476840764425373,0.0006809366747779211
2013-12-17,1.346577498780641,-0.0008210957458348878
2013-12-18,1.3607336831869137,0.010512714209981566
2013-12-19,1.3564069330539603,-0.0031797185492020152
2013-12-20,1.3619198962841963,0.004064387386920276
2013-12-23,1.3623551133704193,0.0003195614422041304
2013-12-24,1.3584653526725399,-0.002855173852767512
2013-12-26,1.3629406036204872,0.003294343090269436
2013-12-27,1.361914442445884,-0.0007529023435630666
2013-12-30,1.3648711155733613,0.002170968333493506
2013-12-31,1.3614209461419409,-0.002527835333353823
2014-01-02,1.360289939345772,-0.0008307546606903804
2014-01-03,1.3614842503104363,0.0008779826492276155
2014-01-06,1.3605652951871097,-0.0006749656656822034
2014-01-07,1.3688254630199321,0.006071129303416689
2014-01-08,1.371502620147446,0.0019558060540513234
2014-01-09,1.3784282273415582,0.005049649262330758
2014-01-10,1.3869130821622877,0.006155456375914192
2014-01-13,1.3832898268251508,-0.002612460278684614
2014-01-14,1.3894106334137923,0.004424818624372995
2014-01-15,1.3881789244449574,-0.0008864974394277025
2014-01-16,1.391821026916361,0.0026236549246413388
2014-01-17,1.3927468660918034,0.0006651998766635803
2014-01-21,1.3960184497337753,0.002349015260147247
2014-01-22,1.3946895981929532,-0.0009518868042721063
2014-01-23,1.394544576774182,-0.00010398114315834928
2014-01-24,1.3809771601648362,-0.009728922857904887
2014-01-27,1.373288265905275,-0.0055677200762997425
2014-01-28,1.383508201113584,0.007441944609911877
2014-01-29,1.3804742376371424,-0.00219294939776965
2014-01-30,1.3923716828834862,0.008618375426337255
2014-01-31,1.389061819982561,-0.0023771403437841676
2014-02-03,1.379184897080672,-0.007110499158355044
2014-02-04,1.3838900968680905,0.003411580127782754
2014-02-05,1.3775174861518618,-0.004604853182092139
2014-02-06,1.3801096223519775,0.0018817446792323
2014-02-07,1.3937730126835937,0.00990022104789845
2014-02-10,1.3999267023221118,0.004415130428354286
2014-02-11,1.4063280255443387,0.004572613131536563
2014-02-12,1.404667787035399,-0.0011805485482642708
2014-02-13,1.4129919563341182,0.005926076881344167
2014-02-14,1.4150645093636498,0.0014667833176548184
2014-02-18,1.4233650151435746,0.005865814402805869
2014-02-19,1.4176094776738961,-0.004043613133977386
2014-02-20,1.4232782388631195,0.00399881721905887
2014-02-21,1.4228588077772364,-0.00029469366876450076
2014-02-24,1.427483234834085,0.0032500955341258075
2014-02-25,1.4281302611870816,0.00045326371421228195
2014-02-26,1.4302273410890785,0.0014684094014321136
2014-02-27,1.4351789807954354,0.0034621346999186287
2014-02-28,1.4344793333683097,-0.0004874983792877985
2014-03-03,1.4327173769803638,-0.0012282898379641916
2014-03-04,1.4408111301521922,0.005649232222538658
2014-03-05,1.4397908729192361,-0.0007081130979659789
2014-03-06,1.4322482901104197,-0.005238665524753439
2014-03-07,1.4318597289376838,-0.0002712945621362536
2014-03-10,1.4371750632566105,0.0037121892679180565
2014-03-11,1.4255681563373592,-0.008076195597876725
2014-03-12,1.4408657635382434,0.010730884477798233
2014-03-13,1.4091914768340554,-0.021982815822070248
2014-03-14,1.4006524661926205,-0.006059510564610383
2014-03-17,1.4113185351875555,0.007615071727198931
2014-03-18,1.431905336623551,0.014586927701094566
2014-03-19,1.4295792517572568,-0.0016244683267814552
2014-03-20,1.4298689291249,0.0002026312058510738
2014-03-21,1.4285230028624316,-0.0009412934535840047
2014-03-24,1.3995529568001328,-0.020279719685472063
2014-03-25,1.4077466631811835,0.005854516859286458
2014-03-26,1.3608144863567833,-0.033338510437911
2014-03-27,1.35086241374486,-0.007313320597113357
2014-03-28,1.3664157122785001,0.01151360669701601
2014-03-31,1.383971753053069,0.012848242754245034
2014-04-01,1.410858897482359,0.019427523986653917
2014-04-02,1.4113999994716544,0.00038352665192883093
2014-04-03,1.4091834276556912,-0.0015704774102261246
2014-04-04,1.3703278493138729,-0.0275731161602277
2014-04-07,1.3653619640569354,-0.0036238665509308347
2014-04-08,1.3786138237117713,0.009705748368337543
2014-04-09,1.391431970749242,0.009297851811001848
2014-04-10,1.3520420335581365,-0.028308920607807587
2014-04-11,1.343249294770977,-0.006503302832989376
2014-04-14,1.3487783433445568,0.004116174559036328
2014-04-15,1.358003608648239,0.006839719327644612
2014-04-16,1.3644039158273245,0.0047130266358100985
2014-04-17,1.361366067617039,-0.0022265021193841033
2014-04-21,1.3679476622517184,0.004834551698647893
2014-04-22,1.3740983192812923,0.0044962663406651225
2014-04-23,1.3717979486919558,-0.0016740946095761882
2014-04-24,1.3751192190001744,0.002421107504487564
2014-04-25,1.3589325949283153,-0.011771069626696154
2014-04-28,1.3673691756451682,0.006208240753322967
2014-04-29,1.3689858103473789,0.0011822957040463588
2014-04-30,1.3673941470169753,-0.00116265874954528
2014-05-01,1.360814860195251,-0.00481155110695573
2014-05-02,1.3563919039471155,-0.0032502263000720685
2014-05-05,1.3666739243055714,0.007580420030918159
2014-05-06,1.3311971806210032,-0.025958455088396122
2014-05-07,1.3169269226304894,-0.010719867949131804
2014-05-08,1.3137251319746956,-0.0024312591691863427
2014-05-09,1.3113592254126187,-0.0018009144413036915
2014-05-12,1.3523177213793047,0.03123362018046455
2014-05-13,1.352777206892377,0.00033977630094464775
2014-05-14,1.3390203375463372,-0.01016935329479885
2014-05-15,1.3176220013047124,-0.015980590915322206
2014-05-16,1.3217743437272733,0.0031513912324240834
2014-05-19,1.3489125820814984,0.020531672810124343
2014-05-20,1.33572523645338,-0.009776278910356869
2014-05-21,1.3605669025733167,0.018597886333192544
2014-05-22,1.3596337928525433,-0.0006858242097531027
2014-05-23,1.3714560435436418,0.00869517273934121
2014-05-27,1.3773404997452101,0.004290663364145269
2014-05-28,1.378405073873378,0.0007729200792141703
2014-05-29,1.3853486007932874,0.005037363146377422
2014-05-30,1.3951495041127135,0.007074683811579141
2014-06-02,1.3922535037950754,-0.0020757634282928296
2014-06-03,1.3837337211627085,-0.006119419063513408
2014-06-04,1.386432903605141,0.0019506516327177066
2014-06-05,1.4012148949413608,0.010661887277618671
2014-06-06,1.407423779826436,0.004431072569589696
2014-06-09,1.3993299880910333,-0.005750785123440739
2014-06-10,1.4001471171779298,0.0005839430969470805
2014-06-11,1.404227549348071,0.0029142881630648265
2014-06-12,1.3989518833875312,-0.0037569879347467703
2014-06-13,1.4096084898241572,0.0076175646662138725
2014-06-16,1.4180598188522164,0.005995515129958909
2014-06-17,1.4139504861813375,-0.002897855659012318
2014-06-18,1.423361631037268,0.006655922500757083
2014-06-19,1.4239281893378049,0.0003980424146490247
2014-06-20,1.4307476830809542,0.004789211839622776
2014-06-23,1.4275485966831813,-0.0022359542745398198
2014-06-24,1.4309394983980155,0.0023753318960297864
2014-06-25,1.4394393548375328,0.005940052985491717
2014-06-26,1.4422638821341762,0.0019622412623018226
2014-06-27,1.4403796768342312,-0.0013064220239343283
2014-06-30,1.4381059932478186,-0.001578530732542549
2014-07-01,1.4448569708343508,0.004694353280098429
2014-07-02,1.4474242718225847,0.0017768547614449015
2014-07-03,1.4488591861141846,0.0009913570744486955
2014-07-07,1.445163767928032,-0.0025505709744392813
2014-07-08,1.4416950151531975,-0.002400248921136272
2014-07-09,1.4448938960708295,0.002218833306635415
2014-07-10,1.4459655073645643,0.0007416539696435964
2014-07-11,1.44868290898126,0.0018792990585568825
2014-07-14,1.4494250288912716,0.000512272151076465
2014-07-15,1.4425802612444383,-0.004722401994168013
2014-07-16,1.4412747091862794,-0.0009050117301844796
2014-07-17,1.4375535944404223,-0.0025818219955847654
2014-07-18,1.447879133009615,0.0071827155586585145
2014-07-21,1.44514143276118,-0.0018908347983055407
2014-07-22,1.4523087475092527,0.00495959397854806
2014-07-23,1.458123387723665,0.004003721814927197
2014-07-24,1.4536532879361515,-0.003065652622506798
2014-07-25,1.4537686849877884,7.938416443220575e-05
2014-07-28,1.4536345682338285,-9.225453495104174e-05
2014-07-29,1.4552020295044654,0.0010783048951163998
2014-07-30,1.4530273567347896,-0.0014944129581900278
2014-07-31,1.437863114500727,-0.010436308830509
2014-08-01,1.4426847245785424,0.0033533164799832704
2014-08-04,1.4461790739564455,0.002422115739060038
2014-08-05,1.4395596751403403,-0.004577164014685886
2014-08-06,1.4398279920149897,0.00018638815693644561
2014-08-07,1.4338229322616456,-0.004170678571778774
2014-08-08,1.441712623569952,0.0055025562297721375
2014-08-11,1.441008823230093,-0.0004881696451517481
2014-08-12,1.4393755326661226,-0.0011334355054880008
2014-08-13,1.4504206722325597,0.0076735635112390455
2014-08-14,1.4604158006287318,0.006891192732924267
2014-08-15,1.4640578248844878,0.0024938269321572726
2014-08-18,1.4674269659861,0.0023012349951942457
2014-08-19,1.4714724557062202,0.002756859328533312
2014-08-20,1.4691726699749728,-0.0015629145637956476
2014-08-21,1.4717766048441492,0.0017723817781206685
2014-08-22,1.4725483965067465,0.0005243945718780285
2014-08-25,1.4787228298335005,0.004193025737830647
2014-08-26,1.481260729837229,0.001716278367064894
2014-08-27,1.4827358494990095,0.000995854161301435
2014-08-28,1.483493472553844,0.0005109629305114494
2014-08-29,1.4862454226412434,0.001855046980868691
2014-09-02,1.4811489113060172,-0.003429118271845777
2014-09-03,1.4855812301532798,0.0029924869899504714
2014-09-04,1.4792363207785544,-0.0042709945750127876
2014-09-05,1.4837392462385068,0.003044087950451635
2014-09-08,1.4830695510582967,-0.00045135638348037244
2014-09-09,1.4793894643665453,-0.0024813985892471746
2014-09-10,1.4827319399869865,0.002259361514293512
2014-09-11,1.4797285821384596,-0.0020255568572654092
2014-09-12,1.4715207252914138,-0.0055468664632969955
2014-09-15,1.4709213721766956,-0.000407301850675168
2014-09-16,1.489911571226187,0.012910410718547996
2014-09-17,1.4945399054126849,0.0031064489167559922
2014-09-18,1.5110634327233952,0.011055929153091087
2014-09-19,1.508417371446443,-0.0017511252139714136
2014-09-22,1.4917114964706342,-0.011075101157042161
2014-09-23,1.4904949235848464,-0.0008155550779533099
2014-09-24,1.5012120084330516,0.007190286044335612
2014-09-25,1.4727394573957189,-0.018966375753316868
2014-09-26,1.4858417426200092,0.00889653981802
2014-09-29,1.4869661713870719,0.0007567621334151483
2014-09-30,1.4819669474045107,-0.0033620293983539955
2014-10-01,1.4504569741454822,-0.021262264529053495
2014-10-02,1.4520347623110397,0.0010877869483077686
2014-10-03,1.4572562455041882,0.0035959767139721295
2014-10-06,1.454957974044833,-0.00157712239453128
2014-10-07,1.436116494044317,-0.012949844831693683
2014-10-08,1.4555203768981002,0.013511357145644122
2014-10-09,1.4212213100749445,-0.02356481390954576
2014-10-10,1.361567867070143,-0.04197336655587842
2014-10-13,1.3459262456984835,-0.01148794837918544
2014-10-14,1.3547782684623861,0.006576900325848634
2014-10-15,1.3556956975639014,0.0006771802610597323
2014-10-16,1.3569846263669114,0.0009507508250755456
2014-10-17,1.3648377583322828,0.005787193025463227
2014-10-20,1.3740581724598755,0.0067556851144411345
2014-10-21,1.39038219601874,0.011880154629582251
2014-10-22,1.3866850535034931,-0.0026590836144431695
2014-10-23,1.3956478405300805,0.006463462632659567
2014-10-24,1.4060091037520412,0.007423981122648637
2014-10-27,1.4074955061207166,0.0010571783388234612
2014-10-28,1.4109394295020161,0.0024468450281531773
2014-10-29,1.4089190582170334,-0.0014319333932682476
2014-10-30,1.4226128089645718,0.009719331048631985
2014-10-31,1.4243300921830098,0.0012071332463876594
2014-11-03,1.4249121147601307,0.00040862899710908396
2014-11-04,1.4249493451787874,2.612822101155654e-05
2014-11-05,1.4244129029052295,-0.00037646410054703594
2014-11-06,1.4265783029385601,0.0015202052922394516
2014-11-07,1.4119457180217962,-0.010257120051961187
2014-11-10,1.4211759464350744,0.006537240274513073
2014-11-11,1.4155267265789155,-0.003975031993983231
2014-11-12,1.410549112753791,-0.003516439309595056
2014-11-13,1.4195874566973128,0.006407677592931449
2014-11-14,1.4278893001388133,0.005848067621571429
2014-11-17,1.423462689056528,-0.0031001080278807345
2014-11-18,1.4343937996407,0.007679239272099846
2014-11-19,1.426909598327722,-0.005217675449275261
2014-11-20,1.4411363261165755,0.009970307723437202
2014-11-21,1.434986332681027,-0.004267461255466957
2014-11-24,1.4413251152134552,0.004417312129088455
2014-11-25,1.440755261745844,-0.0003953677498548185
2014-11-26,1.4499772294812547,0.006400787128992415
2014-11-28,1.459820281696869,0.0067884184768445
2014-12-01,1.4584350501761911,-0.0009489055180599719
2014-12-02,1.4600280444888767,0.0010922627733700324
2014-12-03,1.4735442709455198,0.009257511530454657
2014-12-04,1.4771443242561186,0.002443125314646163
2014-12-05,1.4765188016367623,-0.00042346750353685004
2014-12-08,1.4566430995421669,-0.013461191332316673
2014-12-09,1.4546650370198586,-0.0013579596284978587
2014-12-10,1.4315414520789258,-0.015896157776848538
2014-12-11,1.4362078562100085,0.0032597059095328244
2014-12-12,1.414706103777091,-0.014971198172984673
2014-12-15,1.4037698179753653,-0.00773042950230242
2014-12-16,1.3754574616654964,-0.020168802568146987
2014-12-17,1.406835554087298,0.022812841033852903
2014-12-18,1.443930604901908,0.02636772343920179
2014-12-19,1.4515093914611055,0.0052487193868380145
2014-12-22,1.4431517665394589,-0.005757885529926675
2014-12-23,1.4206187660275018,-0.015613742805435593
2014-12-24,1.42634391556301,0.004030039354975812
2014-12-26,1.4323839770045053,0.004234645919256708
2014-12-29,1.4373163834650144,0.0034434945794521443
2014-12-30,1.4350246712868764,-0.0015944382214673758
2014-12-31,1.4286697619400515,-0.004428432119655545
2015-01-02,1.4349205271400016,0.004375234477883683
2015-01-05,1.4356394355379711,0.0005010092087833207
2015-01-06,1.438043969450473,0.001674887059368635
2015-01-07,1.4548161433262585,0.011663185710652946
2015-01-08,1.4642773206300648,0.006503349132608971
2015-01-09,1.4613781108069277,-0.0019799595215266863
2015-01-12,1.464261777528916,0.001973251618225036
2015-01-13,1.4617061825407451,-0.0017453129128888745
2015-01-14,1.4639263338437607,0.0015188765906131163
2015-01-15,1.4623115939457532,-0.001103019913418657
2015-01-16,1.4706827508318576,0.005724605426615292
2015-01-20,1.4723682350912737,0.0011460556387586918
2015-01-21,1.4703312452342003,-0.0013834785405751893
2015-01-22,1.4772648707530796,0.0047156894348490686
2015-01-23,1.4778528907330095,0.00039804641102053617
2015-01-26,1.4800159389020529,0.0014636424116411528
2015-01-27,1.4757419899283677,-0.0028877722606525658
2015-01-28,1.4707907307378978,-0.003355098129795897
2015-01-29,1.4744003869748863,0.0024542283015187016
2015-01-30,1.469334512498878,-0.0034358879180724777
2015-02-02,1.4725521848002439,0.002189884110115836
2015-02-03,1.4713084387019841,-0.0008446193697567161
2015-02-04,1.4632890627582713,-0.005450506319930937
2015-02-05,1.4729770492482548,0.006620692203987366
2015-02-06,1.4580464704188054,-0.010136328218466994
2015-02-09,1.4491412473372043,-0.006107640093969968
2015-02-10,1.4595154167080815,0.007158839340153933
2015-02-11,1.4567304612132792,-0.001908137086406093
2015-02-12,1.4877730137165601,0.02130974351797818
2015-02-13,1.4882954379248603,0.00035114510310611954
2015-02-17,1.4896574278916173,0.0009151341407429847
2015-02-18,1.4880319585029742,-0.0010911699282053055
2015-02-19,1.4887007425904022,0.00044944201877286346
2015-02-20,1.4970258136506824,0.005592172303074357
2015-02-23,1.4986317667762294,0.0010727624807154294
2015-02-24,1.5059797032695224,0.004903096715412275
2015-02-25,1.503070874691242,-0.0019315191114231288
2015-02-26,1.5024824056798471,-0.00039151115313562634
2015-02-27,1.4991570029868186,-0.0022132723021963275
2015-03-02,1.5101922399775136,0.007360961506172479
2015-03-03,1.4962824846232547,-0.009210585901610703
2015-03-04,1.503991201133801,0.0051519125497798135
2015-03-05,1.5014295579166104,-0.0017032301886205443
2015-03-06,1.4753712736917688,-0.017355648879725127
2015-03-09,1.4763614323752854,0.0006711250931698611
2015-03-10,1.4532777101161567,-0.015635549502258365
2015-03-11,1.442441241719302,-0.007456570978432378
2015-03-12,1.4453281317624118,0.002001391779167871
2015-03-13,1.4355565437983326,-0.00676080936179095
2015-03-16,1.4502614531156146,0.010243350831987734
2015-03-17,1.4516063456768455,0.0009273448993226405
2015-03-18,1.4617799943582486,0.0070085451966382835
2015-03-19,1.47403514378309,0.008383716750906583
2015-03-20,1.492586178642038,0.012585205269487098
2015-03-23,1.4890844637024516,-0.0023460721998459924
2015-03-24,1.4892766725032676,0.0001290785079698961
2015-03-25,1.4298098512489277,-0.03993000249871941
2015-03-26,1.4226819787362046,-0.0049851891190264555
2015-03-27,1.430556225568909,0.005534790592975236
2015-03-30,1.4377370532025042,0.005019605315225717
2015-03-31,1.4271274492104937,-0.00737937717357845
2015-04-01,1.4233383347031583,-0.0026550638553211048
2015-04-02,1.4234907965822525,0.00010711569791738151
2015-04-06,1.425497649206256,0.0014098107475102317
2015-04-07,1.4277689114307355,0.0015933117993873758
2015-04-08,1.4331374512145278,0.0037600901243974305
2015-04-09,1.4356410310906451,0.0017469223723067806
2015-04-10,1.4416000875261004,0.004150798358645402
2015-04-13,1.4391741646169793,-0.0016827988081521417
2015-04-14,1.4424729716705984,0.0022921527739465652
2015-04-15,1.4447284030712209,0.0015635865939384042
2015-04-16,1.4448701235084545,9.809486470424567e-05
2015-04-17,1.4400768796363301,-0.003317421956573696
2015-04-20,1.4431766557536598,0.002152507384267144
2015-04-21,1.44644576097013,0.002265214867103682
2015-04-22,1.4434175483832716,-0.0020935541923309264
2015-04-23,1.4483426582833847,0.003412117239138146
2015-04-24,1.4593698888020996,0.007613688967626438
2015-04-27,1.4614388824557107,0.0014177308093628093
2015-04-28,1.4605393081847358,-0.0006155401240341106
2015-04-29,1.450889503582354,-0.00660701464746971
2015-04-30,1.4425757612971615,-0.005730100234832039
2015-05-01,1.457355506706945,0.010245385931407495
2015-05-04,1.4528122481637427,-0.0031174675789768973
2015-05-05,1.4266437862915065,-0.018012280599445225
2015-05-06,1.4207101419607016,-0.004159163196742487
2015-05-07,1.4323885682531254,0.008220132979628625
2015-05-08,1.4135078160327448,-0.013181306133577179
2015-05-11,1.4035242944213626,-0.007062940507398675
2015-05-12,1.4034951384312937,-2.0773413174862284e-05
2015-05-13,1.4121884624182963,0.006194053508955828
2015-05-14,1.444968939317349,0.023212536974645596
2015-05-15,1.4504088003578517,0.0037646906396982174
2015-05-18,1.449813191090692,-0.0004106492369687631
2015-05-19,1.4499958822831687,0.00012601016020491462
2015-05-20,1.4525420986643323,0.0017560162840973836
2015-05-21,1.4569644065280714,0.0030445299091884648
2015-05-22,1.4535763163565583,-0.002325444709789959
2015-05-26,1.4507279621518094,-0.0019595491290669287
2015-05-27,1.4587260410472067,0.005513148642653787
2015-05-28,1.459894391853689,0.0008009391575979352
2015-05-29,1.4584582355301663,-0.000983739872922773
2015-06-01,1.458160530549915,-0.00020412307531242346
2015-06-02,1.4483355819143517,-0.006737906032786289
2015-06-03,1.4435162557496013,-0.003327492761298012
2015-06-04,1.4420226166511205,-0.0010347227421454996
2015-06-05,1.4365210090201095,-0.003815202041551613
2015-06-08,1.4339781324898004,-0.0017701631332518453
2015-06-09,1.4314521961121949,-0.0017614887705573734
2015-06-10,1.4375121022963222,0.004233397524964988
2015-06-11,1.4480872876413755,0.007356588739781955
2015-06-12,1.438737531901327,-0.00645662441749445
2015-06-15,1.4413272246332556,0.0017999757944080486
2015-06-16,1.447655241603555,0.004390409660033789
2015-06-17,1.448744467113737,0.0007524067049109462
2015-06-18,1.458436617070438,0.00669003414798891
2015-06-19,1.4617508612625811,0.002272463645900835
2015-06-22,1.4612950129569109,-0.0003118508890609939
2015-06-23,1.4605016800225368,-0.0005428971749987244
2015-06-24,1.4553118827838938,-0.0035534346243017434
2015-06-25,1.457545972234756,0.001535127608927711
2015-06-26,1.453008134530449,-0.003113341047726481
2015-06-29,1.443671111323489,-0.00642599513730685
2015-06-30,1.4442149703080227,0.0003767194482648395
2015-07-01,1.4482063822832516,0.0027637242774029014
2015-07-02,1.4474047864220598,-0.0005535094106738359
2015-07-06,1.4522306713078488,0.003334163967854853
2015-07-07,1.457653958678467,0.0037344531263301395
2015-07-08,1.4480426042042707,-0.00659371479559534
2015-07-09,1.4469134590691064,-0.0007797734209517571
2015-07-10,1.4516408525519895,0.0032672261449034345
2015-07-13,1.4558691951006755,0.0029128021171714313
2015-07-14,1.4654581035287375,0.006586380466274688
2015-07-15,1.4692134721220542,0.0025625902127629496
2015-07-16,1.472378181291655,0.0021540158932994435
2015-07-17,1.470825576910142,-0.001054487495971257
2015-07-20,1.4717442094375477,0.0006245693179579015
2015-07-21,1.4705395782204391,-0.0008185058309615467
2015-07-22,1.4730749441779771,0.00172410589629024
2015-07-23,1.4734070688113643,0.0002254635004824146
2015-07-24,1.4556787166010425,-0.01203221606953725
2015-07-27,1.4574057811506858,0.0011864325073569493
2015-07-28,1.46850159494886,0.007613400428131578
2015-07-29,1.4687151477493419,0.00014542224619745747
2015-07-30,1.4684895242521185,-0.00015361964337951006
2015-07-31,1.47703420972297,0.005818690109623548
2015-08-03,1.478707011833081,0.001132541209336424
2015-08-04,1.4745057022136474,-0.0028412049079454826
2015-08-05,1.4778240689032345,0.0022504943077569783
2015-08-06,1.4643172717390092,-0.00913965163272068
2015-08-07,1.4659568700033048,0.0011197015127386023
2015-08-10,1.4688629766610037,0.0019823957424424665
2015-08-11,1.467523231695921,-0.0009120966260094954
2015-08-12,1.4677351519505406,0.0001444067460346643
2015-08-13,1.4641522701290826,-0.002441095600045129
2015-08-14,1.4654409101477501,0.0008801270502786229
2015-08-17,1.4741379935512517,0.005934789552602737
2015-08-18,1.4718962362199373,-0.0015207242070425786
2015-08-19,1.4733969371196376,0.0010195697650227098
2015-08-20,1.4582709882824023,-0.010266037926483895
2015-08-21,1.4389151800254618,-0.013273121671122545
2015-08-24,1.4095134282611137,-0.020433276521433175
2015-08-25,1.3985740269115639,-0.007761118929562438
2015-08-26,1.42380164598396,0.018038100656070144
2015-08-27,1.437270393132844,0.009459707527993522
2015-08-28,1.4333260008039042,-0.0027443634460055377
2015-08-31,1.4190390819715215,-0.009967668781819039
2015-09-01,1.4036050361785408,-0.010876406428170782
2015-09-02,1.4161129880094692,0.008911304468515124
2015-09-03,1.4127905430954442,-0.002346172192584206
2015-09-04,1.4061395507246137,-0.004707698818720796
2015-09-08,1.4227052526970407,0.011780980034229394
2015-09-09,1.4119904771285965,-0.0075312687207220175
2015-09-10,1.417204865183752,0.003692934293551109
2015-09-11,1.4236151944089857,0.004523219883529217
2015-09-14,1.4220651589069149,-0.0010888023028683969
2015-09-15,1.4266654825042637,0.003234959782633995
2015-09-16,1.4284618934017577,0.001259167562069674
2015-09-17,1.440883893574617,0.008696066888615017
2015-09-18,1.4332649812533416,-0.005287665685799359
2015-09-21,1.419687339295351,-0.00947322521346844
2015-09-22,1.4188539384139407,-0.0005870312838204828
2015-09-23,1.4173457893988357,-0.0010629346504763548
2015-09-24,1.4111620661973296,-0.004362889598119202
2015-09-25,1.3900268696639462,-0.014977157507030103
2015-09-28,1.3670791530426711,-0.01650882952127597
2015-09-29,1.3757044350288399,0.006309277679329428
2015-09-30,1.3901449016311127,0.010496779856619565
2015-10-01,1.3977185207327485,0.005448078896487241
2015-10-02,1.4156106217749687,0.012800932932361841
2015-10-05,1.4135550830857586,-0.0014520509083441602
2015-10-06,1.398379925683916,-0.01073545529525144
2015-10-07,1.407819829147211,0.006750599954928771
2015-10-08,1.4080614627527233,0.0001716367396661922
2015-10-09,1.4116586094951122,0.002554680202209836
2015-10-12,1.4158795858260034,0.002990082943921335
2015-10-13,1.4076642329190672,-0.005802296317552691
2015-10-14,1.4101629315696644,0.0017750672299287062
2015-10-15,1.4235003693812556,0.00945808283071592
2015-10-16,1.4292903130266321,0.00406739876568718
2015-10-19,1.4315208191801607,0.0015605689993136163
2015-10-20,1.417821980080761,-0.009569430577506421
2015-10-21,1.4138813970645367,-0.0027793214321587545
2015-10-22,1.4103569170382833,-0.002492769219236468
2015-10-23,1.4214416622091488,0.007859531893630922
2015-10-26,1.4260602109501623,0.0032492003462424313
2015-10-27,1.440959701949059,0.010448009757575094
2015-10-28,1.443221926538693,0.0015699429946402499
2015-10-29,1.4420220582467538,-0.00083138169527186
2015-10-30,1.438919860172488,-0.0021512833708227097
2015-11-02,1.4521817022379506,0.009216525834783384
2015-11-03,1.447682813620186,-0.00309802045489993
2015-11-04,1.4437428980192095,-0.002721532343900712
2015-11-05,1.4409699551928234,-0.001920662487892133
2015-11-06,1.4330802819536055,-0.0054752517294242575
2015-11-09,1.4263635623645188,-0.004686910896527341
2015-11-10,1.4325277521994637,0.004321611963170269
2015-11-11,1.4250931823554585,-0.005189826048808022
2015-11-12,1.4131500314372014,-0.008380610521563747
2015-11-13,1.414108948144235,0.0006785668086907726
2015-11-16,1.4238867272204025,0.006914445374947342
2015-11-17,1.4267171654737585,0.001987825435300683
2015-11-18,1.4402965289668967,0.009517908539797393
2015-11-19,1.429778849392428,-0.0073024404092768
2015-11-20,1.434984766982356,0.0036410649046462185
2015-11-23,1.434127380701723,-0.0005974880712052433
2015-11-24,1.4370144945576764,0.0020131502227791476
2015-11-25,1.4413368050052198,0.003007840535995121
2015-11-27,1.4434851394052375,0.001490515188786845
2015-11-30,1.4339444293215293,-0.0066094965741312905
2015-12-01,1.4498573398345762,0.011097299300905306
2015-12-02,1.4417052331558098,-0.005622695733427496
2015-12-03,1.4183400074978185,-0.016206659392396128
2015-12-04,1.4376497888997404,0.01361435290539903
2015-12-07,1.4359554054443144,-0.00117857872515853
2015-12-08,1.4379701520838082,0.001403070479664481
2015-12-09,1.4318181836277184,-0.004278230982176223
2015-12-10,1.4356268826788534,0.0026600437783831365
2015-12-11,1.4308147385449246,-0.003351946241734849
2015-12-14,1.4302106174371327,-0.0004222217534649575
2015-12-15,1.4376897492251361,0.005229391878942724
2015-12-16,1.4451151450970814,0.005164811028211813
2015-12-17,1.4403638958423328,-0.003287799779047751
2015-12-18,1.4325032169803364,-0.0054574256440936275
2015-12-21,1.4393425543703966,0.004774395833104683
2015-12-22,1.4421713422066826,0.0019653332889357222
2015-12-23,1.4482957301279422,0.004246643753084589
2015-12-24,1.450323742342513,0.0014002749385939595
2015-12-28,1.4470573163372737,-0.0022522047387595334
2015-12-29,1.4520641104649605,0.0034599832854994572
2015-12-30,1.4492558678613825,-0.001933965989062869
2015-12-31,1.4435999428328041,-0.003902640764825549
2016-01-04,1.433648996392878,-0.006893146878628409
2016-01-05,1.4368921254402431,0.0022621499791964372
2016-01-06,1.4353661286676638,-0.0010620120644838638
2016-01-07,1.4223549556201909,-0.009064706758511953
2016-01-08,1.413441688521992,-0.006266556082206887
2016-01-11,1.4027829041414042,-0.007541014579620642
2016-01-12,1.4149099189035053,0.008644969029989569
2016-01-13,1.3966851313516715,-0.012880528511636458
2016-01-14,1.413973005684072,0.012377789341589118
2016-01-15,1.407358425417747,-0.004678010287137824
2016-01-19,1.4063411393056342,-0.0007228337101194415
2016-01-20,1.411163447631785,0.0034289747994799002
2016-01-21,1.4072995908248311,-0.0027380646894150096
2016-01-22,1.4169045541592102,0.006825102058581278
2016-01-25,1.4126911233317223,-0.0029736871231867967
2016-01-26,1.4185724769299164,0.00416322683781245
2016-01-27,1.4110322560697959,-0.005315358208865861
2016-01-28,1.3955070895608606,-0.011002701350129374
2016-01-29,1.410651826710271,0.010852497463252786
2016-02-01,1.410088353610755,-0.00039944165445138236
2016-02-02,1.4049150073098442,-0.0036688100342532337
2016-02-03,1.4087483398518867,0.0027285156198755822
2016-02-04,1.4065837003941586,-0.0015365693051717644
2016-02-05,1.3937760233034262,-0.009105520764347952
2016-02-08,1.389459865495502,-0.0030967370192626076
2016-02-09,1.394726006252719,0.003790063238234609
2016-02-10,1.4030187031702277,0.005945753417037958
2016-02-11,1.394943825361891,-0.005755360060482995
2016-02-12,1.3989566944572167,0.0028767245120316365
2016-02-16,1.4100178147534501,0.007906692423045425
2016-02-17,1.4172142552527462,0.005103794025860864
2016-02-18,1.4161250579136908,-0.0007685481112107984
2016-02-19,1.415374061290477,-0.0005303180104165861
2016-02-22,1.4247598242670763,0.006631295028850348
2016-02-23,1.4208528914590859,-0.002742169410904216
2016-02-24,1.423207488800148,0.0016571717981614942
2016-02-25,1.4342006877162257,0.007724241899082274
2016-02-26,1.4294330432678557,-0.003324251960833857
2016-02-29,1.4192354377361098,-0.0071340211280082055
2016-03-01,1.4289035548528477,0.0068122010342130945
2016-03-02,1.428825956450212,-5.430625627050878e-05
2016-03-03,1.42767248840598,-0.0008072837975997005
2016-03-04,1.423569837228829,-0.0028736641004629138
2016-03-07,1.4278363599893775,0.002997058977347977
2016-03-08,1.423246014845458,-0.0032148958189814336
2016-03-09,1.421724811172247,-0.0010688269331821654
2016-03-10,1.4196061830773783,-0.00149018155849856
2016-03-11,1.4314027600827068,0.008309753187856816
2016-03-14,1.4289052480338258,-0.001744800358451759
2016-03-15,1.4176851516274132,-0.007852232624837363
2016-03-16,1.41972356601179,0.0014378470297421453
2016-03-17,1.4122508430753884,-0.005263505597356222
2016-03-18,1.4217847193402748,0.006750837722372949
2016-03-21,1.4239172359799825,0.001499887156402424
2016-03-22,1.4295109439734435,0.003928394047152062
2016-03-23,1.4277427642631886,-0.0012369123284499128
2016-03-24,1.426706661272957,-0.0007256930423081287
2016-03-28,1.42574090738249,-0.0006769113207933386
2016-03-29,1.438839234300205,0.009187031703931536
2016-03-30,1.437964748896524,-0.0006077714471738327
2016-03-31,1.438360537443534,0.0002752421763563828
2016-04-01,1.4463210964421827,0.005534467048711911
2016-04-04,1.455825140610707,0.006571185466286322
2016-04-05,1.4492857707672253,-0.004491864895765196
2016-04-06,1.467188494000394,0.012352790315253936
2016-04-07,1.4629395213424847,-0.002895996441687143
2016-04-08,1.4598216528639514,-0.002131235388098729
2016-04-11,1.454111119016609,-0.003911802401436626
2016-04-12,1.4571415056010955,0.0020840130749676944
2016-04-13,1.4644951141361102,0.005046598773522204
2016-04-14,1.4631911888252516,-0.0008903582526649245
2016-04-15,1.4648586804454833,0.0011396266140519806
2016-04-18,1.4709292077356808,0.004144104391251735
2016-04-19,1.4723319899005642,0.0009536707528182697
2016-04-20,1.4725383362424762,0.00014014932999312224
2016-04-21,1.4756672953295724,0.002124874449843217
2016-04-22,1.4764018500466443,0.0004977780014482347
2016-04-25,1.4727163961111525,-0.0024962403937487943
2016-04-26,1.4683895715616815,-0.00293798898477432
2016-04-27,1.471605227855497,0.002189920410831714
2016-04-28,1.4706432488450556,-0.0006536936620178402
2016-04-29,1.4588639301853963,-0.00800963705433655
2016-05-02,1.4609263471612306,0.0014137144206259888
2016-05-03,1.462972104720244,0.0014003153293720705
2016-05-04,1.4572953035241125,-0.0038803208740722517
2016-05-05,1.4623255450815624,0.0034517654351080562
2016-05-06,1.4562997671515578,-0.004120681574818874
2016-05-09,1.465999743739698,0.006660700500634387
2016-05-10,1.47204829554631,0.004125888720268256
2016-05-11,1.4643128680600412,-0.005254873437014307
2016-05-12,1.4580240056328218,-0.0042947532350453566
2016-05-13,1.4591127443924197,0.0007467221084097031
2016-05-16,1.4663995075582845,0.004993968556486816
2016-05-17,1.457766685425223,-0.005887087446882822
2016-05-18,1.4549353779464982,-0.0019422226526590314
2016-05-19,1.4495035688883828,-0.0037333679147880106
2016-05-20,1.456683710433641,0.004953517672788066
2016-05-23,1.4542223643405567,-0.001689691506436608
2016-05-24,1.4635051873169709,0.006383358696744834
2016-05-25,1.4677438710567134,0.0028962546743775963
2016-05-26,1.4701268661786648,0.0016235769529977517
2016-05-27,1.4720406686510352,0.0013017940943729767
2016-05-31,1.4746707645939028,0.0017867005979377293
2016-06-01,1.4771094540045926,0.0016537178801137586
2016-06-02,1.4888900425338873,0.007975433707608115
2016-06-03,1.4933385041978262,0.0029877704443294073
2016-06-06,1.4954136255461448,0.0013895853769826938
2016-06-07,1.4918656383915276,-0.002372579127277452
2016-06-08,1.4953238310815686,0.002318032268488479
2016-06-09,1.4952313799787238,-6.182681030236781e-05
2016-06-10,1.491864095348506,-0.0022520157584345335
2016-06-13,1.4874129781209315,-0.0029835943109380314
2016-06-14,1.4883622663558496,0.000638214301529938
2016-06-15,1.4855163227116843,-0.0019121310103710765
2016-06-16,1.4889340489374192,0.002300699207058221
2016-06-17,1.4786808701198202,-0.006886254515380552
2016-06-20,1.4801473650731383,0.0009917589271301597
2016-06-21,1.475965058404979,-0.0028256015359339193
2016-06-22,1.479528898583888,0.0024145830272973567
2016-06-23,1.485662097751874,0.004145373012893694
2016-06-24,1.4743890898965164,-0.007587867976450391
2016-06-27,1.4708697526881003,-0.0023869799583658424
2016-06-28,1.4850442550788368,0.009636816832239437
2016-06-29,1.4961926623539763,0.0075071212437016754
2016-06-30,1.5049076495941616,0.005824776086305494
2016-07-01,1.5116171787872514,0.004458432512386645
2016-07-05,1.5150279636693031,0.0022563813972980573
2016-07-06,1.5236727017077554,0.005705992394698156
2016-07-07,1.521517965479681,-0.0014141726275329058
2016-07-08,1.5323981043227477,0.00715084480756456
2016-07-11,1.5262785766441826,-0.003993432033949029
2016-07-12,1.5255001880949202,-0.0005099911386910461
2016-07-13,1.527156017388164,0.0010854336867122116
2016-07-14,1.5272846084460676,8.420296056171894e-05
2016-07-15,1.5237445595326276,-0.00231787113800741
2016-07-18,1.5238486065981935,6.828379790752015e-05
2016-07-19,1.5242466817523925,0.0002612301198919864
2016-07-20,1.5295890190832875,0.0035049033695470633
2016-07-21,1.533551794071371,0.002590744924710786
2016-07-22,1.534473088782178,0.0006007587838693373
2016-07-25,1.5330385855065616,-0.0009348507224423708
2016-07-26,1.532187857145541,-0.0005549295164932744
2016-07-27,1.538951194877027,0.004414170037926213
2016-07-28,1.538644433725636,-0.00019933130589977477
2016-07-29,1.5431185818352597,0.0029078505803906696
2016-08-01,1.5453652059894067,0.00145589858134898
2016-08-02,1.5405496005313088,-0.0031161601409388506
2016-08-03,1.538815987739126,-0.0011253209838780198
2016-08-04,1.5395402039366466,0.000470632098503454
2016-08-05,1.5365998926897677,-0.0019098632431686635
2016-08-08,1.52965317572502,-0.004520836554653018
2016-08-09,1.5342342331669365,0.0029948340673665585
2016-08-10,1.5337206523255644,-0.00033474734839678
2016-08-11,1.5344644800799132,0.0004849825509102845
2016-08-12,1.5352603176904995,0.000518641924213803
2016-08-15,1.5343406161198045,-0.0005990525255538115
2016-08-16,1.5261780993487024,-0.005319885744629715
2016-08-17,1.5289482597909643,0.0018150964448014895
2016-08-18,1.5306213242683853,0.0010942584006404799
2016-08-19,1.5274128850153905,-0.002096167877791988
2016-08-22,1.5306597813627398,0.0021257489570782884
2016-08-23,1.531311016832865,0.00042546062688436637
2016-08-24,1.5190262468861606,-0.008022387230069261
2016-08-25,1.511391867269833,-0.005025837856309001
2016-08-26,1.5113940597550133,1.4506397895130974e-06
2016-08-29,1.5161678639204772,0.003158543686639592
2016-08-30,1.51351208834198,-0.0017516369009628607
2016-08-31,1.5034784350316979,-0.006629384322442889
2016-09-01,1.5069482781457788,0.0023078768762039605
2016-09-02,1.5134272652723777,0.004299409090915173
2016-09-06,1.518267284733127,0.003198052243282699
2016-09-07,1.5065917889457463,-0.007690013415149748
2016-09-08,1.480106886092464,-0.01757934899659537
2016-09-09,1.4378783560301698,-0.028530730083811063
2016-09-12,1.455896075874178,0.012530767827782924
2016-09-13,1.433765772950147,-0.01520046883205119
2016-09-14,1.4485598130482131,0.010318310268786416
2016-09-15,1.4650901705646713,0.011411580914752412
2016-09-16,1.4687278102923838,0.002482877710052739
2016-09-19,1.4700877836510942,0.000925953297255056
2016-09-20,1.4676942123321892,-0.0016281825789751982
2016-09-21,1.4936690383820896,0.017697709667074183
2016-09-22,1.5002831000196415,0.004428063692554015
2016-09-23,1.498266542123871,-0.00134411825057823
2016-09-26,1.4917042230009994,-0.004379941044114433
2016-09-27,1.498234457136033,0.00437770037407037
2016-09-28,1.4967679856124847,-0.000978799757650528
2016-09-29,1.4840517514024176,-0.008495795161508335
2016-09-30,1.4897880125016132,0.0038652702601340017
2016-10-03,1.4874348471091996,-0.0015795303577870179
2016-10-04,1.4825867136138167,-0.0032593921708942153
2016-10-05,1.4838032446314946,0.0008205462834025012
2016-10-06,1.4794869829849358,-0.0029089177841976066
2016-10-07,1.480043968485285,0.00037647205197149924
2016-10-10,1.4815024195109108,0.0009854106071715552
2016-10-11,1.462730606158043,-0.012670794934688645
2016-10-12,1.4593019104791938,-0.002344037695262813
2016-10-13,1.4611357106095568,0.0012566283352298813
2016-10-14,1.4539898584708284,-0.004890614942089921
2016-10-17,1.4531716995150405,-0.0005626992176192003
2016-10-18,1.4633096998960065,0.0069764642294843915
2016-10-19,1.4609308497613311,-0.0016256641603923372
2016-10-20,1.463716776670325,0.0019069533027171182
2016-10-21,1.4584717601686727,-0.0035833547754939854
2016-10-24,1.4887478389886728,0.020758769313777115
2016-10-25,1.4929639363883447,0.00283197549595484
2016-10-26,1.4898327376993237,-0.0020973036338679273
2016-10-27,1.47409705307753,-0.010562047821618964
2016-10-28,1.4743013578519746,0.00013859655578196098
2016-10-31,1.4756234612488002,0.000896766044326213
2016-11-01,1.4548538569895517,-0.014075138275228655
2016-11-02,1.4452182731557606,-0.006623059620386603
2016-11-03,1.4243828655398891,-0.014416789493240618
2016-11-04,1.4218317043040696,-0.0017910642549414234
2016-11-07,1.4624240826512156,0.02854935519039821
2016-11-08,1.4686934206007143,0.004286949335607897
2016-11-09,1.4586667910166882,-0.006826904405907429
2016-11-10,1.4282263799221862,-0.020868652993248166
2016-11-11,1.5417798127072584,0.07950660650257614
2016-11-14,1.5335413597127046,-0.005343469233837999
2016-11-15,1.535723915407728,0.0014232128016634649
2016-11-16,1.5331759689773046,-0.0016591175046895557
2016-11-17,1.5328546300853327,-0.0002095903526234677
2016-11-18,1.5213018100251283,-0.007536800837768531
2016-11-21,1.5246780496852397,0.0022193095662296214
2016-11-22,1.5143916215863658,-0.006746623066422097
2016-11-23,1.5146388207418244,0.00016323330896395039
2016-11-25,1.516946930740975,0.0015238682434008388
2016-11-28,1.5147252667830224,-0.0014645627430535102
2016-11-29,1.5204545552904314,0.003782394492947816
2016-11-30,1.5081324441321533,-0.008104228512061162
2016-12-01,1.4997710280342418,-0.005544218699388259
2016-12-02,1.5048949319597045,0.0034164574656296853
2016-12-05,1.5032891333780178,-0.0010670502953952776
2016-12-06,1.505666134732573,0.0015812003837305522
2016-12-07,1.501685473585494,-0.002643787394332242
2016-12-08,1.5002773748829588,-0.0009376788464053876
2016-12-09,1.5055776082497145,0.0035328356312573916
2016-12-12,1.5093297048805663,0.0024921310002834485
2016-12-13,1.515870613112825,0.0043336510313869425
2016-12-14,1.505658784514763,-0.006736609648426373
2016-12-15,1.5084382928836337,0.0018460413457930813
2016-12-16,1.5099824243421323,0.0010236623306258963
2016-12-19,1.510332388010027,0.00023176671612401556
2016-12-20,1.5081919209045684,-0.0014172159204496326
2016-12-21,1.5051783011651019,-0.0019981672741352097
2016-12-22,1.5058361282876753,0.00043704265605226666
2016-12-23,1.5122400992909588,0.004252767537571089
2016-12-27,1.512673053729859,0.00028630006511742856
2016-12-28,1.5096816614542996,-0.0019775537537231047
2016-12-29,1.5133124569749334,0.002405007368994627
2016-12-30,1.5128225263742996,-0.00032374715371941143
2017-01-03,1.5223367472187204,0.006289052865456002
2017-01-04,1.5292024085876512,0.004509949182711526
2017-01-05,1.5380698742919303,0.005798752117104566
2017-01-06,1.5367469988112201,-0.0008600880251420362
2017-01-09,1.542920779706136,0.004017434815029253
2017-01-10,1.5452620044095682,0.0015173978691752077
2017-01-11,1.5383609507717537,-0.004465944039341918
2017-01-12,1.5395589618908063,0.0007787581441479619
2017-01-13,1.5386430564164602,-0.0005949141910234212
2017-01-17,1.5386068945969478,-2.350240971193962e-05
2017-01-18,1.5321783257343897,-0.004178175000471407
2017-01-19,1.52437285789091,-0.0050943599138426054
2017-01-20,1.5227770737983686,-0.0010468463042233034
2017-01-23,1.52361077421254,0.0005474868439487302
2017-01-24,1.515461102197876,-0.005348919916161543
2017-01-25,1.5188381952807346,0.002228426106061443
2017-01-26,1.5139742042596553,-0.003202441863914385
2017-01-27,1.5211519624607688,0.004741004292489692
2017-01-30,1.517226992795485,-0.0025802613822583087
2017-01-31,1.5319666281159663,0.009714851759474508
2017-02-01,1.5371250267587788,0.003367174289662267
2017-02-02,1.5372018518504373,4.9979728598048556e-05
2017-02-03,1.5411401342751354,0.002561981316869688
2017-02-06,1.5456796343816097,0.0029455466154668652
2017-02-07,1.5478302851569707,0.0013913949097359435
2017-02-08,1.5497953974489769,0.0012695915765770782
2017-02-09,1.5480063059722615,-0.0011544049489760067
2017-02-10,1.549002312541719,0.0006434124755271275
2017-02-13,1.552567522446062,0.002301616902361525
2017-02-14,1.5558797204345056,0.0021333680761434493
2017-02-15,1.5628270986759276,0.004465241207387061
2017-02-16,1.564907202185159,0.0013309876127652331
2017-02-17,1.5680592866668885,0.00201423092521269
2017-02-21,1.5711990725455114,0.0020023387542295046
2017-02-22,1.5713014989126786,6.518993611748236e-05
2017-02-23,1.5791327348291178,0.0049839167860898925
2017-02-24,1.5866163317331838,0.004739055013558424
2017-02-27,1.5875938395878286,0.0006160959238186159
2017-02-28,1.5856338616477692,-0.001234558796580132
2017-03-01,1.588039588895329,0.001517202240534865
2017-03-02,1.5832504448611335,-0.0030157585917154894
2017-03-03,1.5871535947450666,0.002465276353846413
2017-03-06,1.5839650117170476,-0.002008994616889137
2017-03-07,1.5772701602368335,-0.004226641012074317
2017-03-08,1.57778187369317,0.0003244298086889086
2017-03-09,1.5798791782583308,0.0013292740905000433
2017-03-10,1.584581307011029,0.0029762584490049537
2017-03-13,1.5819743220587115,-0.0016452200595721278
2017-03-14,1.579895878008842,-0.001313829194878935
2017-03-15,1.5967404667916685,0.010661834755880228
2017-03-16,1.586816558773855,-0.006215103972252667
2017-03-17,1.5845759218472995,-0.001412032735710056
2017-03-20,1.5853078238913507,0.0004618914335123292
2017-03-21,1.5817190132146877,-0.0022637942124412724
2017-03-22,1.5834334126357756,0.001083883677672759
2017-03-23,1.580163113097937,-0.0020653217948677915
2017-03-24,1.58103881634022,0.0005541853464522406
2017-03-27,1.5851152813057725,0.0025783459099306683
2017-03-28,1.5829487998106833,-0.0013667658880334166
2017-03-29,1.5854144860839157,0.0015576538379051819
2017-03-30,1.5832704299339404,-0.0013523631635732336
2017-03-31,1.5826186826109443,-0.0004116462422805167
2017-04-03,1.587152359639546,0.002864667957237943
2017-04-04,1.585602727684992,-0.0009763599223113761
2017-04-05,1.5846487794110353,-0.000601631327507457
2017-04-06,1.5855159011925462,0.0005472012428098805
2017-04-07,1.5845084355452446,-0.000635418191986592
2017-04-10,1.5844431584142424,-4.1197086451283393e-05
2017-04-11,1.5870451540546668,0.001642214570214462
2017-04-12,1.5895086497800157,0.0015522530780266441
2017-04-13,1.589858341768847,0.0002200000540291125
2017-04-17,1.5914960191280556,0.001030077533440199
2017-04-18,1.5873609968754423,-0.002598198300790444
2017-04-19,1.587669224588866,0.00019417619182432455
2017-04-20,1.5908478753276847,0.0020020862592722843
2017-04-21,1.5864977552296833,-0.002734466422256332
2017-04-24,1.592724625965726,0.00392491619702362
2017-04-25,1.5920446354676305,-0.00042693538293431255
2017-04-26,1.598511067401719,0.004061715224579099
2017-04-27,1.6122297342262355,0.00858215317008423
2017-04-28,1.6178830344741506,0.0035065103489288147
2017-05-01,1.6273885855737447,0.005875301796883993
2017-05-02,1.6301597955586635,0.001702856963287599
2017-05-03,1.63037905413091,0.00013450127579131722
2017-05-04,1.632669622602254,0.001404930016452476
2017-05-05,1.634615805791418,0.001192025111646368
2017-05-08,1.6328109977827965,-0.0011041175560808868
2017-05-09,1.6302444663301667,-0.0015718484601798396
2017-05-10,1.6308676107627753,0.0003822398698345131
2017-05-11,1.6283245687717944,-0.001559318472080911
2017-05-12,1.6287793443726224,0.00027929051096423096
2017-05-15,1.6324983905983512,0.0022833333677627367
2017-05-16,1.638979159142846,0.003969846819952777
2017-05-17,1.602074914898056,-0.02251660372795101
2017-05-18,1.6042414961698925,0.0013523595255684603
2017-05-19,1.6062685613679808,0.0012635661170266044
2017-05-22,1.6075090520191502,0.0007722809753014093
2017-05-23,1.6080752954275683,0.0003522489703600695
2017-05-24,1.611758258980658,0.0022902929754358148
2017-05-25,1.6160444209925369,0.0026593082355844677
2017-05-26,1.6150853406573564,-0.0005934739928691868
2017-05-30,1.6159526942821962,0.0005370326898557765
2017-05-31,1.6195279573591848,0.002212480037094733
2017-06-01,1.6280454271033435,0.005259229830182954
2017-06-02,1.6369087108925535,0.005444125600954308
2017-06-05,1.6332137063967618,-0.002257306391739544
2017-06-06,1.6337891445662058,0.0003523348886861899
2017-06-07,1.6345001498652123,0.00043518791967195325
2017-06-08,1.6308796018099323,-0.002215079671652853
2017-06-09,1.550476198040626,-0.04930063732483718
2017-06-12,1.5463291013164444,-0.002674724532645143
2017-06-13,1.5630267482523659,0.010798249170701248
2017-06-14,1.550735740325443,-0.007863594107180637
2017-06-15,1.5426130197142214,-0.005237978592997989
2017-06-16,1.540492694049469,-0.0013745026378327498
2017-06-19,1.5813890699164772,0.026547594821436368
2017-06-20,1.5644903185089676,-0.010686017583517313
2017-06-21,1.5843884063872098,0.012718575271981206
2017-06-22,1.5755176493630167,-0.005598852521535688
2017-06-23,1.5762827923648337,0.0004856454652388813
2017-06-26,1.5601868608614204,-0.010211322220466057
2017-06-27,1.520332233307632,-0.02554477835544883
2017-06-28,1.5526181795383922,0.021236112425584278
2017-06-29,1.5117150868643325,-0.026344592130320494
2017-06-30,1.4976251067333184,-0.00932052623767899
2017-07-03,1.465501957118239,-0.021449393089534717
2017-07-05,1.489272028311891,0.016219747150930594
2017-07-06,1.480959722854606,-0.00558145543544982
2017-07-07,1.503657232634767,0.015326216797044684
2017-07-10,1.5361054814316586,0.021579551571094754
2017-07-11,1.554830926474348,0.01219020781387826
2017-07-12,1.5939550007610546,0.025162912327337236
2017-07-13,1.5881138120005445,-0.003664588246042783
2017-07-14,1.6075044808708914,0.012209873576957622
2017-07-17,1.604280861750819,-0.0020053562266437773
2017-07-18,1.6233644875011144,0.011895439386759715
2017-07-19,1.6279582988470653,0.002829808943906517
2017-07-20,1.6381985525914498,0.006290243276892654
2017-07-21,1.6392325931145213,0.000631205858066483
2017-07-24,1.6375878789272729,-0.0010033440002090105
2017-07-25,1.6179450075994648,-0.01199500288233417
2017-07-26,1.6279175914440531,0.0061637347361912665
2017-07-27,1.6131261186854953,-0.009086131163087343
2017-07-28,1.6001120691553044,-0.00806759581872987
2017-07-31,1.5756923376292924,-0.01526126325570618
2017-08-01,1.5830118397785045,0.004645260990622431
2017-08-02,1.5728743075663676,-0.006403952236740909
2017-08-03,1.5679016684554306,-0.0031614980847586138
2017-08-04,1.5710401646751906,0.0020017175074835856
2017-08-07,1.598962432761318,0.017773108997439516
2017-08-08,1.5899002824068997,-0.005667519241692633
2017-08-09,1.592046191795948,0.0013497131944649958
2017-08-10,1.5439743981703449,-0.030194974161757485
2017-08-11,1.5404781130521092,-0.002264470915048154
2017-08-14,1.5422693794875757,0.0011627990169346134
2017-08-15,1.5399690799155121,-0.0014915031074713703
2017-08-16,1.5435497423452473,0.0023251521582053902
2017-08-17,1.5366573180620984,-0.0044653075272305665
2017-08-18,1.5332702186070581,-0.002204199606006929
2017-08-21,1.5372093836395098,0.002569126423149548
2017-08-22,1.5450294684347678,0.005087195588634186
2017-08-23,1.5418444958218127,-0.002061431628344157
2017-08-24,1.542881791164811,0.0006727626202310821
2017-08-25,1.5443672118216292,0.0009627572671635498
2017-08-28,1.5491919174052147,0.003124066314445173
2017-08-29,1.5524499396092732,0.0021030462187766608
2017-08-30,1.5558060234727895,0.0021617984437944937
2017-08-31,1.5702664409049016,0.00929448608241934
2017-09-01,1.5673765973940073,-0.0018403523348745066
2017-09-05,1.5597512982477644,-0.00486500765605478
2017-09-06,1.5615745670119858,0.0011689483870086993
2017-09-07,1.5787964651151902,0.01102854674186823
2017-09-08,1.5716940897159464,-0.004498601026906689
2017-09-11,1.5925087629468475,0.013243463449469948
2017-09-12,1.5982691528552027,0.003617179410489343
2017-09-13,1.6000365976347526,0.0011058492722534129
2017-09-14,1.5981507261820616,-0.0011786426982224988
2017-09-15,1.6066021318188668,0.005288240651115159
2017-09-18,1.6143454983355787,0.004819716321392715
2017-09-19,1.6205292096435016,0.0038304757651310703
2017-09-20,1.609168893201741,-0.00701025095638949
2017-09-21,1.6000381629809712,-0.005674190111022143
2017-09-22,1.6060520586256875,0.0037585951284511304
2017-09-25,1.5850637960389626,-0.013068233046371293
2017-09-26,1.587011236421529,0.0012286195593092205
2017-09-27,1.636201570554678,0.0309955802481057
2017-09-28,1.6450970879689233,0.00543668798168285
2017-09-29,1.67056258879447,0.015479634005666442
2017-10-02,1.6684625206705632,-0.0012571023306718466
2017-10-03,1.6653751367235845,-0.0018504364999088134
2017-10-04,1.6636880430373584,-0.0010130412355891742
2017-10-05,1.6714622157961567,0.004672854860822001
2017-10-06,1.679111975508311,0.004576687190329609
2017-10-09,1.701589578928338,0.013386601815654469
2017-10-10,1.7143064485301571,0.0074735234390824155
2017-10-11,1.721647904034549,0.004282463914597253
2017-10-12,1.7200926270054402,-0.0009033653312411699
2017-10-13,1.7340870535983213,0.008135856391201807
2017-10-16,1.7558316250521686,0.012539492414020512
2017-10-17,1.7547804507976619,-0.0005986760003114449
2017-10-18,1.7602341386547977,0.003107903244908366
2017-10-19,1.7550726498652418,-0.0029322739948109216
2017-10-20,1.758713891168152,0.002074695485220841
2017-10-23,1.7488462138437453,-0.005610734852303053
2017-10-24,1.75543235290923,0.003765990979280638
2017-10-25,1.724791644784784,-0.017454792874055155
2017-10-26,1.7307541190177669,0.0034569243485214653
2017-10-27,1.7800031296283545,0.028455232357636705
2017-10-30,1.7831444911073775,0.001764806716760708
2017-10-31,1.8046382823755205,0.012053869652926888
2017-11-01,1.8004503798717326,-0.0023206326412820912
2017-11-02,1.796842017527625,-0.002004144287700206
2017-11-03,1.802503052153098,0.0031505466647882225
2017-11-06,1.8100057119936734,0.0041623562476708325
2017-11-07,1.8104265715233712,0.00023251834340021291
2017-11-08,1.8114314712501343,0.0005550624049431852
2017-11-09,1.8112020698386369,-0.00012664095503372996
2017-11-10,1.8007320314098298,-0.00578071249098111
2017-11-13,1.8011940980805161,0.00025659935105631915
2017-11-14,1.7988138426921452,-0.00132148744597127
2017-11-15,1.799485583482452,0.0003734354130282558
2017-11-16,1.8065631293904527,0.003933093975837354
2017-11-17,1.8042115244524433,-0.0013017009479224795
2017-11-20,1.798992157844443,-0.002892879541706972
2017-11-21,1.8070556007007197,0.004482200114723223
2017-11-22,1.8096211355261762,0.0014197320904026367
2017-11-24,1.810963158026999,0.0007416041261215089
2017-11-27,1.8123342660018433,0.0007571153332232017
2017-11-28,1.8191481959750677,0.0037597534301753166
2017-11-29,1.7518736739975365,-0.03698133122215028
2017-11-30,1.764216807706619,0.007045675662741747
2017-12-01,1.7536397297593784,-0.005995339065491708
2017-12-04,1.6981744800297467,-0.03162864571803596
2017-12-05,1.7094026456551155,0.006611903404161495
2017-12-06,1.7255125348598301,0.009424280023002154
2017-12-07,1.7410794205245947,0.009021601031735818
2017-12-08,1.7522530146636657,0.006417624611118681
2017-12-11,1.7662365299970004,0.007980306049591048
2017-12-12,1.7572987075871573,-0.005060376828384595
2017-12-13,1.747185822734432,-0.00575478989944225
2017-12-14,1.7450254085843746,-0.0012365108060894306
2017-12-15,1.7755750062323137,0.01750667783841727
2017-12-18,1.798430046604612,0.012871909264365771
2017-12-19,1.7886201984230332,-0.005454673202385332
2017-12-20,1.781611879724536,-0.0039182822069638665
2017-12-21,1.780210372957454,-0.0007866510001596771
2017-12-22,1.777659717255737,-0.0014327833049752603
2017-12-26,1.778212988412097,0.00031123569431723563
2017-12-27,1.7835208469558084,0.0029849396997438937
2017-12-28,1.7837111059647948,0.00010667607800107781
2017-12-29,1.7796820204878783,-0.002258821769648145
2018-01-02,1.786741183127792,0.003966530289483183
2018-01-03,1.7962226270020025,0.00530655696736837
2018-01-04,1.7970736505655007,0.00047378512591078614
2018-01-05,1.8036173458980072,0.0036413061481632147
2018-01-08,1.7999089887294373,-0.002056066480511487
2018-01-09,1.8062225076795422,0.0035076878829087277
2018-01-10,1.804387460411153,-0.001015958587929855
2018-01-11,1.8088829206348218,0.0024914051567640483
2018-01-12,1.8152059137012493,0.003495523670602352
2018-01-16,1.8201343170393591,0.0027150657128813815
2018-01-17,1.8268957875838148,0.0037148195499405734
2018-01-18,1.8242152504043034,-0.0014672633205075059
2018-01-19,1.8252650635139929,0.0005754875196098408
2018-01-22,1.8308983949624225,0.003086308701698459
2018-01-23,1.8291239041476468,-0.0009691913104833971
2018-01-24,1.8096652640393593,-0.010638229626852447
2018-01-25,1.8123983327424444,0.0015102620122048125
2018-01-26,1.8443567887703955,0.01763324069030272
2018-01-29,1.8446231408002924,0.00014441459023467363
2018-01-30,1.8225426336264692,-0.011970199595481382
2018-01-31,1.8396107327165812,0.009364993046088609
2018-02-01,1.8323057690244997,-0.003970929046110803
2018-02-02,1.7662380408105827,-0.03605715232184788
2018-02-05,1.6653967231740499,-0.05709384313240909
2018-02-06,1.7189590391702143,0.0321618958719222
2018-02-07,1.7039115947983683,-0.008753812062391966
2018-02-08,1.6247407535186693,-0.0464641719214709
2018-02-09,1.6885401562760691,0.03926743550885308
2018-02-12,1.6998783428522204,0.006714786458591875
2018-02-13,1.7113421946974479,0.006743924877583917
2018-02-14,1.714147112762946,0.001639016483196144
2018-02-15,1.7239038895275003,0.00569191330890384
2018-02-16,1.732136242967338,0.0047754132291528695
2018-02-20,1.721670713046681,-0.006041978489364275
2018-02-21,1.715569207642913,-0.0035439444706419354
2018-02-22,1.7154259261259521,-8.351835432962584e-05
2018-02-23,1.73239823251437,0.009893931372920162
2018-02-26,1.744378591495804,0.006915476335972559
2018-02-27,1.7325653237840049,-0.006772192555785372
2018-02-28,1.7207254385170225,-0.006833730944772409
2018-03-01,1.7107260722030586,-0.005811134124094619
2018-03-02,1.7162319386449598,0.003218438376174859
2018-03-05,1.722935868192204,0.003906190880317295
2018-03-06,1.7216263186336738,-0.000760068661118718
2018-03-07,1.7260183123762272,0.002551072607927418
2018-03-08,1.733603621098107,0.004394686120935187
2018-03-09,1.7442383199397173,0.006134446601394505
2018-03-12,1.7425619489563995,-0.0009610905597899344
2018-03-13,1.745124172716901,0.0014703774302174955
2018-03-14,1.742580588822828,-0.0014575374829132182
2018-03-15,1.7408194139151698,-0.0010106705646526493
2018-03-16,1.7398001330806274,-0.0005855178465926647
2018-03-19,1.7248926389769428,-0.008568509577757177
2018-03-20,1.724437746284422,-0.0002637223223299068
2018-03-21,1.7213396850282996,-0.0017965631190791087
2018-03-22,1.7001172961733138,-0.012328995281739974
2018-03-23,1.683620483246272,-0.009703338095655767
2018-03-26,1.698759694949563,0.00899205720881946
2018-03-27,1.6935426066576116,-0.003071116125171691
2018-03-28,1.6979092344692037,0.002578398556036421
2018-03-29,1.7060508020800735,0.004795054674059274
2018-04-02,1.6875329237224856,-0.010854236189807687
2018-04-03,1.6976670365915882,0.00600528305352882
2018-04-04,1.7092585397570474,0.006827901417424842
2018-04-05,1.7064693915261553,-0.0016317883842714154
2018-04-06,1.6896806163103628,-0.009838310197159639
2018-04-09,1.698200356623424,0.005042219358392885
2018-04-10,1.7110301493173516,0.007554934636474553
2018-04-11,1.704874935285443,-0.0035973732165761607
2018-04-12,1.7075711605661452,0.0015814798052918855
2018-04-13,1.7079041694870207,0.0001950190589802281
2018-04-16,1.7142674456742852,0.0037257805800517962
2018-04-17,1.7214173149273408,0.004170801511221178
2018-04-18,1.7187856574683404,-0.0015287736658506912
2018-04-19,1.709203102248297,-0.00557518919151212
2018-04-20,1.7017957692518078,-0.00433379332552436
2018-04-23,1.7042748456765993,0.0014567414431176928
2018-04-24,1.6968563451498697,-0.004352878026422036
2018-04-25,1.6988521558525846,0.0011761813004498856
2018-04-26,1.7120401011329394,0.0077628563703568965
2018-04-27,1.7169734150904334,0.002881541124083231
2018-04-30,1.6866365943749075,-0.01766877719182861
2018-05-01,1.683504412737765,-0.0018570577963200503
2018-05-02,1.6690510489704276,-0.008585284159625634
2018-05-03,1.6721357413732685,0.0018481713934057284
2018-05-04,1.677931810941905,0.003466267376042479
2018-05-07,1.6762764703360333,-0.0009865362794108656
2018-05-08,1.6685523885494964,-0.004607880575325685
2018-05-09,1.6714408063430335,0.001731092061213746
2018-05-10,1.6843564003734468,0.007727221916205007
2018-05-11,1.6969980470573103,0.007505327661687655
2018-05-14,1.7007777029345243,0.002227260004081022
2018-05-15,1.6850830920438182,-0.009227902543422761
2018-05-16,1.688022613085476,0.0017444368503470864
2018-05-17,1.6878239453593251,-0.00011769257390931154
2018-05-18,1.6932387528816446,0.003208158965398833
2018-05-21,1.6946410908001739,0.0008281985727899288
2018-05-22,1.6926768150704445,-0.0011591101740616727
2018-05-23,1.699289178183613,0.003906453408173638
2018-05-24,1.6981083339287861,-0.0006949048284348724
2018-05-25,1.7002282523246006,0.0012483999715788285
2018-05-29,1.7006928855178796,0.0002732769512821531
2018-05-30,1.7098013585365361,0.0053557424131183695
2018-05-31,1.700047299733373,-0.0057047906497815215
2018-06-01,1.7067060046171179,0.003916776247807396
2018-06-04,1.7068653952596418,9.339080198500493e-05
2018-06-05,1.7073164208090228,0.00026424201383051793
2018-06-06,1.722132123802863,0.008677772212147742
2018-06-07,1.6847647049624495,-0.021698346093154484
2018-06-08,1.6971355050902925,0.007342746492376699
2018-06-11,1.7062425414355467,0.005366122102766208
2018-06-12,1.712839257984822,0.0038662244019099902
2018-06-13,1.7180050297797171,0.0030159116045559062
2018-06-14,1.7283385592327232,0.006014842374664609
2018-06-15,1.7193727638033838,-0.005187522653732632
2018-06-18,1.743463773946166,0.014011510854394992
2018-06-19,1.7284432261118798,-0.008615348399404149
2018-06-20,1.7326545310039103,0.0024364727914747745
2018-06-21,1.7089501762787302,-0.013680946952215329
2018-06-22,1.7112488740040839,0.0013450934715715246
2018-06-25,1.7045635158878218,-0.0039067129380305765
2018-06-26,1.7023476322725655,-0.0012999712798043017
2018-06-27,1.698388611355329,-0.002325624239246149
2018-06-28,1.698684363102796,0.00017413667607624195
2018-06-29,1.6997560117703172,0.0006308698018293035
2018-07-02,1.7018215513798023,0.0012151977078955767
2018-07-03,1.706018340957846,0.002466057369317598
2018-07-05,1.7149452867493946,0.005232620058783555
2018-07-06,1.7280353335266423,0.007632923848001627
2018-07-09,1.7321747307631312,0.0023954355308471453
2018-07-10,1.7347965050976613,0.0015135738259933196
2018-07-11,1.729695988088978,-0.0029401240973772613
2018-07-12,1.738981346169967,0.005368202357483531
2018-07-13,1.7420188577702187,0.001746718909286571
2018-07-16,1.7443511760939379,0.0013388594005834737
2018-07-17,1.7622047622323391,0.010235087053044108
2018-07-18,1.7591049739503368,-0.0017590397826841712
2018-07-19,1.7455607690207395,-0.007699486460538839
2018-07-20,1.742530028723445,-0.0017362559648923335
2018-07-23,1.752985739994484,0.00600030478596593
2018-07-24,1.7535842812694955,0.00034144104048073037
2018-07-25,1.766623114217381,0.007435532518828133
2018-07-26,1.760086636941231,-0.003699984011046792
2018-07-27,1.7540238444946528,-0.0034445988733341868
2018-07-30,1.7475645278022058,-0.0036825706290828566
2018-07-31,1.7213441943302241,-0.015003928641740862
2018-08-01,1.7256110074035562,0.0024787680972730647
2018-08-02,1.7501299434282296,0.014208843081944455
2018-08-03,1.7487975691071396,-0.0007613002257878786
2018-08-06,1.749327910655047,0.0003032606845273704
2018-08-07,1.7476195644241237,-0.0009765729000937307
2018-08-08,1.7497537587239484,0.0012212007368594957
2018-08-09,1.7511932037505413,0.0008226557705140469
2018-08-10,1.7511790600797685,-8.076590716943333e-06
2018-08-13,1.7512158203588117,2.0991730589559054e-05
2018-08-14,1.7544621538922507,0.001853759825430179
2018-08-15,1.7551462089909673,0.0003898944740410859
2018-08-16,1.7634768177584028,0.0047463902008624825
2018-08-17,1.7665396410662106,0.0017368095100342984
2018-08-20,1.772206499900118,0.003207886594884024
2018-08-21,1.77099984637048,-0.0006808763706181997
2018-08-22,1.77351025779901,0.001417510811011602
2018-08-23,1.773133059679359,-0.00021268448715883181
2018-08-24,1.77765742282975,0.002551620774139285
2018-08-27,1.7788617807950553,0.0006774972218146491
2018-08-28,1.7773522050991322,-0.0008486188821530405
2018-08-29,1.7828699750374941,0.0031044887572264646
2018-08-30,1.7838527152712766,0.0005512125099093601
2018-08-31,1.7838338430104264,-1.0579494982232429e-05
2018-09-04,1.7746816454691101,-0.0051306334259647035
2018-09-05,1.7781632041821618,0.0019617933852756897
2018-09-06,1.7799902794582216,0.0010275070768323014
2018-09-07,1.7773391069560311,-0.001489430887789689
2018-09-10,1.775557989903782,-0.0010021256187286998
2018-09-11,1.771567011519469,-0.0022477319282201424
2018-09-12,1.7770318665569667,0.003084757732540022
2018-09-13,1.7879673151815665,0.006153771820528786
2018-09-14,1.7833438418339824,-0.002585882475773682
2018-09-17,1.7802789268921224,-0.0017186337653808947
2018-09-18,1.7817545923191136,0.000828895632420501
2018-09-19,1.7790216778430792,-0.0015338332718858316
2018-09-20,1.7877575710798639,0.004910504096485413
2018-09-21,1.78931770555658,0.0008726767554808612
2018-09-24,1.7901463687131203,0.00046311683719829633
2018-09-25,1.7865114377809233,-0.0020305216353957434
2018-09-26,1.7914275835612365,0.0027518132133650397
2018-09-27,1.7959833428572756,0.002543088728701237
2018-09-28,1.7991725593495382,0.0017757494828369857
2018-10-01,1.8013353591792054,0.0012021080570776
2018-10-02,1.8026243350345494,0.0007155668425513628
2018-10-03,1.7942315208330815,-0.004655886441978507
2018-10-04,1.7831518137950415,-0.006175182471934049
2018-10-05,1.7799723577846156,-0.0017830540203186973
2018-10-08,1.7799518496411135,-1.1521607856723737e-05
2018-10-09,1.7831570730692379,0.0018007360304552744
2018-10-10,1.7625442434725123,-0.011559738571569556
2018-10-11,1.7423522245594714,-0.011456177050772343
2018-10-12,1.7547148613708403,0.007095371783678472
2018-10-15,1.7491704553311478,-0.0031597190869866454
2018-10-16,1.7730656491528054,0.013660872071575125
2018-10-17,1.7751784239874124,0.0011915942512430444
2018-10-18,1.7667031560461002,-0.004774318922981857
2018-10-19,1.7576109586634625,-0.005146420524309303
2018-10-22,1.750584111293811,-0.003997953776411822
2018-10-23,1.7481311930186876,-0.001401199896250871
2018-10-24,1.7239779249122087,-0.0138166221179149
2018-10-25,1.733087403743431,0.005283988094966996
2018-10-26,1.7271591751429916,-0.0034206172104387367
2018-10-29,1.729247076602664,0.0012088645272081422
2018-10-30,1.7366404734946923,0.004275500587546666
2018-10-31,1.7356652367349537,-0.0005615651452463011
2018-11-01,1.7473664276031224,0.006741617346776252
2018-11-02,1.7370520625769137,-0.005902805996082339
2018-11-05,1.7452606559622916,0.0047255885774663
2018-11-06,1.748758582004368,0.0020042427646130845
2018-11-07,1.7744558432659965,0.01469457335395885
2018-11-08,1.7736887738512939,-0.0004322843071095095
2018-11-09,1.7745864282341035,0.0005060946407528522
2018-11-12,1.765215833881371,-0.005280438418576838
2018-11-13,1.7597581877911397,-0.0030917726804154944
2018-11-14,1.7545409799027063,-0.002964729997922133
2018-11-15,1.7629209138767288,0.004776140352382829
2018-11-16,1.7745308853323563,0.006585645087218817
2018-11-19,1.7645679949444486,-0.005614379817368953
2018-11-20,1.7561413015786682,-0.004775499379974679
2018-11-21,1.750992513584551,-0.002931875692171626
2018-11-23,1.7527833385082345,0.0010227484753875249
2018-11-26,1.7605970699304039,0.004457899188395564
2018-11-27,1.7706090849757539,0.005686715726356373
2018-11-28,1.7918190813184516,0.01197892664319411
2018-11-29,1.7970842228020627,0.00293843365019697
2018-11-30,1.817118111247235,0.011147996399375804
2018-12-03,1.814744261063533,-0.001306381885144925
2018-12-04,1.798677359375706,-0.008853534920898964
2018-12-06,1.7975898760889826,-0.000604601643009961
2018-12-07,1.7772974277768017,-0.011288697484395815
2018-12-10,1.781250992850703,0.0022244814019940495
2018-12-11,1.7817432555800106,0.0002763578694319202
2018-12-12,1.7869330620527883,0.002912768973040658
2018-12-13,1.788330379704275,0.0007819641827442325
2018-12-14,1.7596183429763013,-0.01605521946829641
2018-12-17,1.7446860543994274,-0.008486095087879564
2018-12-18,1.739232742087637,-0.003125669685981214
2018-12-19,1.7309054303586047,-0.004787922586506066
2018-12-20,1.7176402877044223,-0.00766370156423507
2018-12-21,1.7077216063561997,-0.005774597521509273
2018-12-24,1.6894240007249055,-0.010714630278840453
2018-12-26,1.7222690874144369,0.019441588775486907
2018-12-27,1.7339529925559014,0.006784018378338863
2018-12-28,1.7396724559417982,0.0032985112113484982
2018-12-31,1.7557969763541326,0.00926871053068723
2019-01-02,1.744356651339609,-0.006515744797715217
2019-01-03,1.7335795981962379,-0.006178239487374726
2019-01-04,1.7524366803109404,0.010877540399254315
2019-01-07,1.7533664529946138,0.0005305599307067199
2019-01-08,1.7579842431394512,0.002633670866093507
2019-01-09,1.7624344536168126,0.002531427966279254
2019-01-10,1.7637250146986556,0.0007322604702800217
2019-01-11,1.7692794987509075,0.0031492914178579134
2019-01-14,1.7589976005736534,-0.005811347604780914
2019-01-15,1.773952578774595,0.008501988971482521
2019-01-16,1.7718351009862792,-0.001193649601264113
2019-01-17,1.778046924557172,0.003505870025622082
2019-01-18,1.7858058418309533,0.004363730319273729
2019-01-22,1.7827678792557606,-0.001701171820603864
2019-01-23,1.7833345454575769,0.0003178575340122003
2019-01-24,1.7787041382072326,-0.002596488282099685
2019-01-25,1.777754587924167,-0.0005338438600715478
2019-01-28,1.7679151205225443,-0.005534772610606586
2019-01-29,1.774792136668165,0.0038899017638289735
2019-01-30,1.7889916770426355,0.008000677984255522
2019-01-31,1.8042913421312503,0.008552116415603828
2019-02-01,1.800260799866363,-0.002233864437949651
2019-02-04,1.7956929730954325,-0.0025373139110007603
2019-02-05,1.7959591875132634,0.00014825163422688137
2019-02-06,1.8007240547097945,0.0026531043854781666
2019-02-07,1.7937442945989641,-0.0038760853405465645
2019-02-08,1.796645649682774,0.0016174853308501547
2019-02-11,1.7941722909591327,-0.001376653612290224
2019-02-12,1.8052531690697282,0.006176039038409131
2019-02-13,1.8049860855028916,-0.00014794798392409048
2019-02-14,1.8113125202273337,0.0035049770052267837
2019-02-15,1.8241101632679708,0.007065397548861929
2019-02-19,1.823520830829651,-0.00032307941164244625
2019-02-20,1.8222640555995127,-0.0006892025629158804
2019-02-21,1.8115865505909938,-0.005859471889218704
2019-02-22,1.8225755107481396,0.006065931629687271
2019-02-25,1.822461601505158,-6.249905274702261e-05
2019-02-26,1.8219216341480984,-0.0002962846276781672
2019-02-27,1.8144622997768796,-0.0040942125234199045
2019-02-28,1.8094505597548376,-0.0027621075525560146
2019-03-01,1.819315019954453,0.005451632898415326
2019-03-04,1.8097941888438527,-0.005233195464322993
2019-03-05,1.8098233165155637,1.6094466371185945e-05
2019-03-06,1.7991165667096591,-0.005915908867014874
2019-03-07,1.7950634949881616,-0.0022528121837652737
2019-03-08,1.7944474230012228,-0.0003432034513871085
2019-03-11,1.8039991303890501,0.005322924074226687
2019-03-12,1.813081752206011,0.005034715185811778
2019-03-13,1.822490217209907,0.005189211679202277
2019-03-14,1.8197033358242298,-0.0015291612319015546
2019-03-15,1.8267517830613973,0.0038734045810687734
2019-03-18,1.8241451747570716,-0.0014269088600298852
2019-03-19,1.830785972306408,0.0036404983776692212
2019-03-20,1.8308290583237607,2.353416401734698e-05
2019-03-21,1.8339803218386814,0.001721222142828438
2019-03-22,1.8240654127876585,-0.0054062243378286134
2019-03-25,1.825877684338527,0.0009935342988048879
2019-03-26,1.831356534788777,0.00300066674632421
2019-03-27,1.8263904156362927,-0.0027117161831391456
2019-03-28,1.8287980964608115,0.0013182728095296747
2019-03-29,1.8383369281355466,0.005215902014112539
2019-04-01,1.8334191602066108,-0.002675117849002484
2019-04-02,1.832884737016303,-0.0002914899123490633
2019-04-03,1.828829621320909,-0.002212422643660228
2019-04-04,1.8278849289407597,-0.0005165557081621142
2019-04-05,1.8346189447088885,0.003684047973430915
2019-04-08,1.8329447824738827,-0.0009125394893768624
2019-04-09,1.832202891114405,-0.00040475379649806964
2019-04-10,1.8477159245468124,0.008466875315850934
2019-04-11,1.8454973716317817,-0.0012007002188796053
2019-04-12,1.8526602746914995,0.00388128597191354
2019-04-15,1.8404183854977954,-0.0066077355686500975
2019-04-16,1.8623298316247787,0.011905687478261543
2019-04-17,1.8573814835945126,-0.0026570739222648793
2019-04-18,1.863574278816265,0.003334153633193276
2019-04-22,1.8707192360847171,0.0038340072352741564
2019-04-23,1.8792871294079452,0.004579999584095816
2019-04-24,1.8861659937302908,0.0036603583426406613
2019-04-25,1.8915845945087597,0.002872812253259009
2019-04-26,1.879290584297881,-0.006499318215303648
2019-04-29,1.884953772654345,0.0030134713618967194
2019-04-30,1.8839138355295015,-0.0005517043122914398
2019-05-01,1.86173492803689,-0.011772782318559629
2019-05-02,1.8611999833839947,-0.0002873366368322241
2019-05-03,1.8695088470364714,0.004464250873981612
2019-05-06,1.8766708838606025,0.003830972415821643
2019-05-07,1.861848144469454,-0.007898422423784746
2019-05-08,1.8620832314414275,0.0001262653845707229
2019-05-09,1.8625585081070126,0.0002552392167868289
2019-05-10,1.862259607734548,-0.0001604783802300891
2019-05-13,1.849419960954832,-0.0068946599745754455
2019-05-14,1.8532167764424607,0.0020529763751810925
2019-05-15,1.8589214033243167,0.003078229678455058
2019-05-16,1.8643880991650286,0.002940789121549492
2019-05-17,1.8628269583375854,-0.0008373475609194658
2019-05-20,1.8608344560470937,-0.0010696121191361985
2019-05-21,1.8685222387383302,0.004131363037831737
2019-05-22,1.876671662808964,0.0043614273898803235
2019-05-23,1.87914380687087,0.0013173023874648582
2019-05-24,1.8802472986706744,0.0005872311612181713
2019-05-28,1.8709258026697884,-0.00495759042306626
2019-05-29,1.8615720202965849,-0.00499954747529574
2019-05-30,1.8700491538960669,0.004553750006476398
2019-05-31,1.8695709621203276,-0.0002557108056454038
2019-06-03,1.8763179868625637,0.003608862610159691
2019-06-04,1.8884306618332374,0.006455555537751678
2019-06-05,1.895543608341607,0.003766591303630329
2019-06-06,1.9002342132064485,0.00247454336803421
2019-06-07,1.9139055698005571,0.007194563964323053
2019-06-10,1.9120132862100363,-0.0009887026927446474
2019-06-11,1.9104423809507645,-0.0008215974599139475
2019-06-12,1.9175151444613303,0.0037021600761629747
2019-06-13,1.918739268606687,0.0006383908616798828
2019-06-14,1.9172386962877697,-0.0007820616086139931
2019-06-17,1.921370667171015,0.0021551676852996637
2019-06-18,1.9313919511248874,0.005215695297684286
2019-06-19,1.9427081662564551,0.005859098214102465
2019-06-20,1.9485699920550117,0.0030173475874412103
2019-06-21,1.9492632042554179,0.0003557543240595429
2019-06-24,1.9475487020804596,-0.000879564222633078
2019-06-25,1.9450868869906237,-0.001264058294001169
2019-06-26,1.9288576836211668,-0.008343690699887552
2019-06-27,1.938492064485892,0.004994863512500336
2019-06-28,1.9521579138097362,0.007049731889136425
2019-07-01,1.9897650863941208,0.019264411100325406
2019-07-02,1.98519341319342,-0.0022975944406511415
2019-07-03,1.9868181953151667,0.0008184502884951583
2019-07-05,1.989223536785586,0.0012106500112043026
2019-07-08,2.002631872622559,0.006740487224799148
2019-07-09,2.0349982884629374,0.0161619398366972
2019-07-10,2.0726224619236655,0.018488552876939457
2019-07-11,2.0606120526047147,-0.005794788746911312
2019-07-12,2.0833993738754852,0.011058520812768285
2019-07-15,2.101570067517732,0.00872165647647588
2019-07-16,2.071231794732265,-0.014436003469206775
2019-07-17,2.0690268449246974,-0.001064559656324108
2019-07-18,2.085621205407115,0.008020369828996461
2019-07-19,2.0682303930762913,-0.00833843283034182
2019-07-22,2.0644924100415065,-0.0018073339640004007
2019-07-23,2.0692237636130555,0.0022917757161692864
2019-07-24,2.0712971627771126,0.0010020178583475259
2019-07-25,2.064447147496967,-0.003307113727207267
2019-07-26,2.067971701384358,0.0017072628338605789
2019-07-29,2.0731840003981508,0.002520488559056955
2019-07-30,2.069171948928935,-0.0019352124405965232
2019-07-31,2.0615880232223986,-0.003665198395165603
2019-08-01,2.074636330794701,0.006329250764615435
2019-08-02,2.0744010790415013,-0.0001133942126181342
2019-08-05,2.058980845637376,-0.0074335833894042525
2019-08-06,2.0739496244581126,0.007269994207305341
2019-08-07,2.0742948368667906,0.0001664516845572006
2019-08-08,2.0882023801457823,0.006704709008483634
2019-08-09,2.087879303631885,-0.00015471513535714188
2019-08-12,2.084324949066509,-0.0017023754961280613
2019-08-13,2.094217387014436,0.004746111182115709
2019-08-14,2.0720805978365235,-0.010570435197021888
2019-08-15,2.0822738808302126,0.0049193467688136705
2019-08-16,2.092335136914158,0.004831860100907637
2019-08-19,2.0974139301695103,0.002427332584416797
2019-08-20,2.093104252285362,-0.0020547579198162413
2019-08-21,2.098075433520532,0.002375028013890057
2019-08-22,2.090589916373979,-0.003567801722930697
2019-08-23,2.0734599288486697,-0.008193853510506
2019-08-26,2.0833201726719124,0.004755454246332058
2019-08-27,2.0816549729380154,-0.0007993009215483959
2019-08-28,2.089607434022852,0.003820258970972934
2019-08-29,2.095505474195557,0.002822558953741283
2019-08-30,2.0970546213344967,0.0007392713395485417
2019-09-03,2.0932241210045954,-0.001826609708174276
2019-09-04,2.095572962516906,0.0011221165897816743
2019-09-05,2.0974823439110857,0.0009111500426530195
2019-09-06,2.1010103905319246,0.0016820387695184458
2019-09-09,2.08485762376876,-0.007688094659577038
2019-09-10,2.0802700974578014,-0.002200402683932956
2019-09-11,2.0895691420169173,0.004470114034941963
2019-09-12,2.086890606411188,-0.0012818602418411262
2019-09-13,2.076776818716319,-0.004846343006096265
2019-09-16,2.079017927970665,0.001079128596847112
2019-09-17,2.0833281956536482,0.002073222950602749
2019-09-18,2.083588589655216,0.00012498942898708787
2019-09-19,2.0889560374987264,0.0025760593382778696
2019-09-20,2.100780755198794,0.005660587148701435
2019-09-23,2.096687257290851,-0.0019485602663737445
2019-09-24,2.092298211470172,-0.0020933240307619005
2019-09-25,2.0803532644183047,-0.0057090079159766716
2019-09-26,2.076818818275138,-0.001698964403603176
2019-09-27,2.073670496044449,-0.0015159349496381425
2019-09-30,2.0837859454595957,0.004878040862539401
2019-10-01,2.0764992972909115,-0.003496831420982227
2019-10-02,2.0649715578440473,-0.005551525811688995
2019-10-03,2.079636746984622,0.007101884326138563
2019-10-04,2.097937784341056,0.00880011251146151
2019-10-07,2.0909442691539755,-0.003333518867565999
2019-10-08,2.0340855189474722,-0.027192857813235296
2019-10-09,2.0687548980517243,0.01704420919440561
2019-10-10,2.0836884089892465,0.00721859846789288
2019-10-11,2.1059233887364712,0.010670971557599909
2019-10-14,2.1046005735189564,-0.0006281402374796276
2019-10-15,2.157820934510374,0.02528763018553748
2019-10-16,2.1391683960938206,-0.008644154905646092
2019-10-17,2.14068137892056,0.0007072761683943516
2019-10-18,2.1125218728113153,-0.01315445931680137
2019-10-21,2.146850679425149,0.016250154403442907
2019-10-22,2.1340434409381386,-0.0059655935132105885
2019-10-23,2.129763208129772,-0.002005691508549876
2019-10-24,2.1720961463184625,0.019876828572817962
2019-10-25,2.2052149452332506,0.015247390853725468
2019-10-28,2.2440665198292202,0.017618044299922184
2019-10-29,2.2587563286655183,0.006546066574450672
2019-10-30,2.270583012981662,0.0052359274730316985
2019-10-31,2.2764760916401556,0.002595403306023647
2019-11-01,2.275770533235994,-0.0003099344670266513
2019-11-04,2.2665072402547417,-0.004070398507216966
2019-11-05,2.25238481472564,-0.006230920103972193
2019-11-06,2.259469865066374,0.0031455772097259693
2019-11-07,2.2529520870364887,-0.002884649240362247
2019-11-08,2.259652256894828,0.0029739513311854426
2019-11-11,2.2562501195867637,-0.001505602155235708
2019-11-12,2.263548236312058,0.0032346221998788005
2019-11-13,2.2679292574977485,0.0019354662363318953
2019-11-14,2.2737846883085706,0.0025818401484366538
2019-11-15,2.297048738227231,0.010231421663748685
2019-11-18,2.295122771206346,-0.0008384528324685281
2019-11-19,2.2969376539872304,0.0007907562957647982
2019-11-20,2.2855085543460056,-0.004975798808202375
2019-11-21,2.2439694368018266,-0.01817499981139438
2019-11-22,2.2455361990934204,0.0006982101743002742
2019-11-25,2.2591789331670005,0.006075490601793798
2019-11-26,2.2603929226934896,0.0005373587318235895
2019-11-27,2.2632676201657063,0.0012717689227194628
2019-11-29,2.2583884927229545,-0.0021557890013882974
2019-12-02,2.2493403129277025,-0.004006476221609934
2019-12-03,2.2568722682406297,0.003348517460714351
2019-12-04,2.263044436528307,0.0027348327925040827
2019-12-05,2.2604076016351957,-0.0011651715054947775
2019-12-06,2.2644330996207014,0.0017808726101404826
2019-12-09,2.257458751550097,-0.0030799532438264277
2019-12-10,2.2586276802042313,0.0005178073146770434
2019-12-11,2.264328081824196,0.002523834127211688
2019-12-12,2.2659105305740272,0.0006988601883859413
2019-12-13,2.271788508308532,0.00259409083244605
2019-12-16,2.291215393213098,0.00855136155214992
2019-12-17,2.2952466211347082,0.0017594277402076676
2019-12-18,2.2925201470067123,-0.0011878785063402484
2019-12-19,2.3120136563413443,0.008503091831094458
2019-12-20,2.336237370034386,0.01047732292869516
2019-12-23,2.3472832049247545,0.0047280447749220526
2019-12-24,2.3532393706855186,0.002537472150044593
2019-12-26,2.363933897430129,0.004544597918015965
2019-12-27,2.3578740268868565,-0.0025634686950681868
2019-12-30,2.3358451847267125,-0.009342671367914043
2019-12-31,2.3449136757057616,0.0038823167898047488
2020-01-02,2.4004008534542827,0.023662780563476704
2020-01-03,2.3849968747771375,-0.006417252624693111
2020-01-06,2.399240229271982,0.005972064217558322
2020-01-07,2.3986827972788407,-0.00023233688162630186
2020-01-08,2.4019311852407808,0.0013542382367628522
2020-01-09,2.4079610627701733,0.002510428927541608
2020-01-10,2.4109161505599848,0.0012272157700141673
2020-01-13,2.405285986790259,-0.0023352797932927882
2020-01-14,2.4149455063609526,0.004015954702992985
2020-01-15,2.428409715923787,0.00557536786124968
2020-01-16,2.432215236471682,0.0015670833973941423
2020-01-17,2.4312324122697553,-0.0004040860311986805
2020-01-21,2.437317543340844,0.002502899780530532
2020-01-22,2.4390508398357444,0.0007111492302822597
2020-01-23,2.43593493018089,-0.0012775091047566023
2020-01-24,2.4199438997863094,-0.006564637748100011
2020-01-27,2.4189114831548846,-0.00042662833279566437
2020-01-28,2.4207986265173287,0.0007801622240359851
2020-01-29,2.4232751755895,0.0010230297741594119
2020-01-30,2.431273565551874,0.003300652787163522
2020-01-31,2.36346501492787,-0.027890136093595752
2020-02-03,2.410346936517937,0.019836097126023192
2020-02-04,2.4751136318765017,0.026870279285242053
2020-02-05,2.4686160660363816,-0.0026251586013826002
2020-02-06,2.489593143753623,0.008497505143001738
2020-02-07,2.4704568805684732,-0.007686502203447447
2020-02-10,2.5348648993859313,0.026071298521363733
2020-02-11,2.5458342605691406,0.004327394799567626
2020-02-12,2.565586988119276,0.007758842692972155
2020-02-13,2.5787435522235524,0.0051280912185795655
2020-02-14,2.604732880614455,0.010078291177303403
2020-02-18,2.618453548273765,0.005267591069097694
2020-02-19,2.672568277203755,0.020666675170031245
2020-02-20,2.617717788946682,-0.020523512429946898
2020-02-21,2.6211515987375513,0.0013117570600500459
2020-02-24,2.590052674882115,-0.011864603279876929
2020-02-25,2.5543495042070963,-0.013784727631705018
2020-02-26,2.5535541022109918,-0.00031139121517792523
2020-02-27,2.5163670418328383,-0.014562863714520535
2020-02-28,2.514244911011425,-0.0008433311937940391
2020-03-02,2.572300181437215,0.02309053910043929
2020-03-03,2.5552729017378994,-0.006619476149086867
2020-03-04,2.626120823851193,0.02772616657309218
2020-03-05,2.6073247859987263,-0.007157339327937717
2020-03-06,2.613617878092422,0.002413620323593546
2020-03-09,2.5574110253173696,-0.021505382728738975
2020-03-10,2.5778105714215305,0.007976639618040793
2020-03-11,2.5156983480284576,-0.024094952546812265
2020-03-12,2.4224313989421464,-0.03707397954107017
2020-03-13,2.4985405319656926,0.03141848848920248
2020-03-16,2.4083512576645143,-0.03609678256058663
2020-03-17,2.453752041783922,0.01885139635463079
2020-03-18,2.3960380038030746,-0.023520729477982616
2020-03-19,2.3754298458100367,-0.008600931187371819
2020-03-20,2.3600589145105864,-0.006470799938193383
2020-03-23,2.3127347123914443,-0.020052127439774525
2020-03-24,2.393975688315643,0.03512766747042628
2020-03-25,2.410611243468396,0.006948924015371949
2020-03-26,2.4935960631765113,0.03442480405455839
2020-03-27,2.4761344330849253,-0.007002589693433481
2020-03-30,2.5369775730562734,0.024571824194353442
2020-03-31,2.533718728488274,-0.0012845381853626714
2020-04-01,2.490679157140346,-0.01698672029535314
2020-04-02,2.525375141249771,0.013930330612819897
2020-04-03,2.514916342877542,-0.004141483061820661
2020-04-06,2.5751748718550354,0.023960450671908384
2020-04-07,2.5588733542474413,-0.006330256552966151
2020-04-08,2.6099715604178226,0.01996902507330567
2020-04-09,2.6199775181690823,0.0038337420617938767
2020-04-13,2.605696624130034,-0.005450769687912582
2020-04-14,2.650668126161132,0.01725891710287375
2020-04-15,2.6556868022377724,0.0018933626684940474
2020-04-16,2.686100325186269,0.011452225060149868
2020-04-17,2.710466069171996,0.009071047628884332
2020-04-20,2.7032706064931786,-0.0026546957221328937
2020-04-21,2.6659367483653975,-0.013810625557835798
2020-04-22,2.6821500038970116,0.006081635485746195
2020-04-23,2.690386857401257,0.0030709891289739666
2020-04-24,2.708796708327558,0.006842826664743562
2020-04-27,2.719010278643888,0.0037705193176478247
2020-04-28,2.6975039030906767,-0.007909633781869208
2020-04-29,2.705784898897798,0.0030698735218264717
2020-04-30,2.6963567796752717,-0.0034844304240025936
2020-05-01,2.6725356259344815,-0.008834570380429785
2020-05-04,2.672072206409423,-0.00017340069129911928
2020-05-05,2.7000510864686813,0.010470854789083162
2020-05-06,2.6816785955632816,-0.0068044975139447406
2020-05-07,2.6897303102671204,0.00300249057331492
2020-05-08,2.6922530737077306,0.000937924308240301
2020-05-11,2.7116428172672364,0.007202050858020892
2020-05-12,2.695469168766711,-0.005964520252274619
2020-05-13,2.6836234492161686,-0.004394678183598788
2020-05-14,2.7004281120817906,0.0062619302534902
2020-05-15,2.710932842960717,0.003890024263904057
2020-05-18,2.713799791264069,0.0010575504704206096
2020-05-19,2.7012568342674483,-0.004621916855103769
2020-05-20,2.7032097013566467,0.0007229475792250861
2020-05-21,2.6941122376286444,-0.0033654302599746
2020-05-22,2.6995048481998256,0.0020016280301402567
2020-05-26,2.693521782822962,-0.0022163565962303733
2020-05-27,2.7085799888389106,0.005590526912378158
2020-05-28,2.72501352160641,0.006067213386799164
2020-05-29,2.7458512837091194,0.007646847231211118
2020-06-01,2.731715105030249,-0.005148195302032255
2020-06-02,2.7373734566562606,0.002071354957767002
2020-06-03,2.726598864278481,-0.003936106106231074
2020-06-04,2.7103982610260715,-0.005941689283544993
2020-06-05,2.7676528852217546,0.021124063212027016
2020-06-08,2.7842981162025966,0.006014204696593931
2020-06-09,2.803598804306631,0.006931976138517123
2020-06-10,2.8429421265545067,0.014033149888436264
2020-06-11,2.678432226823401,-0.05786607409081623
2020-06-12,2.726013539488713,0.01776461326473168
2020-06-15,2.766077523120376,0.01469691292845807
2020-06-16,2.7995734827508527,0.012109552010201906
2020-06-17,2.807983826048552,0.0030041516500703084
2020-06-18,2.8034240939767274,-0.0016238455611907962
2020-06-19,2.8085603316658254,0.001832130108367765
2020-06-22,2.8286058144898787,0.007137280477134536
2020-06-23,2.8291639534262742,0.00019731944745947816
2020-06-24,2.7564342525080128,-0.025707135434898384
2020-06-25,2.792157663685124,0.012960008440109754
2020-06-26,2.7761815656960893,-0.005721775026109931
2020-06-29,2.790074245744043,0.0050042404357190096
2020-06-30,2.8113802157663046,0.007636345181409154
2020-07-01,2.8200027960351837,0.003067027441014114
2020-07-02,2.8323696795099695,0.004385415323762576
2020-07-06,2.844632663561665,0.004329584566735378
2020-07-07,2.836862216902308,-0.0027316169004498736
2020-07-08,2.8347916714668457,-0.0007298716952574003
2020-07-09,2.8281873104872677,-0.002329751793069379
2020-07-10,2.8220467999423238,-0.0021711824114952205
2020-07-13,2.831538218395463,0.0033633100816519157
2020-07-14,2.8595195795158133,0.009882035474063355
2020-07-15,2.877599326253073,0.00632265184220937
2020-07-16,2.87632301608048,-0.0004435329689401746
2020-07-17,2.8956579214716944,0.006722091115330342
2020-07-20,2.896332706986827,0.00023303357421089466
2020-07-21,2.8969175893449437,0.00020193894047670913
2020-07-22,2.9103970671411052,0.004653041510652489
2020-07-23,2.9052823835232595,-0.001757383442826832
2020-07-24,2.8885769316010017,-0.005750026922339613
2020-07-27,2.897190365074909,0.002981895126169809
2020-07-28,2.8989876484061146,0.0006203538962684108
2020-07-29,2.9160930226098274,0.0059004646719063025
2020-07-30,2.9080202074060084,-0.002768366832342717
2020-07-31,2.900019229816225,-0.0027513486905651474
2020-08-03,2.914286852261705,0.004919837185487996
2020-08-04,2.9128538631504686,-0.0004917117579295027
2020-08-05,2.9147240177996436,0.0006420351782263634
2020-08-06,2.908598101727832,-0.0021017139305133936
2020-08-07,2.9101802905031224,0.000543969541323186
2020-08-10,2.9037144509896713,-0.0022218003243823503
2020-08-11,2.889559235466525,-0.004874864853987748
2020-08-12,2.909562925594698,0.006922747899626713
2020-08-13,2.904671461603068,-0.0016811679680823755
2020-08-14,2.9025395572587542,-0.000733957135082397
2020-08-17,2.9134905318077324,0.0037728941614565414
2020-08-18,2.9155983790353295,0.0007234783173600823
2020-08-19,2.908934288483597,-0.0022856682181094934
2020-08-20,2.9084980697054172,-0.00014995827850322607
2020-08-21,2.9110690099862695,0.0008839408585588071
2020-08-24,2.902366157260639,-0.0029895727980944753
2020-08-25,2.9087416990384414,0.0021966703828368295
2020-08-26,2.9063780400193915,-0.0008126053337191852
2020-08-27,2.912656384172245,0.002160195289946487
2020-08-28,2.918303308206479,0.0019387539377867524
2020-08-31,2.9233793771922714,0.0017393904778569835
2020-09-01,2.915073551609974,-0.0028411726671871973
2020-09-02,2.946315503240932,0.010717380223117412
2020-09-03,2.9081342976034743,-0.012958967088031903
2020-09-04,2.889658964218686,-0.006352984936085382
2020-09-08,2.8689678008654274,-0.007160417062867186
2020-09-09,2.8936494582237255,0.008602974683387221
2020-09-10,2.873279478143892,-0.007039546556664722
2020-09-11,2.881174054418238,0.002747583844313728
2020-09-14,2.9005356383886527,0.006720032738294246
2020-09-15,2.901735777686248,0.00041376471356219247
2020-09-16,2.8984441028355468,-0.0011343813161809324
2020-09-17,2.894137042896596,-0.001485990340381993
2020-09-18,2.8906397847187346,-0.0012083941174951263
2020-09-21,2.866552233337615,-0.008332948127420636
2020-09-22,2.863496085830286,-0.0010661405265136037
2020-09-23,2.8487561391559315,-0.0051475351222911025
2020-09-24,2.8423280477204527,-0.002256455491968956
2020-09-25,2.86634059233278,0.008448196059418711
2020-09-28,2.879043028601996,0.004431586498546025
2020-09-29,2.878304514126931,-0.00025651387205000153
2020-09-30,2.897427181079336,0.006643726144523632
2020-10-01,2.8933040894128803,-0.0014230182188460505
2020-10-02,2.8786678444106624,-0.005058661153445609
2020-10-05,2.899131571246915,0.007108748887436123
2020-10-06,2.8832605419793427,-0.005474408069291559
2020-10-07,2.9063111719716503,0.007994639976754814
2020-10-08,2.916027321004229,0.003343120697563484
2020-10-09,2.903509026356644,-0.004292927764227547
2020-10-12,2.9341479379784317,0.010552373470742641
2020-10-13,2.9484375353860055,0.004870101204719344
2020-10-14,2.9333029488814892,-0.0051330870411452284
2020-10-15,2.9158252720712468,-0.0059583606312832325
2020-10-16,2.906956703643184,-0.003041529447257632
2020-10-19,2.8847261553730554,-0.007647361325425831
2020-10-20,2.8844689168060165,-8.917261229796937e-05
2020-10-21,2.8658739603095653,-0.0064465789137507995
2020-10-22,2.8708096381099764,0.0017222243088031654
2020-10-23,2.8837119627459664,0.004494315633022725
2020-10-26,2.837950574696187,-0.0158689177840786
2020-10-27,2.8149594008688195,-0.00810132989360768
2020-10-28,2.737418792216383,-0.027545906569204536
2020-10-29,2.78366800493701,0.01689519077319575
2020-10-30,2.7768954521607205,-0.0024329599522204997
2020-11-02,2.804273049119898,0.009859066511803682
2020-11-03,2.821581075115131,0.006172018805609747
2020-11-04,2.8960754156081228,0.026401630330594728
2020-11-05,2.898740864197578,0.0009203657387820696
2020-11-06,2.894353950633738,-0.0015133859042120723
2020-11-09,2.897225967639817,0.0009922825801764734
2020-11-10,2.897285462420606,2.0535084751305277e-05
2020-11-11,2.8977708732834744,0.00016753988143880516
2020-11-12,2.900673193707094,0.0010015700172771869
2020-11-13,2.917080567523387,0.005656402055870313
2020-11-16,2.913515006064276,-0.0012223047586709668
2020-11-17,2.9077803246074168,-0.0019683033878058476
2020-11-18,2.880232375912342,-0.0094738754719354
2020-11-19,2.880734608538382,0.00017437225907179776
2020-11-20,2.8799473725601645,-0.0002732761205713752
2020-11-23,2.8733735204148996,-0.0022826292618747246
2020-11-24,2.8753404671139586,0.000684542641283481
2020-11-25,2.8705353308244472,-0.0016711538492463762
2020-11-27,2.8880728221129606,0.006109484562057732
2020-11-30,2.891072107090237,0.001038507392996324
2020-12-01,2.895501701179607,0.0015321631302473993
2020-12-02,2.9039405310981823,0.0029144620827323275
2020-12-03,2.906006342823711,0.0007113822419590465
2020-12-04,2.9158331879292723,0.0033815635433239732
2020-12-07,2.911416002947311,-0.0015148963254300596
2020-12-08,2.9239378132416345,0.004300934762207609
2020-12-09,2.9168041827847055,-0.0024397339863463374
2020-12-10,2.9176280251885145,0.0002824469358179149
2020-12-11,2.914823408897881,-0.00096126588667933
2020-12-14,2.903012673733162,-0.004051955644607863
2020-12-15,2.9172761342064133,0.0049133304178479165
2020-12-16,2.911763869007125,-0.001889524661260078
2020-12-17,2.926345806425718,0.005007939542695683
2020-12-18,2.9262896013713964,-1.9206566154339466e-05
2020-12-21,2.9126290790978513,-0.004668205862858876
2020-12-22,2.9106179557445997,-0.0006904838544956049
2020-12-23,2.9086314610820643,-0.0006824992811629293
2020-12-24,2.914885444746936,0.002150146468726244
2020-12-28,2.918667497114212,0.0012974960556655368
2020-12-29,2.9253452771381148,0.0022879550447267305
2020-12-30,2.926062025727065,0.0002450133304096047
2020-12-31,2.9424162547351846,0.005589160060288201
2021-01-04,2.9364298160076037,-0.0020345315581868917
2021-01-05,2.943661922573594,0.0024628910000046855
2021-01-06,2.95523635283627,0.0039319835521590685
2021-01-07,2.96923966327749,0.004738473938905197
2021-01-08,2.972099057034211,0.0009630053754452472
2021-01-11,2.976171182302482,0.001370117613890831
2021-01-12,2.9597679868301747,-0.005511509408412774
2021-01-13,2.9689703449298377,0.0031091484672481906
2021-01-14,2.960889459042518,-0.0027217806001731404
2021-01-15,2.9694706145426557,0.0028981681413100535
2021-01-19,2.981517747916882,0.004056996999811102
2021-01-20,2.9903691815583406,0.0029687677182679284
2021-01-21,2.981159719499193,-0.003079707387282693
2021-01-22,2.979002142859042,-0.0007237373516216228
2021-01-25,2.9788023722824417,-6.705956122885805e-05
2021-01-26,2.965306189085266,-0.004530741388806689
2021-01-27,2.8218098791121315,-0.048391734553860664
2021-01-28,2.8776573870952475,0.019791378716374906
2021-01-29,2.8434656816708266,-0.011881784668929824
2021-02-01,2.922851669765933,0.027918743175566925
2021-02-02,2.970608293161638,0.016339051307222005
2021-02-03,3.009799361899612,0.013192943959724424
2021-02-04,3.046269799643705,0.012117232200180635
2021-02-05,3.0534126486990902,0.00234478543437639
2021-02-08,3.1481887358933296,0.031039396930060935
2021-02-09,3.116503126032305,-0.010064711019313709
2021-02-10,3.154004710823798,0.012033225469353936
2021-02-11,3.246586647730751,0.02935377255120566
2021-02-12,3.2561002640043326,0.0029303441755455023
2021-02-16,3.224993183725254,-0.009553477398396515
2021-02-17,3.231928314599761,0.002150432723239337
2021-02-18,3.2216675406358797,-0.0031748148365572937
2021-02-19,3.195724540073603,-0.008052662242472086
2021-02-22,3.1893488832262844,-0.001995058324761545
2021-02-23,3.187927858123151,-0.00044555335749169034
2021-02-24,3.196788105752629,0.0027793124637063293
2021-02-25,3.1594618695889496,-0.011676168369280149
2021-02-26,3.1600151567417365,0.00017512069321429236
2021-03-01,3.17886462652386,0.005964993472233393
2021-03-02,3.177155314772021,-0.0005377114009753603
2021-03-03,3.148537555716815,-0.009007352873858399
2021-03-04,3.1195788743102333,-0.009197502298805726
2021-03-05,3.1486525569640444,0.00931974597380214
2021-03-08,3.138560341558393,-0.003205248982880049
2021-03-09,3.1551833687891286,0.00529638605657079
2021-03-10,3.162106654116378,0.0021942576763473998
2021-03-11,3.171154249495635,0.0028612556023304703
2021-03-12,3.1631475921401955,-0.00252484008203413
2021-03-15,3.175994947629682,0.0040615732005075955
2021-03-16,3.1747527654230083,-0.00039111592655410865
2021-03-17,3.1663251351339636,-0.0026545784543703377
2021-03-18,3.153142145160823,-0.004163498507105512
2021-03-19,3.1578038064516356,0.001478417742113769
2021-03-22,3.1767136539474703,0.005988290804260998
2021-03-23,3.168490817530402,-0.0025884726521858137
2021-03-24,3.1687771210813613,9.035959623920897e-05
2021-03-25,3.173344463278872,0.0014413579822715739
2021-03-26,3.198032960044831,0.007779961189731677
2021-03-29,3.200057617613826,0.0006330946535855198
2021-03-30,3.1842173084202146,-0.004950007495622244
2021-03-31,3.185108925750246,0.00028001145765821356
2021-04-01,3.187389269169602,0.0007159389121422777
2021-04-05,3.193981924284965,0.002068355810547262
2021-04-06,3.195620142647568,0.0005129078377515972
2021-04-07,3.1910768567111174,-0.001421722774812173
2021-04-08,3.1990240461951513,0.002490441265092125
2021-04-09,3.2123600683054834,0.00416877832668805
2021-04-12,3.213004357159526,0.00020056557806186204
2021-04-13,3.2263217266157787,0.004144833923607094
2021-04-14,3.224204687407645,-0.0006561773398694459
2021-04-15,3.262145399428751,0.01176746382426841
2021-04-16,3.269906798859881,0.0023792316039897288
2021-04-19,3.2685936575619574,-0.0004015837082517182
2021-04-20,3.279782518597985,0.0034231422465567096
2021-04-21,3.30000088560916,0.006164545025936108
2021-04-22,3.293944003405014,-0.0018354183571766547
2021-04-23,3.3026470307210403,0.00264212971047173
2021-04-26,3.2953087494599846,-0.002221939308922616
2021-04-27,3.2793363824142565,-0.004847001680296337
2021-04-28,3.276544218634985,-0.0008514417106597061
2021-04-29,3.267102074974475,-0.002881738511816445
2021-04-30,3.263703893601759,-0.001040120967981284
2021-05-03,3.285043135626529,0.006538351125114028
2021-05-04,3.288942249142993,0.0011869291681981808
2021-05-05,3.293902618079215,0.001508195815087432
2021-05-06,3.296764618310537,0.0008688782162573627
2021-05-07,3.308710956798751,0.0036236552715541714
2021-05-10,3.3075207251681373,-0.000359726686964823
2021-05-11,3.286933380405602,-0.006224403858116123
2021-05-12,3.2634952077651027,-0.007130711191234151
2021-05-13,3.2837025266303126,0.00619192539861213
2021-05-14,3.295593803428974,0.003621301473633709
2021-05-17,3.2909358880644577,-0.0014133766605792797
2021-05-18,3.2914697465033753,0.0001622208566425254
2021-05-19,3.2837594340673077,-0.0023425135364705807
2021-05-20,3.3077594428369963,0.007308698840938432
2021-05-21,3.3086054089838424,0.0002557520162713711
2021-05-24,3.311794340974348,0.0009638296491466525
2021-05-25,3.312956109470785,0.0003507972950080873
2021-05-26,3.3014697345692725,-0.0034671074780243116
2021-05-27,3.2949771791619713,-0.0019665651752970303
2021-05-28,3.301255809569402,0.0019055155972361737
2021-06-01,3.2738430750811274,-0.008303729268363036
2021-06-02,3.2724736143825255,-0.00041830370827045105
2021-06-03,3.2733161094314562,0.0002574489967552829
2021-06-04,3.2875939822975915,0.004361898572825429
2021-06-07,3.304300606494061,0.005081717598471223
2021-06-08,3.2927275117113206,-0.0035024339976803083
2021-06-09,3.2824081319140785,-0.0031339914282427156
2021-06-10,3.2961173431254163,0.004176571182007065
2021-06-11,3.316201349034952,0.006093231465628528
2021-06-14,3.336585831005238,0.006146937361393475
2021-06-15,3.3109921783144247,-0.0076706112137095925
2021-06-16,3.2946969654292615,-0.004921549797637573
2021-06-17,3.3423726124970976,0.014470419455291095
2021-06-18,3.2826680091254414,-0.01786294057952169
2021-06-21,3.2968793293501877,0.00432919813555331
2021-06-22,3.3319529204776948,0.010638421253476677
2021-06-23,3.348603069335931,0.00499711408162671
2021-06-24,3.383563989507876,0.010440449180761912
2021-06-25,3.372678713656034,-0.0032171035882864
2021-06-28,3.4463726643633943,0.021850273021551778
2021-06-29,3.457394207811957,0.00319801267069248
2021-06-30,3.459096085430132,0.0004922428614966145
2021-07-01,3.4575889033012093,-0.0004357156007521946
2021-07-02,3.483155393097551,0.007394311617535409
2021-07-06,3.5000219177608893,0.004842311858024601
2021-07-07,3.4652518974094764,-0.00993422931867148
2021-07-08,3.4273646861845255,-0.01093346525638557
2021-07-09,3.4567008415925766,0.008559391279925022
2021-07-12,3.492074530041788,0.010233367037025322
2021-07-13,3.477262331024838,-0.004241661765670571
2021-07-14,3.4455956467853537,-0.009106786093458542
2021-07-15,3.385579811885911,-0.017418130579377786
2021-07-16,3.3287313512652212,-0.01679135149055084
2021-07-19,3.3417189062150734,0.0039016530862172787
2021-07-20,3.3630388649022764,0.006379937776199996
2021-07-21,3.4162553236069777,0.015823920222892685
2021-07-22,3.443584305226848,0.007999689435102113
2021-07-23,3.4969796251653373,0.015505739138560657
2021-07-26,3.485765798354343,-0.003206717800211393
2021-07-27,3.472127794995339,-0.003912484127718166
2021-07-28,3.5232888087453977,0.014734772672768898
2021-07-29,3.528951404345322,0.001607190300684056
2021-07-30,3.5243046566593077,-0.0013167502619312185
2021-08-02,3.532239506867403,0.0022514654608821755
2021-08-03,3.5583551726738887,0.007393515008172949
2021-08-04,3.5909580398876795,0.0091623420461684
2021-08-05,3.5940480548783222,0.0008604987739537961
2021-08-06,3.573635751563749,-0.005679474231533094
2021-08-09,3.569450677986869,-0.0011710968514484607
2021-08-10,3.5289237289343554,-0.011353833603150015
2021-08-11,3.533271237540953,0.0012319644573080225
2021-08-12,3.5107220226405507,-0.006381965432151773
2021-08-13,3.537575608175698,0.0076490207319091135
2021-08-16,3.525846712695539,-0.0033155179646344817
2021-08-17,3.4864193436486595,-0.011182383200300006
2021-08-18,3.4341209650949733,-0.015000599009685953
2021-08-19,3.46225816315314,0.0081934207746782
2021-08-20,3.518929189700415,0.016368226711223455
2021-08-23,3.6052958484140563,0.024543448889630656
2021-08-24,3.57724820068134,-0.00777956897630302
2021-08-25,3.6107743438565922,0.009372048371948842
2021-08-26,3.585807181448883,-0.0069146282847025835
2021-08-27,3.6638016563807128,0.021750883688150698
2021-08-30,3.6841560518342105,0.005555539672309934
2021-08-31,3.667258696823975,-0.004586492746913546
2021-09-01,3.6704284255577098,0.0008643319154113815
2021-09-02,3.654967379947018,-0.004212327232165721
2021-09-03,3.6705969410007957,0.0042762518591900455
2021-09-07,3.6649082644986817,-0.0015497960123518242
2021-09-08,3.637344100897698,-0.00752110601730284
2021-09-09,3.6231483979547563,-0.0039027660153016595
2021-09-10,3.6055822515994724,-0.004848309929894056
2021-09-13,3.6004240108373042,-0.0014306262906302657
2021-09-14,3.6153008550285106,0.004131970053090217
2021-09-15,3.6343568342027632,0.005270924865837427
2021-09-16,3.6287724498883778,-0.0015365536652403072
2021-09-17,3.577389450239451,-0.014159884742981691
2021-09-20,3.516076921320596,-0.017138902479502515
2021-09-21,3.5300852111010155,0.003984068066167004
2021-09-22,3.532150566285805,0.0005850723314821523
2021-09-23,3.5289177503088935,-0.0009152542951505471
2021-09-24,3.5164070528968865,-0.0035451938234921654
2021-09-27,3.486651974476592,-0.008461784421624818
2021-09-28,3.450123714506692,-0.010476600543242731
2021-09-29,3.465550050456272,0.004471241389031211
2021-09-30,3.446415545440512,-0.005521347185056813
2021-10-01,3.4538548837531278,0.0021585726429471652
2021-10-04,3.42545221281536,-0.008223469686399865
2021-10-05,3.4303561498501,0.001431617412846642
2021-10-06,3.427677352893173,-0.0007809092816918883
2021-10-07,3.443560814277181,0.004633884624701212
2021-10-08,3.431170066877462,-0.0035982368449386515
2021-10-11,3.4135928313998294,-0.005122810917276621
2021-10-12,3.4131016280741187,-0.0001438962846396774
2021-10-13,3.419098553212992,0.0017570309332561873
2021-10-14,3.4476280746756287,0.008344164702660306
2021-10-15,3.4476237793934543,-1.2458658769087805e-06
2021-10-18,3.4334976685114,-0.004097346980400318
2021-10-19,3.4499033329143605,0.004778120152349907
2021-10-20,3.4737949594339823,0.0069253031792747
2021-10-21,3.476271280869556,0.0007128576857562408
2021-10-22,3.4877301619853056,0.003296313834541431
2021-10-25,3.4919910810920243,0.001221688292621037
2021-10-26,3.5027419278616603,0.003078715414781108
2021-10-27,3.4986737097966545,-0.00116143813868963
2021-10-28,3.5087468759737304,0.0028791385000751513
2021-10-29,3.5265884512496433,0.005084885261482874
2021-11-01,3.5243413453840504,-0.0006371897080297284
2021-11-02,3.53972334936088,0.004364504589482121
2021-11-03,3.544569848195833,0.0013691744683459461
2021-11-04,3.5419873582561987,-0.0007285764000246053
2021-11-05,3.5620643075110308,0.0056682724200111155
2021-11-08,3.624814862953508,0.017616345474212963
2021-11-09,3.6201761841866453,-0.0012797008791458856
2021-11-10,3.5276861180958163,-0.025548498577178766
2021-11-11,3.6046366170274355,0.021813306613899023
2021-11-12,3.640959256792924,0.010076643951822787
2021-11-15,3.6212699018842742,-0.005407738323881273
2021-11-16,3.654081400518726,0.009060771365696534
2021-11-17,3.61594917098439,-0.010435517262675938
2021-11-18,3.6896041546462013,0.020369474287095686
2021-11-19,3.7218199703068398,0.008731510023933062
2021-11-22,3.655985040718022,-0.017688907608120974
2021-11-23,3.62959569400395,-0.007218122180524438
2021-11-24,3.679166738945214,0.013657456400214029
2021-11-26,3.5801907853149997,-0.02690173092252663
2021-11-29,3.7007162568665675,0.033664538785455785
2021-11-30,3.635043656686144,-0.01774591609355877
2021-12-01,3.581362008081957,-0.014767814000100804
2021-12-02,3.5949917029774765,0.0038057294584469084
2021-12-03,3.5202391814175886,-0.020793517130505673
2021-12-06,3.506090284859001,-0.004019299777491209
2021-12-07,3.654615494465576,0.042362060739844346
2021-12-08,3.646732815671122,-0.002156910571410758
2021-12-09,3.5569477840203922,-0.024620677244270812
2021-12-10,3.589123982818528,0.009046013816308447
2021-12-13,3.4981739701906096,-0.025340448829102833
2021-12-14,3.451653202630795,-0.013298586049818423
2021-12-15,3.582984140165965,0.038048705888259954
2021-12-16,3.4470596375962845,-0.03793611616806765
2021-12-17,3.4207843866215537,-0.007622511281253334
2021-12-20,3.4055315361149128,-0.0044588751533987106
2021-12-21,3.4058820944556607,0.00010293792232740628
2021-12-22,3.427374512358866,0.006310382246699553
2021-12-23,3.430856141679558,0.0010158298453050163
2021-12-27,3.449553383946696,0.005449730765448302
2021-12-28,3.4447202672691475,-0.001401084760723148
2021-12-29,3.445724720873022,0.00029159221241237265
2021-12-30,3.4549681734911446,0.0026825859193361223
2021-12-31,3.4456921827971687,-0.0026848266693590417
2022-01-03,3.411931959488159,-0.009797805932160675
2022-01-04,3.3885214521519056,-0.00686136406417831
2022-01-05,3.369313039150857,-0.005668670915112695
2022-01-06,3.345669686183174,-0.007017262181623185
2022-01-07,3.331650515100981,-0.00419024362748327
2022-01-10,3.3483176309263567,0.005002660318010721
2022-01-11,3.3656489980108195,0.005176141870288586
2022-01-12,3.361150455698518,-0.0013366047127792435
2022-01-13,3.3403873894546083,-0.006177368885319445
2022-01-14,3.326035887862655,-0.004296358451495785
2022-01-18,3.2901599938006827,-0.010786382129215899
2022-01-19,3.287414703235356,-0.000834394245416481
2022-01-20,3.2801998579799787,-0.0021946866783421615
2022-01-21,3.273144980906952,-0.002150746106480028
2022-01-24,3.2662600177184977,-0.002103470279689934
2022-01-25,3.2535834727269104,-0.003881058128508086
2022-01-26,3.233528286746527,-0.006164029952971994
2022-01-27,3.2445056653499362,0.0033948608547520465
2022-01-28,3.2813736262646613,0.011363198193321322
2022-01-31,3.2908042132155875,0.0028739753606361607
2022-02-01,3.2929689016956,0.0006577992307532643
2022-02-02,3.318488318680773,0.007749668383455588
2022-02-03,3.3043194776291527,-0.004269667297564339
2022-02-04,3.2856677490806816,-0.005644650486960112
2022-02-07,3.2832550397403204,-0.0007343132430344679
2022-02-08,3.2913657874133326,0.0024703373861731937
2022-02-09,3.3063234437956637,0.004544513538887629
2022-02-10,3.265261116381423,-0.01241933165712944
2022-02-11,3.259561113341085,-0.0017456499915861068
2022-02-14,3.231627576921932,-0.008569723176787114
2022-02-15,3.2449699385637554,0.004128681701166759
2022-02-16,3.250850311159536,0.001812150099110954
2022-02-17,3.233404725763103,-0.005366468377994982
2022-02-18,3.226574550843003,-0.002112378591420605
2022-02-22,3.222380582919145,-0.0012998205551338904
2022-02-23,3.2058695413391702,-0.005123864532791289
2022-02-24,3.216097412404629,0.003190357852548953
2022-02-25,3.2648929585975828,0.01517228489558392
2022-02-28,3.2711053408193873,0.0019027828172575867
2022-03-01,3.2779739874395473,0.0020997937713739256
2022-03-02,3.2780693048194682,2.9078137986027208e-05
2022-03-03,3.293502099052625,0.004707891383036733
2022-03-04,3.318081355521043,0.007462954547831746
2022-03-07,3.2821139925611322,-0.010839807438736748
2022-03-08,3.2379434549468904,-0.013457953536761269
2022-03-09,3.258539488273143,0.006360837862930013
2022-03-10,3.250434205656362,-0.002487397389520807
2022-03-11,3.237858523380672,-0.0038689238052584396
2022-03-14,3.228783897410472,-0.002802662903481301
2022-03-15,3.2602450286906106,0.009743956944709309
2022-03-16,3.277574619407455,0.005315425854296729
2022-03-17,3.3003375268673136,0.006945046292790136
2022-03-18,3.315373900649584,0.004556010910963804
2022-03-21,3.2925300295694777,-0.006890285006958097
2022-03-22,3.283868868458952,-0.0026305488583982517
2022-03-23,3.265438943938284,-0.0056122595812775344
2022-03-24,3.2758388500540314,0.0031848416994759154
2022-03-25,3.2666362762556753,-0.002809226649902019
2022-03-28,3.2821967231088105,0.0047634464131315335
2022-03-29,3.300063183788294,0.0054434460170202925
2022-03-30,3.3097751566745495,0.0029429657389489217
2022-03-31,3.2967115166373455,-0.0039469871573782345
2022-04-01,3.2989740350000503,0.0006862955254917091
2022-04-04,3.2841524787499363,-0.004492777479563725
2022-04-05,3.268063566926527,-0.0048989539698635065
2022-04-06,3.2872121166064043,0.005859295355716054
2022-04-07,3.3147610106090815,0.008380625595624025
2022-04-08,3.316292156635286,0.00046191747196983046
2022-04-11,3.2753608962298615,-0.01234247722219789
2022-04-12,3.267351498333907,-0.0024453482073300004
2022-04-13,3.278972123405094,0.0035565885938849684
2022-04-14,3.256323684933581,-0.006907176279374205
2022-04-18,3.233632902417041,-0.006968220825689375
2022-04-19,3.238420570354698,0.0014805848660428556
2022-04-20,3.2728216763785616,0.010622803702144079
2022-04-21,3.245707845237335,-0.00828454276532059
2022-04-22,3.1873057062105925,-0.017993652482444056
2022-04-25,3.2082743167677403,0.006578788635269506
2022-04-26,3.1907266570986583,-0.0054695010265709
2022-04-27,3.178337089860114,-0.0038829923619375095
2022-04-28,3.1979610348118928,0.006174280574072932
2022-04-29,3.1483209580092044,-0.015522414520478423
2022-05-02,3.126807564491179,-0.006833291079582082
2022-05-03,3.133598427828002,0.002171820042250583
2022-05-04,3.17847332170773,0.014320563056585467
2022-05-05,3.1316517798556798,-0.014730827385675216
2022-05-06,3.1177880573475965,-0.004426968093087957
2022-05-09,3.0889933391974136,-0.009235623981021845
2022-05-10,3.0996481102259295,0.0034492696676660106
2022-05-11,3.098941852952673,-0.00022785079084514104
2022-05-12,3.119065446444685,0.006493698316035856
2022-05-13,3.1274462986166274,0.0026869754148618474
2022-05-16,3.145551413324178,0.005789104905033482
2022-05-17,3.155255293552144,0.0030849536227133267
2022-05-18,3.125794577729578,-0.009337030788846068
2022-05-19,3.1348299114810314,0.0028905718295846317
2022-05-20,3.161178472330555,0.008405100625403894
2022-05-23,3.165473327869364,0.0013586248218508956
2022-05-24,3.1838368087308857,0.005801180095199809
2022-05-25,3.1865630201115827,0.0008562660539701006
2022-05-26,3.1925963022122614,0.0018933509435088425
2022-05-27,3.221410856516554,0.009025429956279085
2022-05-31,3.183082447554279,-0.011898019429822326
2022-06-01,3.151252644714521,-0.009999679041997389
2022-06-02,3.166008777033104,0.004682624334590435
2022-06-03,3.1443693137144626,-0.006834934721476005
2022-06-06,3.132807414484477,-0.0036770169393134378
2022-06-07,3.1595051832545473,0.008521994887599416
2022-06-08,3.1411406915807527,-0.005812458156779277
2022-06-09,3.1042463838894143,-0.011745512638203948
2022-06-10,3.064040859243677,-0.01295178271106251
2022-06-13,2.9904253293670036,-0.024025635837912618
2022-06-14,2.9642334363623637,-0.008758584522217172
2022-06-15,2.999922379659422,0.012039855855905501
2022-06-16,2.9876670755348678,-0.00408520707323945
2022-06-17,2.9872428930366373,-0.000141977833375162
2022-06-21,3.019701357326268,0.010865693032626189
2022-06-22,3.0597229387177878,0.013253489883832792
2022-06-23,3.1026999456014157,0.014046045261090767
2022-06-24,3.1229546981750382,0.006528105498031456
2022-06-27,3.11995646411908,-0.0009600632560281541
2022-06-28,3.0947855381004223,-0.008067717068534375
2022-06-29,3.120711433809265,0.008377283462671192
2022-06-30,3.1291799191007588,0.0027136393322842456
2022-07-01,3.163520745815344,0.010974385494731731
2022-07-05,3.160194310518523,-0.0010514978607997771
2022-07-06,3.1574378149926594,-0.0008722550751669167
2022-07-07,3.1544464731742936,-0.0009473953229298671
2022-07-08,3.149588529226244,-0.0015400305534938319
2022-07-11,3.1580279020162845,0.002679515978588509
2022-07-12,3.141632800017037,-0.005191563376871877
2022-07-13,3.1331233716104983,-0.0027086005743551245
2022-07-14,3.1199055451843916,-0.004218737936039996
2022-07-15,3.1629083181260094,0.013783357322465606
2022-07-18,3.1248882423913593,-0.012020606325123084
2022-07-19,3.1443231248475954,0.006219384806339101
2022-07-20,3.1272557016901925,-0.005428011842208591
2022-07-21,3.169791576422712,0.013601661901049611
2022-07-22,3.1813766836583763,0.003654848262528043
2022-07-25,3.1840610804592027,0.0008437846466328169
2022-07-26,3.192847484191551,0.0027594959739530855
2022-07-27,3.2060539625856084,0.004136269727710196
2022-07-28,3.2321154428453145,0.008128833938492952
2022-07-29,3.227377423854651,-0.001465918861639548
2022-08-01,3.224871453329732,-0.0007764727194274901
2022-08-02,3.196811101306434,-0.008701231174447266
2022-08-03,3.2180584369083105,0.006646415733852162
2022-08-04,3.2182993107930074,7.485068696522212e-05
2022-08-05,3.194415506089312,-0.00742125029315871
2022-08-08,3.2075883394724585,0.004123706937321114
2022-08-09,3.1979474557216716,-0.003005648708765518
2022-08-10,3.2162781116807864,0.005732006611402496
2022-08-11,3.195187039899851,-0.006557602001001472
2022-08-12,3.221996522960921,0.008390583313679811
2022-08-15,3.2352033349110445,0.004098952887133245
2022-08-16,3.2290001318507464,-0.001917407475863886
2022-08-17,3.2087158990802735,-0.006281892828182256
2022-08-18,3.2047174919991197,-0.0012461081650449457
2022-08-19,3.195272786790667,-0.0029471256770782772
2022-08-22,3.1673435969697956,-0.008740784178531191
2022-08-23,3.1413705195742967,-0.008200271489442246
2022-08-24,3.138066083628836,-0.0010519090075080118
2022-08-25,3.1654451696238066,0.008724827733171847
2022-08-26,3.119465864638894,-0.014525383483542376
2022-08-29,3.0996887979146646,-0.006339888808662708
2022-08-30,3.088930357287343,-0.0034708131456807068
2022-08-31,3.0726901483942424,-0.0052575510013643245
2022-09-01,3.085721933296882,0.004241164671110742
2022-09-02,3.0722218307835427,-0.00437502237893328
2022-09-06,3.0565810158498308,-0.005091043484227509
2022-09-07,3.091494826055913,0.011422504433887815
2022-09-08,3.1126451170642113,0.006841444737360758
2022-09-09,3.1265166745631916,0.004456517520398662
2022-09-12,3.133174929912904,0.002129608136710981
2022-09-13,3.072599173631124,-0.01933366557463917
2022-09-14,3.0742221243572416,0.0005282012506042655
2022-09-15,3.077526339015812,0.0010748132454030945
2022-09-16,3.074441065046627,-0.0010025174862262065
2022-09-19,3.061796203322803,-0.004112897745084054
2022-09-20,3.034360732659343,-0.00896058027431268
2022-09-21,3.0152424516456073,-0.006300595973300793
2022-09-22,3.000502538935243,-0.004888466830360372
2022-09-23,2.994702375830291,-0.001933063888361175
2022-09-26,2.9555285856444855,-0.01308102952132073
2022-09-27,2.940942216634683,-0.004935282670129271
2022-09-28,3.006219080403557,0.02219590150382833
2022-09-29,2.9865996193145294,-0.006526291186467137
2022-09-30,2.9621700910349085,-0.008179713183392168
2022-10-03,3.0101986246034627,0.01621396884463644
2022-10-04,3.0482520249459824,0.012641491505409386
2022-10-05,3.0388793083673002,-0.0030747840080080358
2022-10-06,3.0111112934613846,-0.009137583986787046
2022-10-07,2.9718670849198077,-0.013033131198702419
2022-10-10,2.95379727088112,-0.006080290107986108
2022-10-11,2.965420189838159,0.003934907473718274
2022-10-12,2.9630016521211178,-0.0008155801074428148
2022-10-13,2.991292862589007,0.009548158856960531
2022-10-14,2.9728603084390812,-0.006162069378245982
2022-10-17,2.998310912711563,0.008560982229886327
2022-10-18,3.0104588427350274,0.004051591171536861
2022-10-19,2.9736637902744865,-0.012222406743522263
2022-10-20,2.949921170160715,-0.007984298760143171
2022-10-21,2.986386151288659,0.012361340871341775
2022-10-24,3.0132550854817755,0.008997139965145673
2022-10-25,3.0434907293841795,0.010034213182973817
2022-10-26,3.0681079194824026,0.008088472181153494
2022-10-27,3.0709099919214173,0.0009132900512466846
2022-10-28,3.088274461933177,0.005654503081314599
2022-10-31,3.0799947856680614,-0.0026810040257666534
2022-11-01,3.0806452884133932,0.00021120254760137458
2022-11-02,3.0518205128746385,-0.009356733034850795
2022-11-03,3.0387403503631085,-0.004286019592682155
2022-11-04,3.044725220560561,0.0019695233904198917
2022-11-07,3.055640995609705,0.0035851429138600843
2022-11-08,3.0734425183091485,0.005825789981552365
2022-11-09,3.06215253618328,-0.0036733994726146912
2022-11-10,3.1354146684402426,0.02392504337758361
2022-11-11,3.1129612726020017,-0.0071612205123128825
2022-11-14,3.110632834559085,-0.0007479816929975569
2022-11-15,3.1201869436693572,0.0030714358197876934
2022-11-16,3.1309714431136837,0.00345636323689108
2022-11-17,3.119627909534616,-0.003623007678341117
2022-11-18,3.1330181700402315,0.0042922620562184655
2022-11-21,3.132738996713294,-8.910683302360001e-05
2022-11-22,3.155318733378389,0.007207666099469212
2022-11-23,3.1700831305191484,0.00467920942013722
2022-11-25,3.179009717451685,0.0028158841787453426
2022-11-28,3.1677278983939035,-0.003548846987112997
2022-11-29,3.1570867131117875,-0.0033592485287361473
2022-11-30,3.208950771146166,0.016427821833014722
2022-12-01,3.231091421725792,0.006899654173166958
2022-12-02,3.238543835672436,0.0023064695404575453
2022-12-05,3.206612332063146,-0.009859833687463349
2022-12-06,3.2042992113759934,-0.0007213596305432612
2022-12-07,3.231497670917374,0.008488114794280022
2022-12-08,3.2369504572411163,0.0016873867410816534
2022-12-09,3.2042381812353624,-0.010105893320849602
2022-12-12,3.2190144445447855,0.004611474701211649
2022-12-13,3.238472374514389,0.006044685510056769
2022-12-14,3.245453762895387,0.0021557659209751057
2022-12-15,3.218844296786567,-0.008198997136560748
2022-12-16,3.191370020480692,-0.00853544743785939
2022-12-19,3.1724656900060966,-0.005923578385858275
2022-12-20,3.160597470050926,-0.003741008135267787
2022-12-21,3.1833565111092317,0.007200866694972996
2022-12-22,3.1806453356225854,-0.0008516719623405389
2022-12-23,3.1743804806586446,-0.001969680458797418
2022-12-27,3.157010643916889,-0.005471882418503271
2022-12-28,3.142994034571998,-0.004439835947939785
2022-12-29,3.1678395537645723,0.007905048154492444
2022-12-30,3.155559646994059,-0.003876429523054614
2023-01-03,3.1633846290366177,0.002479744615194457
2023-01-04,3.179713206658333,0.005161742733348462
2023-01-05,3.1611545897808617,-0.005836569423497029
2023-01-06,3.1960742869675838,0.011046500952407667
2023-01-09,3.1733971617432544,-0.007095306049924643
2023-01-10,3.176745068447453,0.001054991396777949
2023-01-11,3.195928845041003,0.0060388152590806765
2023-01-12,3.2051059945632114,0.002871512467008952
2023-01-13,3.2037016427867258,-0.00043816079058467405
2023-01-17,3.1912349440479346,-0.0038913419939900495
2023-01-18,3.1904147792126905,-0.0002570054695513746
2023-01-19,3.1912251423304325,0.00025399929909492025
2023-01-20,3.1886996361976268,-0.000791390773188072
2023-01-23,3.1890323703280696,0.00010434790617019907
2023-01-24,3.187664955016355,-0.00042878690239628314
2023-01-25,3.189905914673979,0.0007030097859243023
2023-01-26,3.1871235672516955,-0.0008722349488378689
2023-01-27,3.217891685153391,0.009653882961377445
2023-01-30,3.096309665987177,-0.03778312978251112
2023-01-31,3.139740112072659,0.014026518911387818
2023-02-01,3.274562389055971,0.042940584943608855
2023-02-02,3.5851478305807594,0.09484792305769055
2023-02-03,3.513833474693935,-0.019891608172618116
2023-02-06,3.487365541666141,-0.007532494985437398
2023-02-07,3.6259383800171627,0.039735679181143804
2023-02-08,3.5667735001569265,-0.016317122261729208
2023-02-09,3.5278992306969394,-0.010899001424754544
2023-02-10,3.4229838924591185,-0.029738757083799933
2023-02-13,3.5116410744152424,0.0259005548204409
2023-02-14,3.5820521579715794,0.020050763180021847
2023-02-15,3.5704249871923355,-0.0032459523944586297
2023-02-16,3.4811864071462297,-0.024993825767581784
2023-02-17,3.498160789818148,0.004876033824868676
2023-02-21,3.456451943249656,-0.011923078747520965
2023-02-22,3.453695343975344,-0.0007975228122861222
2023-02-23,3.4650390401314075,0.003284509786264711
2023-02-24,3.432203084089248,-0.009476359620154418
2023-02-27,3.432217402687943,4.171839003808131e-06
2023-02-28,3.4221850069322066,-0.0029230070763814897
2023-03-01,3.405679196288672,-0.004823178936877837
2023-03-02,3.4091357733999166,0.0010149450115592984
2023-03-03,3.441939370109466,0.009622261737271431
2023-03-06,3.4380655205814037,-0.0011254845340110675
2023-03-07,3.410552924643356,-0.008002347766017825
2023-03-08,3.4008859407907166,-0.002834433027791461
2023-03-09,3.394222452796522,-0.0019593388635212317
2023-03-10,3.412991658293128,0.00552975114555071
2023-03-13,3.4496258530929644,0.01073374870718491
2023-03-14,3.4487586797862058,-0.0002513818436226112
2023-03-15,3.4721750627728176,0.006789800377700994
2023-03-16,3.472783506558324,0.00017523419024267906
2023-03-17,3.4709812053014444,-0.0005189788691047914
2023-03-20,3.485983407516949,0.004322179040494534
2023-03-21,3.4813921113496695,-0.0013170734425698716
2023-03-22,3.4780033980078837,-0.0009733788189897341
2023-03-23,3.484668834664778,0.0019164549007374965
2023-03-24,3.509337465344998,0.0070791894009617495
2023-03-27,3.4948990187343845,-0.004114294151871811
2023-03-28,3.4833097518385383,-0.0033160520042845865
2023-03-29,3.485104298253503,0.0005151842766833448
2023-03-30,3.497197139655506,0.0034698649931548253
2023-03-31,3.522123195126575,0.007127437909755489
2023-04-03,3.5224212062332096,8.461121037659708e-05
2023-04-04,3.492703427175944,-0.008436747713384629
2023-04-05,3.4306740762024934,-0.017759695968118598
2023-04-06,3.4728305092234035,0.012288090353244593
2023-04-10,3.5268423185966067,0.015552676478093051
2023-04-11,3.493313736517481,-0.009506685882250409
2023-04-12,3.4494473275592377,-0.012557248580247576
2023-04-13,3.5035633576240155,0.0156883190047344
2023-04-14,3.5130329748419777,0.002702853138749542
2023-04-17,3.4904986807730074,-0.006414484074116644
2023-04-18,3.492082756644899,0.0004538250882652247
2023-04-19,3.4641472844099046,-0.007999659281223391
2023-04-20,3.4625314237086813,-0.0004664526558945741
2023-04-21,3.447844197923763,-0.004241759564794547
2023-04-24,3.462419018527907,0.004227227150496172
2023-04-25,3.46108711001227,-0.0003846757161711234
2023-04-26,3.4297312739663326,-0.00905953391211417
2023-04-27,3.427528395287912,-0.0006422890023897176
2023-04-28,3.4549662164258734,0.008005133137826914
2023-05-01,3.443559860102176,-0.0033014378749836593
2023-05-02,3.458535342722253,0.004348837606567013
2023-05-03,3.467491571863864,0.0025896017400710014
2023-05-04,3.453375758862391,-0.004070900450346415
2023-05-05,3.4595921239783043,0.00180008361382622
2023-05-08,3.445252924614332,-0.004144765871267775
2023-05-09,3.431665442319631,-0.003943827228946484
2023-05-10,3.4492901339219024,0.005135900308031904
2023-05-11,3.4503646530280494,0.00031151891097236373
2023-05-12,3.437675264677109,-0.0036776948603980397
2023-05-15,3.4308831474454187,-0.0019757879115230303
2023-05-16,3.4110526246264175,-0.0057800053125582895
2023-05-17,3.407621116186691,-0.0010059969215814313
2023-05-18,3.39291999638238,-0.00431418849193016
2023-05-19,3.3563821974485477,-0.010768835979860948
2023-05-22,3.396390796974328,0.011920156040689878
2023-05-23,3.358007055083501,-0.011301332557201981
2023-05-24,3.344171027276819,-0.004120309332208405
2023-05-25,3.6261278766270926,0.08431292749398445
2023-05-26,3.758483760184042,0.03650061113676509
2023-05-30,3.772024788111548,0.0036027900588409675
2023-05-31,3.675705995704589,-0.02553503696755424
2023-06-01,3.7499566257911603,0.02020037243820382
2023-06-02,3.7601804319330103,0.0027263798390448194
2023-06-05,3.7667239972254505,0.0017402264095812332
2023-06-06,3.7852700200453993,0.004923647932157898
2023-06-07,3.7170040801047444,-0.018034628858481314
2023-06-08,3.7646552598353056,0.012819781389429767
2023-06-09,3.786981725783446,0.005930547263208758
2023-06-12,3.85734049575123,0.01857911525919194
2023-06-13,3.9030319623373027,0.011845328831198862
2023-06-14,3.9571570719533886,0.013867452313578566
2023-06-15,3.9649779652289,0.0019763919231163543
2023-06-16,3.91757735253203,-0.011954823737370647
2023-06-20,3.9361363062471337,0.004737354759085699
2023-06-21,3.8537441660604075,-0.020932237548775975
2023-06-22,3.891941353769547,0.009911708214971565
2023-06-23,3.86328055098522,-0.007364140458223359
2023-06-26,3.7894378372858526,-0.019113992039883232
2023-06-27,3.882332275172688,0.024514041891071273
2023-06-28,3.862799971436744,-0.005031074712706124
2023-06-29,3.8573920466066545,-0.0014000012607637102
2023-06-30,3.926621568444105,0.017947235075146544
2023-07-03,3.9399160991312328,0.003385742795783583
2023-07-05,3.9198581036843345,-0.005090970198913956
2023-07-06,3.8987575458889743,-0.005382990209652562
2023-07-07,3.8978234836259915,-0.00023957946909730068
2023-07-10,3.9233748312690113,0.006555285982127247
2023-07-11,3.9343590837014837,0.002799694881286615
2023-07-12,4.032334708147681,0.024902562872837968
2023-07-13,4.134386696629726,0.025308412090851554
2023-07-14,4.104654704225863,-0.007191391271672566
2023-07-17,4.1531381030199865,0.011811809345182604
2023-07-18,4.203117678111324,0.012034171234275744
2023-07-19,4.1666930814011875,-0.00866609015013443
2023-07-20,4.0349562747780885,-0.03161663315475073
2023-07-21,3.983568010143636,-0.012735767412319375
2023-07-24,3.9878935059441334,0.0010858345557255675
2023-07-25,4.033976375684482,0.011555692164713187
2023-07-26,4.028202969208324,-0.0014311949150119557
2023-07-27,4.125429135441159,0.02413636228760915
2023-07-28,4.247708771515609,0.029640464557725146
2023-07-31,4.239707600833189,-0.0018836438919906735
2023-08-01,4.2499992971543685,0.0024274542704682926
2023-08-02,4.264536635986923,0.003420550879217335
2023-08-03,4.283167018948839,0.0043686769635650985
2023-08-04,4.294123366173128,0.0025580013984553974
2023-08-07,4.35276724079167,0.013656774530631334
2023-08-08,4.3074571178613486,-0.010409498239579857
2023-08-09,4.194131808393317,-0.026309097541125936
2023-08-10,4.174999073746133,-0.004561786687031413
2023-08-11,4.0874686482110665,-0.020965376036964547
2023-08-14,4.235807454688218,0.03629111786388235
2023-08-15,4.197528184352099,-0.00903706571783651
2023-08-16,4.124487981464085,-0.01740076532667469
2023-08-17,4.079309158448122,-0.010953801591616252
2023-08-18,4.083838288728693,0.0011102689461991448
2023-08-21,4.147685849762265,0.01563420403050479
2023-08-22,4.13357702125336,-0.003401614543617034
2023-08-23,4.199747012089312,0.016007924975325275
2023-08-24,4.11320297123922,-0.02060696527694843
2023-08-25,4.149400630752839,0.008800358204232571
2023-08-28,4.205617462893154,0.013548181326158211
2023-08-29,4.277987389188662,0.017207919392108095
2023-08-30,4.284862664067294,0.0016071283650829563
2023-08-31,4.317277728086461,0.007565018195565327
2023-09-01,4.342297295715536,0.005795218469802695
2023-09-05,4.337562433181552,-0.0010904049657436416
2023-09-06,4.317302060858535,-0.004670911977665027
2023-09-07,4.331285552976255,0.003238942265471125
2023-09-08,4.331748514917502,0.00010688788249679781
2023-09-11,4.342967078914136,0.0025898465614984656
2023-09-12,4.343215615097238,5.7227277707960766e-05
2023-09-13,4.346097536995373,0.0006635456660537553
2023-09-14,4.348092402026655,0.0004590014407870324
2023-09-15,4.324208935127757,-0.005492860935468191
2023-09-18,4.3230146397339055,-0.000276188179564929
2023-09-19,4.316936240754117,-0.001406055608491441
2023-09-20,4.315473397458218,-0.00033886145504979925
2023-09-21,4.280564328807995,-0.008089279074408096
2023-09-22,4.284501765602414,0.0009198405845508573
2023-09-25,4.280429649677502,-0.0009504292792232305
2023-09-26,4.261575396201943,-0.004404757236689871
2023-09-27,4.241377118229503,-0.0047396270380294925
2023-09-28,4.257367594845156,0.003770114321342888
2023-09-29,4.24175091775918,-0.0036681533219927176
2023-10-02,4.221581590497584,-0.00475495323809616
2023-10-03,4.185392800907887,-0.008572329780657306
2023-10-04,4.20753553007243,0.005290478150519307
2023-10-05,4.22299920625567,0.0036752336546457265
2023-10-06,4.23280253028223,0.002321412708777504
2023-10-09,4.267150086574954,0.008114613438022666
2023-10-10,4.273079376648746,0.001389519926296101
2023-10-11,4.2753603440146835,0.0005337994370997468
2023-10-12,4.236463722016248,-0.00909785816133335
2023-10-13,4.263277119378666,0.006329193195511729
2023-10-16,4.266706004621439,0.0008042839221471532
2023-10-17,4.242844763782102,-0.005592426760477998
2023-10-18,4.214461246618016,-0.006689737368280602
2023-10-19,4.183317102355244,-0.00738982812756056
2023-10-20,4.187247799619278,0.0009396125533540634
2023-10-23,4.183997356544554,-0.0007762719643722438
2023-10-24,4.1941319489136495,0.0024222272399965217
2023-10-25,4.157006628003024,-0.008851729359693028
2023-10-26,4.071216637039116,-0.020637443872712755
2023-10-27,4.036967974116489,-0.008412390195854364
2023-10-30,4.04155612583342,0.0011365340885408637
2023-10-31,4.048865942105802,0.0018086638029490842
2023-11-01,4.076410195912995,0.0068029552474803134
2023-11-02,4.121375884494496,0.011030707514808835
2023-11-03,4.147480169233636,0.006333876227438973
2023-11-06,4.149319972805021,0.0004435955077090603
2023-11-07,4.162618134037038,0.0032049013619520617
2023-11-08,4.168104179159963,0.001317931394683225
2023-11-09,4.104398339509729,-0.015284128445914424
2023-11-10,4.11891402813863,0.0035366178982115803
2023-11-13,4.129690869502023,0.0026164278471874636
2023-11-14,4.1747154995167035,0.010902663525541145
2023-11-15,4.160100402336955,-0.0035008606410282805
2023-11-16,4.1846781096003784,0.005907960117889743
2023-11-17,4.18180379094994,-0.0006868673229237787
2023-11-20,4.197457296620823,0.003743242498550403
2023-11-21,4.212862048182133,0.0036700198412291662
2023-11-22,4.222241551682314,0.0022263970177301973
2023-11-24,4.22264647898033,9.590339469189857e-05
2023-11-27,4.225461287394698,0.000666598169744903
2023-11-28,4.223915666815987,-0.0003657874190734489
2023-11-29,4.235649032047614,0.002777840789721875
2023-11-30,4.251891318043398,0.0038346628516415238
2023-12-01,4.280368894868832,0.006697625761172499
2023-12-04,4.275552113001412,-0.0011253193324515243
2023-12-05,4.287865417459792,0.002879933195279627
2023-12-06,4.2983570808936875,0.0024468266637228675
2023-12-07,4.292575165877726,-0.0013451453444066064
2023-12-08,4.282311055490829,-0.0023911311952061753
2023-12-11,4.2966435873512605,0.003346915176106746
2023-12-12,4.310426903133901,0.0032079262574202794
2023-12-13,4.382182131026662,0.01664689588880197
2023-12-14,4.389761265841004,0.001729534416354206
2023-12-15,4.369279501959028,-0.0046658035919528995
2023-12-18,4.368065433577555,-0.00027786466416923616
2023-12-19,4.416737875332531,0.011142791355831887
2023-12-20,4.31960874161577,-0.021991147416564414
2023-12-21,4.442409442142649,0.028428662842492704
2023-12-22,4.443433124795924,0.00023043410712279713
2023-12-26,4.499577053485047,0.012635259069349087
2023-12-27,4.5330673368042165,0.007442984734138655
2023-12-28,4.555140257027003,0.004869312230059992
2023-12-29,4.502938755146636,-0.011459910987337472
2024-01-02,4.327598454174582,-0.03893908189882632
2024-01-03,4.273225179393079,-0.012564306822194182
2024-01-04,4.28585914121474,0.002956540152057996
2024-01-05,4.330612701844271,0.01044214453974032
2024-01-08,4.476133297293205,0.03360277297181555
2024-01-09,4.4887782785863,0.002824978715611786
2024-01-10,4.541582088002963,0.011763514733744616
2024-01-11,4.547561787193211,0.0013166555342120643
2024-01-12,4.548072984888062,0.00011241137971795823
2024-01-16,4.516046969849677,-0.007041666909215927
2024-01-17,4.504186255242744,-0.002626348814819268
2024-01-18,4.49889256122245,-0.001175283107827163
2024-01-19,4.500420355949383,0.0003395935124348437
2024-01-22,4.517135984999474,0.003714237277411825
2024-01-23,4.50983163548317,-0.0016170311322394326
2024-01-24,4.4828020036984695,-0.005993490216360364
2024-01-25,4.489109248200192,0.0014069870800714757
2024-01-26,4.4979030556146995,0.0019589203399391075
2024-01-29,4.527228307245304,0.00651976071249416
2024-01-30,4.535473462967114,0.0018212370046845061
2024-01-31,4.551373092578586,0.0035056162804820157
2024-02-01,4.5949724753703425,0.009579391077134458
2024-02-02,4.880468691843296,0.06213230177182803
2024-02-05,4.87801192207756,-0.0005033880802967635
2024-02-06,4.791525316423768,-0.01772988812560286
2024-02-07,4.888668074601987,0.020273869334519645
2024-02-08,4.898800428503322,0.0020726205475016055
2024-02-09,5.004497170032405,0.02157604562008549
2024-02-12,4.97796397601046,-0.005301870122103217
2024-02-13,4.927560173714658,-0.010125385104975597
2024-02-14,5.047037783174563,0.02424680881569741
2024-02-15,5.026239323294842,-0.0041209241486279006
2024-02-16,4.9844332011072865,-0.008317574929987779
2024-02-20,4.899050566192507,-0.017129858395095333
2024-02-21,4.832888993992744,-0.013504978425071213
2024-02-22,5.167630816439011,0.0692632963145541
2024-02-23,5.124596333787942,-0.00832770067748845
2024-02-26,5.172643580119008,0.009375810932517088
2024-02-27,5.196177075810517,0.004549607048504126
2024-02-28,5.169584045957887,-0.005117806699934705
2024-02-29,5.301131801193753,0.025446487389778148
2024-03-01,5.50434451905419,0.03833383614696695
2024-03-04,5.547784704529511,0.007891981565642385
2024-03-05,5.492314585863971,-0.00999860694310126
2024-03-06,5.557207147115129,0.011815157387047283
2024-03-07,5.661054974255426,0.018687053476890255
2024-03-08,5.5166903293362575,-0.02550136777962592
2024-03-11,5.35401285471646,-0.029488237495355205
2024-03-12,5.543740247059845,0.03543648427669536
2024-03-13,5.472695157432928,-0.01281537129460501
2024-03-14,5.4029840183763795,-0.01273799052407812
2024-03-15,5.380092487083693,-0.004236831205650287
2024-03-18,5.455354451010338,0.01398897214264104
2024-03-19,5.439813843661767,-0.0028486888410509687
2024-03-20,5.515410850015629,0.013896984074545782
2024-03-21,5.643426916709357,0.023210612985135208
2024-03-22,5.687917775022313,0.00788365987007374
2024-03-25,5.67108320450874,-0.0029597070807701634
2024-03-26,5.631993890923387,-0.006892742034586146
2024-03-27,5.5989856219066105,-0.005860849577619902
2024-03-28,5.583571746159438,-0.0027529764832515727
2024-04-01,5.641475867430883,0.010370444565572763
2024-04-02,5.601382762675095,-0.007106846807101057
2024-04-03,5.6897976774556716,0.015784480105471538
2024-04-04,5.543000365729394,-0.025800093438809613
2024-04-05,5.693264543460192,0.027108816131392238
2024-04-08,5.656718790976546,-0.006419120735505829
2024-04-09,5.672427112328892,0.00277693163347681
2024-04-10,5.601475320573604,-0.012508189237209533
2024-04-11,5.586047352190819,-0.002754268741686605
2024-04-12,5.555997210574263,-0.0053794999794927745
2024-04-15,5.532641612478582,-0.004203673473994918
2024-04-16,5.522781867814782,-0.0017821043462425412
2024-04-17,5.535534154145832,0.0023090331351608984
2024-04-18,5.525701279297282,-0.0017763190642019477
2024-04-19,5.539697270977071,0.0025328896681815483
2024-04-22,5.55056435986082,0.0019616755848163026
2024-04-23,5.59040713730906,0.007178148898941639
2024-04-24,5.573184153493951,-0.0030808102866365927
2024-04-25,5.54393951557882,-0.005247384100307784
2024-04-26,5.552328375339618,0.0015131586008875209
2024-04-29,5.572877552219147,0.003701001722231867
2024-04-30,5.557850667291812,-0.0026964319216651877
2024-05-01,5.573805101672209,0.0028706122808029866
2024-05-02,5.5849168344838045,0.001993563213802063
2024-05-03,5.607363939580841,0.0040192371278363614
2024-05-06,5.621137106713823,0.0024562641700069943
2024-05-07,5.651681022577277,0.005433761049338681
2024-05-08,5.634050442987891,-0.003119528423305429
2024-05-09,5.666765241551816,0.005806621523000599
2024-05-10,5.663338324503094,-0.0006047395476336259
2024-05-13,5.663945931995039,0.00010728786753139152
2024-05-14,5.684244485648662,0.0035838184010476004
2024-05-15,5.747884208171864,0.011195810223131208
2024-05-16,5.739014773235208,-0.001543078220685945
2024-05-17,5.735607109885986,-0.0005937714893353707
2024-05-20,5.725219182602423,-0.0018111295080966427
2024-05-21,5.73750989533071,0.002146767195504995
2024-05-22,5.7389166733714365,0.0002451896495849759
2024-05-23,5.697408499582518,-0.007232754220237503
2024-05-24,5.6914601854391975,-0.0010440385560832044
2024-05-28,5.641045683894413,-0.008857920446103285
2024-05-29,5.605359656498071,-0.006326136924972747
2024-05-30,5.620772374709548,0.002749639480066124
2024-05-31,5.67493052458734,0.009635357254720867
2024-06-03,5.7134581615607125,0.006789094034974741
2024-06-04,5.7373932774191685,0.004189251969934582
2024-06-05,5.7608545164726115,0.004089180908302237
2024-06-06,5.7691126134661035,0.0014334847321484934
2024-06-07,5.741868063898503,-0.004722485309787028
2024-06-10,5.746277740818029,0.0007679864584928531
2024-06-11,5.749531833121761,0.0005662956874877279
2024-06-12,5.759475638607944,0.0017294982921737256
2024-06-13,5.776152182424602,0.0028954968929582048
2024-06-14,5.781895616415896,0.0009943356424662597
2024-06-17,5.765476274654415,-0.0028397852280250824
2024-06-18,5.7817875480564505,0.0028291285272895594
2024-06-20,5.783959933048788,0.00037572895480514346
2024-06-21,5.792671789931406,0.0015062097565441412
2024-06-24,5.812022538035086,0.0033405566214392834
2024-06-25,5.805396167891456,-0.001140114323415764
2024-06-26,5.797739321574895,-0.0013189188291594031
2024-06-27,5.7692660397895965,-0.004911100724956968
2024-06-28,5.724263219887946,-0.007800441094460674
2024-07-01,5.758569535768081,0.005993140874609626
2024-07-02,5.784948842237894,0.004580878342436192
2024-07-03,5.889423412567194,0.018059722424249542
2024-07-05,5.917655948967965,0.004793769172806862
2024-07-08,5.943120966864124,0.004303227175719778
2024-07-09,5.98735028566959,0.007442103072117697
2024-07-10,6.104833990100156,0.019621986158343988
2024-07-11,5.863529852229017,-0.039526732137589164
2024-07-12,5.890576962404893,0.004612769246087113
2024-07-15,5.889843873275841,-0.00012445115881358607
2024-07-16,5.827172439894903,-0.010640593321208258
2024-07-17,5.535964559893856,-0.04997413119394479
2024-07-18,5.535417384778494,-9.88400683280204e-05
2024-07-19,5.455245349087541,-0.014483467120548665
2024-07-22,5.650912010095396,0.03586761886714829
2024-07-23,5.6360235509239995,-0.002634700229767915
2024-07-24,5.380280665467518,-0.04537647565623705
2024-07-25,5.262445352733123,-0.021901331930637487
2024-07-26,5.309619118229227,0.008964229048308106
2024-07-29,5.305760069774417,-0.000726803254410821
2024-07-30,5.157584156310791,-0.027927367901113123
2024-07-31,5.43169907465938,0.05314792934850776
2024-08-01,5.228234925238341,-0.03745865642120443
2024-08-02,5.25831137154276,0.005752696031165517
2024-08-05,5.190769543859462,-0.012844775235035633
2024-08-06,5.179696819169568,-0.002133156672885439
2024-08-07,5.144006968512129,-0.006890335844629614
2024-08-08,5.193180167576982,0.009559318128038286
2024-08-09,5.216574789360544,0.004504873897813733
2024-08-12,5.213947492811814,-0.0005036439914728463
2024-08-13,5.25709434790376,0.00827527610345724
2024-08-14,5.269990027878528,0.0024530052385134393
2024-08-15,5.269997989741026,1.5107927067159466e-06
2024-08-16,5.277925811498256,0.0015043310780502583
2024-08-19,5.297514609403463,0.0037114576075570893
2024-08-20,5.318820268873705,0.004021821748716459
2024-08-21,5.328747529239372,0.0018664402750666609
2024-08-22,5.3182097257492496,-0.001977538517691224
2024-08-23,5.408830746390046,0.017039760617569438
2024-08-26,5.3290077992882425,-0.014757893312723586
2024-08-27,5.35244055245302,0.004397207519175742
2024-08-28,5.29762035400472,-0.010242093846922972
2024-08-29,5.18470317631443,-0.02131469794828381
2024-08-30,5.277067631136947,0.017814800902098124
2024-09-03,4.949799271479641,-0.062017086483084544
2024-09-04,4.955687939782847,0.0011896782031416853
2024-09-05,4.964119999601549,0.001701491280557083
2024-09-06,4.954178127925815,-0.0020027460408960076
2024-09-09,4.975081118179623,0.004219264974745673
2024-09-10,4.997080148988785,0.004421843641659429
2024-09-11,4.987932351110156,-0.0018306286082845902
2024-09-12,4.992889768850454,0.0009938823126169893
2024-09-13,5.002822089706036,0.001989293037780615
2024-09-16,5.026700109294385,0.004772910001633268
2024-09-17,4.996241626834624,-0.006059339486643223
2024-09-18,4.981213076199567,-0.003007971142616195
2024-09-19,4.9881683203307965,0.0013962952447190702
2024-09-20,4.977171330811497,-0.002204614762993995
2024-09-23,4.970780022894437,-0.0012841245543415147
2024-09-24,4.968569299185497,-0.0004447438226511946
2024-09-25,4.934293585411045,-0.006898507741468163
2024-09-26,4.940779089599814,0.0013143733903358545
2024-09-27,4.863975770057442,-0.015544779102559123
2024-09-30,4.877851646455012,0.002852784852052506
2024-10-01,4.813141195915231,-0.013266178479784126
2024-10-02,4.8575984855356165,0.009236647713164077
2024-10-03,4.912120035432238,0.01122397210452251
2024-10-04,5.035647433998551,0.02514747149403536
2024-10-07,5.001036062719683,-0.006873271358353471
2024-10-08,5.055065085627047,0.01080356594708926
2024-10-09,5.066259956403976,0.0022145848940222767
2024-10-10,4.974482169082759,-0.018115491133692256
2024-10-11,5.06017733399641,0.0172269518717466
2024-10-14,5.0760498584185365,0.0031367526026189253
2024-10-15,4.845116857800757,-0.045494628118118684
2024-10-16,4.806795492275205,-0.007909275802884697
2024-10-17,4.809554691512016,0.0005740205176703412
2024-10-18,4.807498561337235,-0.0004275094695170191
2024-10-21,4.851124233918072,0.009074505592509685
2024-10-22,4.870735408286507,0.004042604028014169
2024-10-23,4.710170988621818,-0.032965128713730335
2024-10-24,4.7381101146588085,0.005931658554324845
2024-10-25,4.7662067391287,0.005929922224256731
2024-10-28,4.768051063168999,0.00038695846429762744
2024-10-29,4.816648048558904,0.010192211607231876
2024-10-30,4.7785774868618605,-0.007903953395231766
2024-10-31,4.63530008255582,-0.029983275294784967
2024-11-01,4.642033228566278,0.0014525803918925238
2024-11-04,4.630799845995994,-0.002419927220933442
2024-11-05,4.741935694615534,0.023999277082906795
2024-11-06,4.835323350565022,0.019693994597086158
2024-11-07,4.945879986744669,0.022864372900051784
2024-11-08,4.964764665384751,0.003818264634543064
2024-11-11,4.943368276401008,-0.004309648175858549
2024-11-12,4.893409919711685,-0.010106136928502485
2024-11-13,4.8853560767606155,-0.001645854952520287
2024-11-14,4.846664659453695,-0.007919876606533038
2024-11-15,4.802765274440592,-0.009057648526904882
2024-11-18,4.80986193511769,0.001477619719386536
2024-11-19,4.802635363444108,-0.0015024488792119706
2024-11-20,4.827447758141277,0.0051664123589375555
2024-11-21,4.8455863210941414,0.003757381511229063
2024-11-22,4.849326279469094,0.0007718278299305714
2024-11-25,4.896177893828023,0.009661468760575498
2024-11-26,4.9041363586683655,0.0016254443798652263
2024-11-27,4.927091229110038,0.004680716187897005
2024-11-29,4.945198907956559,0.0036751255465977684
2024-12-02,4.940628637843318,-0.0009241832731718413
2024-12-03,4.9217084725890405,-0.0038295056441515016
2024-12-04,4.944512076542189,0.004633269946838825
2024-12-05,4.936604027741591,-0.0015993587796286593
2024-12-06,4.920933065231238,-0.00317444186778787
2024-12-09,4.885963932990004,-0.007106199531204362
2024-12-10,4.840714375258886,-0.009261132163827974
2024-12-11,4.8362849139912685,-0.0009150428891769385
2024-12-12,4.780692536015804,-0.011494851722783552
2024-12-13,4.767879267557974,-0.0026802117813059644
2024-12-16,4.748643155721207,-0.0040345215885927
2024-12-17,4.719869750317345,-0.006059289877192712
2024-12-18,4.643290134247176,-0.016224942661822353
2024-12-19,4.595570400917471,-0.010277137966835707
2024-12-20,4.65036860094524,0.011924134600751257
2024-12-23,4.661845442323116,0.00246794229935749
2024-12-24,4.671649257579348,0.0021029901950900946
2024-12-26,4.678116809159899,0.0013844257614284983
2024-12-27,4.66114441644649,-0.0036280395308165847
2024-12-30,4.646131003967263,-0.0032209713190289313
2024-12-31,4.647453437807121,0.0002846311993200401
2025-01-02,4.64938516694209,0.00041565325200554337
2025-01-03,4.668421730543801,0.004094426019393749
2025-01-06,4.667154573153878,-0.00027143164501014505
2025-01-07,4.668113558134777,0.00020547529889286542
2025-01-08,4.684208661366427,0.0034478816830841863
2025-01-10,4.653975807777138,-0.006454207268484613
2025-01-13,4.6802283444568,0.005640883787103701
2025-01-14,4.656845934884937,-0.0049959975990394034
2025-01-15,4.690836659112782,0.007299087129599369
2025-01-16,4.70577831859145,0.003185286669413423
2025-01-17,4.69172301731449,-0.002986817551823562
2025-01-21,4.7384141717866175,0.00995181392844724
2025-01-22,4.823006220986983,0.017852396631776412
2025-01-23,4.816056546214113,-0.0014409425272207173
2025-01-24,4.749883709834563,-0.01374004556312119
2025-01-27,4.217148651737091,-0.11215749492865533
2025-01-28,4.352268519492718,0.032040575022170434
2025-01-29,4.336847058288289,-0.0035433156606397833
2025-01-30,4.4483446729722695,0.02570937208193523
2025-01-31,4.420579675054468,-0.006241647165180015
2025-02-03,4.35234742858121,-0.015435135545298894
2025-02-04,4.410802929967828,0.013430798516393824
2025-02-05,4.457345037545501,0.010551844713228214
2025-02-06,4.510954564230705,0.01202723285579975
2025-02-07,4.470028302783126,-0.009072638809554959
2025-02-10,4.5551326329647654,0.019038879491803787
2025-02-11,4.529846030017114,-0.005551233078188787
2025-02-12,4.506452808019862,-0.00516424219327477
2025-02-13,4.532115493036797,0.005694653003192607
2025-02-14,4.517012571643662,-0.0033324220038830066
2025-02-18,4.500544354577452,-0.0036458205074726413
2025-02-19,4.533454210428713,0.007312416734164162
2025-02-20,4.550782764873684,0.0038223733252027436
2025-02-21,4.55200602920878,0.00026880306054982706
2025-02-24,4.575360214464917,0.005130525993656598
2025-02-25,4.613067538610444,0.00824138917550521
2025-02-26,4.602828240901921,-0.0022196288311026047
2025-02-27,4.590819836390519,-0.0026089186654178476
2025-02-28,4.630071777149371,0.008550093917367163
2025-03-03,4.648579041715934,0.003997187399534807
2025-03-04,4.619670517440154,-0.006218787293139849
2025-03-05,4.630021049543368,0.002240534701368424
2025-03-06,4.622455601588893,-0.0016339986089742298
2025-03-07,4.619676296934924,-0.0006012615141210431
2025-03-10,4.61091462888255,-0.001896597832663549
2025-03-11,4.57753295536008,-0.007239707565472875
2025-03-12,4.547887774788675,-0.006476235312886436
2025-03-13,4.544929154515816,-0.0006505482147691755
2025-03-14,4.554399089059669,0.0020836264377067093
2025-03-17,4.5852385613902324,0.006771359234776897
2025-03-18,4.588999864380241,0.0008203069348846626
2025-03-19,4.597277787022834,0.001803862036877657
2025-03-20,4.602074414411804,0.0010433625313028827
2025-03-21,4.593722035911959,-0.0018149160025941469
2025-03-24,4.597963611213805,0.0009233417408991973
2025-03-25,4.572485629968682,-0.005541144602142112
2025-03-26,4.5588291225116695,-0.0029866703937800887
2025-03-27,4.560520003915757,0.00037090256262023447
2025-03-28,4.5718132659177915,0.00247631015593347
2025-03-31,4.602111924378976,0.006627273840569381
2025-04-01,4.5681179348542695,-0.007386606428372244
2025-04-02,4.581260761296037,0.0028770768682414016
2025-04-03,4.586241372718485,0.0010871704716146624
2025-04-04,4.466904172820458,-0.026020697603905185
2025-04-07,4.426931328426795,-0.008948668439516472
2025-04-08,4.391269572876077,-0.00805563784595481
2025-04-09,4.479764191789018,0.02015239953829151
2025-04-10,4.403329542522066,-0.01706220372202849
2025-04-11,4.423238597844971,0.004521363920335197
2025-04-14,4.467961117268146,0.010110808728465037
2025-04-15,4.4608910238864405,-0.0015823981445094448
2025-04-16,4.447885032007521,-0.002915559203145013
2025-04-17,4.42850706338083,-0.004356670302232357
2025-04-21,4.368859447855066,-0.013469012168680405
2025-04-22,4.411512489941761,0.00976296962531853
2025-04-23,4.424795160094909,0.0030109106986396794
2025-04-24,4.463813895818809,0.008818201591746178
2025-04-25,4.483006393688738,0.00429957393338154
2025-04-28,4.50088286453172,0.003987607706325891
2025-04-29,4.519692993383575,0.004179208705937354
2025-04-30,4.542534350476396,0.005053740846172161
2025-05-01,4.470716278778116,-0.01581013288116334
2025-05-02,4.486630411217467,0.0035596381982219705
2025-05-05,4.476287550412833,-0.0023052624924877474
2025-05-06,4.420240495822931,-0.012520878955761594
2025-05-07,4.4430178328692955,0.005152963298691193
2025-05-08,4.405693887683768,-0.008400584150125678
2025-05-09,4.38335327633542,-0.005070849659074506
2025-05-12,4.423596594724159,0.009180943412889386
2025-05-13,4.355408796158983,-0.01541456077764869
2025-05-14,4.296079284084844,-0.013622030640719984
2025-05-15,4.3383100729903665,0.009830076707841418
2025-05-16,4.3827318639137065,0.010239422765076833
2025-05-19,4.374321866929653,-0.0019188937961959703
2025-05-20,4.351499895870983,-0.005217259212497852
2025-05-21,4.28302513769967,-0.01573589792252733
2025-05-22,4.292173406462455,0.0021359362760355466
2025-05-23,4.283816436716986,-0.0019470251907543982
2025-05-27,4.437318460754361,0.03583300692384839
2025-05-28,4.397297071526929,-0.009019273595393087
2025-05-29,4.400608477551897,0.0007530548814655122
2025-05-30,4.362335314643457,-0.0086972433707012
2025-06-02,4.425835257435782,0.014556410319759013
2025-06-03,4.503176818605142,0.017475020345463374
2025-06-04,4.548483687025036,0.0100610902580388
2025-06-05,4.537353923239317,-0.002446917379844067
2025-06-06,4.576691239632476,0.008669660127609061
2025-06-09,4.663726492787598,0.019017069012964686
2025-06-10,4.689640346913703,0.005556469524141351
2025-06-11,4.700595696948268,0.0023360746718614767
2025-06-12,4.7291743341729715,0.006079790534475937
2025-06-13,4.708676527825942,-0.004334330878629888
2025-06-16,4.6946707427670145,-0.002974463201317834
2025-06-17,4.667410308270801,-0.005806676546638023
2025-06-18,4.664871506984475,-0.0005439421689213964
2025-06-20,4.655148032780707,-0.0020844034373099785
2025-06-23,4.666618811293758,0.00246410606757852
2025-06-24,4.703331174447351,0.007867015635548591
2025-06-25,4.706428209967163,0.0006584770251003569
2025-06-26,4.720446959914891,0.0029786388578156853
2025-06-27,4.709178005895695,-0.0023872641965662633
2025-06-30,4.733677187700949,0.005202432733394713
2025-07-01,4.763003892254489,0.006195332590430203
2025-07-02,4.734487544154566,-0.005987051185554482
2025-07-03,4.72872116735833,-0.001217951624639002
2025-07-07,4.701343501953056,-0.00578965526541475
2025-07-08,4.7085314038712385,0.0015289037942445294
2025-07-09,4.7298331679444106,0.004524078156441291
2025-07-10,4.743073096160376,0.0027992378897626624
2025-07-11,4.712402080511348,-0.006466485973799896
2025-07-14,4.7086148383785345,-0.0008036755073333457
2025-07-15,4.657007188958066,-0.01096026139148809
2025-07-16,4.692428240532246,0.00760596884156961
2025-07-17,4.664941880517058,-0.005857598370448525
2025-07-18,4.655919063957199,-0.0019341755569438623
2025-07-21,4.65081375243066,-0.0010965206775306324
2025-07-22,4.7007240239092765,0.010731513695325212
2025-07-23,4.740541400077521,0.008470477306415203
2025-07-24,4.728164896579139,-0.0026107784858032113
2025-07-25,4.74620493566613,0.003815442033344274
2025-07-28,4.720253462268194,-0.005467836671551984
2025-07-29,4.720730219506989,0.00010100246577993133
2025-07-30,4.708330010653343,-0.002626756513728734
2025-07-31,4.644352355942849,-0.013588184040994267
2025-08-01,4.6835502135697356,0.008439897454535217
2025-08-04,4.720305726504469,0.007847788805218747
2025-08-05,4.709531712583327,-0.002282482225811455
2025-08-06,4.672444668605065,-0.007874889955442721
2025-08-07,4.643883955316378,-0.006112584592085579
2025-08-08,4.659238038843286,0.0033063021545424176
2025-08-11,4.6622981547259785,0.0006567846195408844
2025-08-12,4.677911684101326,0.003348891224281947
2025-08-13,4.723688944639746,0.009785832574394693
2025-08-14,4.72791345322855,0.0008943240417210729
2025-08-15,4.762910995086659,0.007402322864901667
2025-08-18,4.755065768186279,-0.001647149591599173
2025-08-19,4.77628429040455,0.0044622983682440776
2025-08-20,4.792711952547524,0.0034394230209408017
2025-08-21,4.777670582306185,-0.0031383839442603034
2025-08-22,4.8106619320563615,0.006905321156372324
2025-08-25,4.771595620295699,-0.008120776789642903
2025-08-26,4.792725054090799,0.0044281694167939145
2025-08-27,4.795827952040865,0.0006474183090093288
2025-08-28,4.791868348430046,-0.0008256350416268599
2025-08-29,4.807438058848074,0.003249194110921172
2025-09-02,4.80253852542728,-0.0010191568483711166
2025-09-03,4.799485194012671,-0.0006357744760282502
2025-09-04,4.819361760627019,0.004141395547827664
2025-09-05,4.839362447936677,0.004150069719409566
2025-09-08,4.845985898930991,0.0013686618982503007
2025-09-09,4.853251924324322,0.0014993905357698623
2025-09-10,4.837705185080757,-0.0032033653900482295
2025-09-11,4.883536940038798,0.009473862751989137
2025-09-12,4.848371257878661,-0.007200863348001685
2025-09-15,4.831658699861193,-0.0034470458487083078
2025-09-16,4.83315070550895,0.00030879781467163525
2025-09-17,4.832694551144514,-9.438033122277645e-05
2025-09-18,4.829477346875302,-0.0006657164517983039
2025-09-19,4.825317032025973,-0.0008614420465228867
2025-09-22,4.820703800228435,-0.0009560473989418394
2025-09-23,4.832918306645329,0.002533759990878348
2025-09-24,4.816718732688781,-0.0033519238126317186
2025-09-25,4.771570035081452,-0.009373330707671546
2025-09-26,4.794699093223683,0.004847263683060543
2025-09-29,4.808752419829973,0.0029310132571513936
2025-09-30,4.865609341707594,0.011823632600247713
2025-10-01,4.948973872441063,0.01713342047806321
2025-10-02,4.946709301110104,-0.000457584014247725
2025-10-03,4.969998988476909,0.004708117245049881
2025-10-06,4.95076938899757,-0.0038691354915609266
2025-10-07,4.9588398924451536,0.001630151359002796
2025-10-08,4.9641673123059995,0.0010743278622408203
2025-10-09,4.956868877302533,-0.001470223411965732
2025-10-10,4.936556429159914,-0.004097838503582141
2025-10-13,4.935050962319729,-0.0003049629558152245
2025-10-14,4.948192677522614,0.0026629340412540614
2025-10-15,4.949217086101991,0.0002070268168882783
2025-10-16,4.956519463754698,0.0014754611740941947
2025-10-17,4.968997500740184,0.002517499845755611
2025-10-20,4.998672270631761,0.005971983259632441
2025-10-21,5.009154569864482,0.002097016700676191
2025-10-22,5.023991560127672,0.0029619749313487542
2025-10-23,5.017142088739511,-0.0013633524869988145
2025-10-24,5.019288256815322,0.00042776705101255086
2025-10-27,5.025131428554765,0.0011641434881746182
2025-10-28,5.011658157513239,-0.0026811778424273847
2025-10-29,4.970154488684006,-0.008281424535512616
2025-10-30,4.972089191019938,0.00038926402395272897
2025-10-31,4.972255219328117,3.339206152591645e-05
2025-11-03,4.974517670987125,0.00045501519113788635
2025-11-04,4.988802583433821,0.0028716175901857266
2025-11-05,4.986554063610374,-0.00045071332967022704
2025-11-06,5.004052198171576,0.003509063441003324
2025-11-07,5.008516215230903,0.0008920804345241562
2025-11-10,5.024684612718728,0.0032281811205196465
2025-11-11,5.090487890536716,0.013096001617976749
2025-11-12,5.127161662932591,0.007204372780073354
2025-11-13,5.118410603919828,-0.0017068038006348152
2025-11-14,5.098924433757822,-0.0038070744357793784
2025-11-17,5.0996493509456755,0.00014217060818838556
2025-11-18,5.118833891868328,0.0037619333413767553
2025-11-19,5.112620776266169,-0.0012137755851052145
2025-11-20,5.103433768551445,-0.0017969272740455677
2025-11-21,5.1656201571522455,0.012185205377604369
2025-11-24,5.1804655729225,0.0028738883848630215
2025-11-25,5.245675928231293,0.012587740308445783
2025-11-26,5.242043761674312,-0.0006924115417487609
2025-11-28,5.224742291789354,-0.0033005199253491324
2025-12-01,5.171607847414741,-0.010169773245680136
2025-12-02,5.158261227974465,-0.002580748547465428
2025-12-03,5.17562232522415,0.00336568787085334
2025-12-04,5.147925183848474,-0.0053514610679165076
2025-12-05,5.131896339427449,-0.0031136513932476517
2025-12-08,5.095937498635875,-0.007006930462587213
2025-12-09,5.06749811313122,-0.005580795587125598
2025-12-10,5.112502601079246,0.008881007341947966
2025-12-11,5.136962732222081,0.004784375295510235
2025-12-12,5.138066001426988,0.00021477072395054142
2025-12-15,5.174220913721011,0.007036677279735559
2025-12-16,5.1478326132109355,-0.005099956292955898
2025-12-17,5.142621693771507,-0.0010122550267186448
2025-12-18,5.151287640347054,0.001685122315344123
2025-12-19,5.162730440780067,0.0022213475992658993
2025-12-22,5.177064345969507,0.002776419445845335
2025-12-23,5.1708202027010515,-0.0012061166041555937
2025-12-24,5.191057686879329,0.0039137860890436915
2025-12-26,5.197646906334874,0.0012693404413898213
2025-12-29,5.197423029828696,-4.3072665421972633e-05
2025-12-30,5.192563538241284,-0.0009349809625889827
2025-12-31,5.169276673006781,-0.0044846567717475305
2026-01-02,5.178981039036015,0.0018773160430564095
2026-01-05,5.178970514119529,-2.032236922078212e-06
2026-01-06,5.228030899631197,0.009472999581270847
2026-01-07,5.2588770801370135,0.005900152676602155
2026-01-08,5.225610518375612,-0.00632579184766463
2026-01-09,5.215214351270975,-0.0019894645932909127
2026-01-12,5.213125542097348,-0.0004005222092392513
2026-01-13,5.205777618382389,-0.0014095044624616304
2026-01-14,5.229782570459766,0.004611213508739054
2026-01-15,5.209454878680154,-0.003886909542746897
2026-01-16,5.179201712562207,-0.00580735735743837
2026-01-20,5.163290187669408,-0.003072196407065131
2026-01-21,5.217557614725511,0.010510241548247756
2026-01-22,5.217780405010025,4.270011008317143e-05
2026-01-23,5.208786900333016,-0.0017236265191177824
2026-01-26,5.222840923767542,0.0026981375324891532
2026-01-27,5.176080241061093,-0.008953112566315313
2026-01-28,5.154943894649668,-0.004083465755370719
2026-01-29,5.149446846591601,-0.0010663642845412102
2026-01-30,5.163236968384839,0.0026779811898373085
2026-02-02,5.174011095860703,0.002086700173134559
2026-02-03,5.150030795422192,-0.004634760149180017
2026-02-04,5.181741771357815,0.0061574342358902134
2026-02-05,5.177172992067691,-0.0008817072505192258
2026-02-06,5.225153185261843,0.009267643416139615
2026-02-09,5.202670084129085,-0.004302859712548457
2026-02-10,5.197565955867081,-0.000981059375180171
2026-02-11,5.205687552941777,0.0015625770107887127
2026-02-12,5.217480020985781,0.002265304616167252
2026-02-13,5.255644633824665,0.0073147597471151515
2026-02-17,5.250374268792091,-0.0010028008740650685
2026-02-18,5.249977123765355,-7.564127934595044e-05
2026-02-19,5.2455863914599705,-0.0008363336071519623
2026-02-20,5.238248215563859,-0.0013989238473048338
2026-02-23,5.276416615459344,0.0072864817253369685
2026-02-24,5.264726095780426,-0.0022156172514251615
2026-02-25,5.261897462400772,-0.000537280255077377
2026-02-26,5.262089990008427,3.65890078683484e-05
2026-02-27,5.319067046269671,0.010827837678456964
2026-03-02,5.275365102456524,-0.008216091926082414
2026-03-03,5.2425949383469606,-0.006211923435271494
2026-03-04,5.242375143304509,-4.1924856876540684e-05
2026-03-05,5.181845131445073,-0.011546295372765247
2026-03-06,5.1598651866978065,-0.004241721662788633
2026-03-09,5.194246890451246,0.006663294971751443
2026-03-10,5.167237518911887,-0.005199862869246896
2026-03-11,5.150389036610244,-0.0032606363148544038
2026-03-12,5.09675264064458,-0.010414047479598842
2026-03-13,5.087809820466291,-0.0017546113788164952
2026-03-16,5.119972677917867,0.006321552610358383
2026-03-17,5.101280155318866,-0.0036509028025912826
2026-03-18,5.047000165229081,-0.010640464439732822
2026-03-19,5.037646936824574,-0.0018532253018228029
2026-03-20,4.993030632989533,-0.008856576174265274
2026-03-23,5.0015280085838185,0.00170184727851308
2026-03-24,4.993465331269704,-0.0016120428197696213
2026-03-25,5.031629297986603,0.007642781953028033
2026-03-26,5.002712600187247,-0.005746984940032673
2026-03-27,4.960412902194948,-0.00845535240035894
2026-03-30,4.987673592667049,0.005495649456930929
2026-03-31,5.04050244133887,0.010591881704025474
2026-04-01,5.057556290839363,0.003383363007748663
2026-04-02,5.0476618930592165,-0.0019563593979306515
2026-04-06,5.031927491133871,-0.003117166374986713
2026-04-07,5.043270775092401,0.0022542622043970617
2026-04-08,5.102163447086846,0.011677475713837038
2026-04-09,5.09556622715432,-0.0012930240281291416
2026-04-10,5.056830040433982,-0.007601939606615871
2026-04-13,5.073731922380599,0.003342386793993679
2026-04-14,5.096712999851246,0.00452942288284397
2026-04-15,5.072976293658941,-0.004657257764562661
2026-04-16,5.048553313182597,-0.004814329707566789
2026-04-17,5.100017527002015,0.010193853689736465
2026-04-20,5.073975779431478,-0.005106207465495671
2026-04-21,5.037044284430465,-0.007278610818507225
2026-04-22,5.04762299640466,0.002100182443679044
2026-04-23,5.041246162736859,-0.001263333983608339
2026-04-24,5.010760965919608,-0.006047154975804714
2026-04-27,4.992481756323319,-0.0036479907384553423
2026-04-28,4.9967374539995015,0.0008524212774121409
2026-04-29,4.967564963761984,-0.005838307596923442
2026-04-30,5.027055489338135,0.011975792165805466
2026-05-01,5.01467639608785,-0.002462493854810177
2026-05-04,4.997986412814093,-0.003328227378097126
2026-05-05,5.01153495675028,0.002710800473856967
2026-05-06,5.025717655822087,0.0028300110034557013
2026-05-07,5.006294991811108,-0.003864654829639602
2026-05-08,4.991627938767468,-0.002929722093410747
2026-05-11,4.975389955354055,-0.0032530436187560574
2026-05-12,5.0158490588127185,0.008131845708922725
2026-05-13,5.030636811998398,0.0029482053810404585
2026-05-14,5.027665264026358,-0.0005906902213557164
2026-05-15,4.981433491928673,-0.009195475368752148
2026-05-18,4.991010241946277,0.0019224887842269611
2026-05-19,5.008799758900326,0.0035643118510435
2026-05-20,5.022514588679618,0.0027381469492609445
2026-05-21,5.041531992668522,0.0037864308113244594
2026-05-22,5.073287859025825,0.006298852492354179
2026-05-26,5.060741317703876,-0.002473059221275553
2026-05-27,5.066585299563933,0.0011547679466666905
2026-05-28,5.108079014927053,0.008189680605336425
2026-05-29,5.087182776723035,-0.0040908212545176514
2026-06-01,5.055049249296214,-0.006316566327015161
2026-06-02,5.0323091163568145,-0.004498498791592531
2026-06-03,5.045666226524947,0.0026542706060557197
2026-06-04,5.126341484180434,0.015989019890253364
2026-06-05,5.128399148682928,0.00040139044752379727
2026-06-08,5.119627141917587,-0.0017104766050811682
2026-06-09,5.158940779268101,0.0076790040096138545
2026-06-10,5.127762196749033,-0.006043601555645595
2026-06-11,5.166349045979912,0.007525085553956035
2026-06-12,5.157274122790678,-0.001756544729840659
2026-06-15,5.144588413041232,-0.0024597703064465626
2026-06-16,5.15197780900931,0.0014363434690606303
2026-06-17,5.100790886709894,-0.009935392619491556
2026-06-18,5.08784469581259,-0.0025380752092846737
2026-06-22,5.10064645065207,0.0025161449699940275
2026-06-23,5.139932314388692,0.0077021342523357905
2026-06-24,5.176347587642174,0.0070847768075740225
2026-06-25,5.216467471749935,0.007750616323282111
2026-06-26,5.3020070291409045,0.01639798539034587
2026-06-29,5.309457336459137,0.0014051862393399395
2026-06-30,5.261420515730109,-0.00904740686005101
2026-07-01,5.269620323553126,0.0015584779430767859
2026-07-02,5.341505699086804,0.013641471514063253
2026-07-06,5.3141747987939505,-0.005116703385250776
2026-07-07,5.341318879403263,0.005107863711120764
2026-07-08,5.301148075877521,-0.007520764895847409
2026-07-09,5.304693614251818,0.0006688246250714514
2026-07-10,5.2806769438627255,-0.0045274378004731
2026-07-13,5.280446321605812,-4.367285849254943e-05
2026-07-14,5.236769856158425,-0.008271358666913697
2026-07-15,5.243207173295704,0.001229253397437069
2026-07-16,5.299663062445105,0.010767434374315321
2026-07-17,5.291427535039391,-0.001553971886264438
2026-07-20,5.252750045882887,-0.007309462125368926
2026-07-21,5.2627840787657645,0.0019102437380858484
2026-07-22,5.243396974871706,-0.0036838113827017405
2026-07-23,5.269410020719952,0.0049611055529287795
2026-07-24,5.292959216399402,0.004469038390797597
2026-07-27,5.313582576638438,0.003896376185015149
2026-07-28,5.384319116625698,0.013312400619924225
2026-07-29,5.356679567602824,-0.005133341546850079
2026-07-30,5.314006770331456,-0.00796627775337777
2026-07-31,5.290833782020947,-0.004360737445779472
2026-08-03,5.291157767408375,6.12352231758595e-05
2026-08-04,5.301131006122859,0.0018848877982650114
2026-08-05,5.336520024638338,0.006675748717510199
2026-08-06,5.330939260647491,-0.0010457683968355114
2026-08-07,5.35718423251433,0.004923142167568284
2026-08-10,5.3900191409609866,0.0061291355722605245
2026-08-11,5.386334808917933,-0.0006835471167540574
2026-08-12,5.395837744449197,0.0017642675155524756
2026-08-13,5.404744376306009,0.001650648569997193
2026-08-14,5.381003604520345,-0.0043925799506340235
2026-08-17,5.37007605146737,-0.002030764863973411
2026-08-18,5.415755243844883,0.00850624682773915
2026-08-19,5.523794292620727,0.01994902721991232
2026-08-20,5.460832466873864,-0.011398292986937397
2026-08-21,5.4908677320935455,0.005500125741245587
2026-08-24,5.4977454802724095,0.0012525794672970658
2026-08-25,5.56915150424443,0.012988237492667969
2026-08-26,5.566791750250082,-0.000423718764438239
2026-08-27,5.733453148980822,0.02993850070343535
2026-08-28,5.6989083302366845,-0.006025133169576525
2026-08-31,5.706801788403575,0.0013850824946612555
2026-09-01,5.636311038441671,-0.01235205857423387
2026-09-02,5.684597631520171,0.008567056138167094
2026-09-03,5.783396661305996,0.01738012717698808
2026-09-04,5.7783190611288475,-0.0008779615984358557
2026-09-08,5.693590951527127,-0.014663106814522016
2026-09-09,5.681873817570023,-0.002057951485601836
2026-09-10,5.612927549689617,-0.012134424327974996
2026-09-11,5.6254968323112475,0.0022393452454816053
2026-09-14,5.5958899537531055,-0.005262980220358218
2026-09-15,5.565599256551609,-0.005413025890757658
2026-09-16,5.5602511861130015,-0.0009609154723656915
2026-09-17,5.689261725260835,0.02320228616110784
2026-09-18,5.703052182680391,0.0024239449836392507
2026-09-21,5.914104426629336,0.03700689335964515
2026-09-22,5.944937389077533,0.005213462635080704
2026-09-23,5.915695424491791,-0.004918801102845438
2026-09-24,5.9553486879237045,0.006703060348195728
2026-09-25,6.000006953437094,0.007498849832915294
2026-09-28,5.922210289819511,-0.012966095576441995
2026-09-29,5.945188577701333,0.0038800189046515657
