Date,equity,ret
2012-05-21,1.0,0.0
2012-05-22,1.001743283656582,0.0017432836565820509
2012-05-23,1.0022732056440444,0.0005289997907726995
2012-05-24,1.0042437578754877,0.0019660829206513686
2012-05-25,1.000985424657274,-0.0032445640738726356
2012-05-29,1.013109534689132,0.01211217439655421
2012-05-30,0.9984085258097636,-0.01451077931457756
2012-05-31,0.9962113734404441,-0.0022006546544035555
2012-06-01,0.9711299838104567,-0.02517677502854454
2012-06-04,0.9706753723899583,-0.00046812623240677365
2012-06-05,0.978025505475762,0.007572184578770624
2012-06-06,1.0000000000000004,0.022468222353310585
2012-06-07,1.0006067179699485,0.0006067179699480452
2012-06-08,1.0085627520471632,0.007951209935264103
2012-06-11,0.9957569848322742,-0.012697045562010012
2012-06-12,1.007198917785668,0.011490688117363312
2012-06-13,1.000757858999309,-0.006395021551968916
2012-06-14,1.0113663253033263,0.010600432670721194
2012-06-15,1.0217103876444333,0.010227809728591275
2012-06-18,1.0236904465352172,0.0019379844961240345
2012-06-19,1.0335923006754342,0.009672703475675393
2012-06-20,1.0319165291543255,-0.0016213080534882574
2012-06-21,1.008761797727107,-0.022438570148880288
2012-06-22,1.0165305209070015,0.007701246416546015
2012-06-25,1.0002311306552192,-0.01603433435253787
2012-06-26,1.005257702510784,0.005025410329182689
2012-06-27,1.0143218565673868,0.009016746684918475
2012-06-28,1.0114273758812793,-0.002853611669083822
2012-06-29,1.0366385908278868,0.024926371925261037
2012-07-02,1.039761528421273,0.003012561582230955
2012-07-03,1.046616943867485,0.006593257452621071
2012-07-05,1.041894213756939,-0.004512376890340231
2012-07-06,1.0319928795121547,-0.00950320494542467
2012-07-09,1.0306975971769983,-0.0012551272018161974
2012-07-10,1.0217103876444333,-0.008719540588025265
2012-07-11,1.0218621228400024,0.00014851096495061
2012-07-12,1.0169116042591626,-0.004844605226271836
2012-07-13,1.033973161215267,0.016777817152095587
2012-07-16,1.0315354458021648,-0.0023576196216128498
2012-07-17,1.0386193181556556,0.006867308711802966
2012-07-18,1.0463121366023773,0.007406773889380824
2012-07-19,1.0490539908436027,0.0026204935843798793
2012-07-20,1.039457092510046,-0.009148145297878774
2012-07-23,1.0289459209227176,-0.010112174579468558
2012-07-24,1.0201105208564978,-0.008586845903715279
2012-07-25,1.020339274846881,0.00022424432030265784
2012-07-26,1.0371720778126023,0.016497260647197365
2012-07-27,1.056290192558872,0.0184329246373367
2012-07-30,1.056290192558872,0.0
2012-07-31,1.0489018100233776,-0.006994652215406849
2012-08-01,1.0479877595819342,-0.0008714356603339857
2012-08-02,1.0407523748452026,-0.0069040737075192204
2012-08-03,1.0613931890430417,0.019832589092971586
2012-08-06,1.0634496725624307,0.0019375322365156045
2012-08-07,1.0687817201200882,0.005013916215526937
2012-08-08,1.0700764082890357,0.001211368181710748
2012-08-09,1.0709906815428072,0.0008543999724592855
2012-08-10,1.072742209255536,0.0016354275932688456
2012-08-13,1.0722091678954777,-0.0004968960440442372
2012-08-14,1.0723614229864795,0.00014200129560593133
2012-08-15,1.0735800578807024,0.0011364031455263213
2012-08-16,1.0815015560470311,0.007378581697918385
2012-08-17,1.082948870660861,0.0013382455214581146
2012-08-20,1.083024998206362,7.029652790024876e-05
2012-08-21,1.0797495084388697,-0.003024389809022865
2012-08-22,1.080207090690412,0.0004237855613418162
2012-08-23,1.0713711707287594,-0.008179838882565571
2012-08-24,1.077844982927378,0.0060425484421191555
2012-08-27,1.0780743310839698,0.00021278399048529906
2012-08-28,1.0770073571145398,-0.0009897035284729405
2012-08-29,1.0778449829273777,0.000777734531992591
2012-08-30,1.0700764082890355,-0.007207506423830168
2012-08-31,1.0751794047732055,0.004768815053430853
2012-09-04,1.0741893010570376,-0.0009208730299078427
2012-09-05,1.0732751763448183,-0.0008509903341242797
2012-09-06,1.0950590920575882,0.020296673390842734
2012-09-07,1.0993245369996962,0.003895173304386157
2012-09-10,1.093078810354476,-0.005681422032356553
2012-09-11,1.0961256946731373,0.002787433339480172
2012-09-12,1.0997816736265817,0.003335364704259325
2012-09-13,1.1165388689422349,0.015236838108417805
2012-09-14,1.1214892389815228,0.004433674614460648
2012-09-17,1.1176811534786286,-0.003395561339806008
2012-09-18,1.1167671030371855,-0.0008178096576096916
2012-09-19,1.1173762719427447,0.000545475331340306
2012-09-20,1.117452770842126,6.846297107099275e-05
2012-09-21,1.116985607660467,-0.0004180607841770545
2012-09-24,1.1153009979170028,-0.001508174977287946
2012-09-25,1.1034320080010431,-0.01064196117292715
2012-09-26,1.0972292841351838,-0.005621301376870558
2012-09-27,1.107566736377218,0.009421414823230778
2012-09-28,1.1024363339766676,-0.004632138391345686
2012-10-01,1.105345817359547,0.002639139597643947
2012-10-02,1.1064950833488938,0.0010397343268482295
2012-10-03,1.1110124547635276,0.0040825951082961165
2012-10-04,1.1189763615430086,0.007168152566908947
2012-10-05,1.1190530089839423,6.849781958573331e-05
2012-10-08,1.115224424746845,-0.0034212715629740043
2012-10-09,1.1041975911610653,-0.009887546704586248
2012-10-10,1.097152710965026,-0.006380090169035291
2012-10-11,1.0977655934093902,0.0005586117941822621
2012-10-12,1.0941662830581087,-0.0032787603955620748
2012-10-15,1.1032789359315038,0.008328398539138027
2012-10-16,1.1144583216913897,0.010132873379339102
2012-10-17,1.1195124480048868,0.004535051885858454
2012-10-18,1.1166025189973507,-0.0025992824043375995
2012-10-19,1.0979948672952056,-0.016664525993415946
2012-10-22,1.0981484592601771,0.0001398840464070794
2012-10-23,1.0829101013157367,-0.01387640971122106
2012-10-24,1.0798469516971096,-0.00282862780105686
2012-10-25,1.0829867487566702,0.002907631544105449
2012-10-26,1.0823741633954105,-0.0005656443737312999
2012-10-31,1.0823741633954105,0.0
2012-11-01,1.093707141120268,0.010470480641653346
2012-11-02,1.083981902885613,-0.008891994821112248
2012-11-05,1.0862025990909556,0.0020486469372145155
2012-11-06,1.0947024437907626,0.00782528481051381
2012-11-07,1.0698923653058627,-0.022663764592492308
2012-11-08,1.0570277756363038,-0.012024190551057079
2012-11-09,1.0579468022197456,0.0008694441192791391
2012-11-12,1.0587893299038058,0.0007963800091768114
2012-11-13,1.0551134463823668,-0.0034717799071255495
2012-11-14,1.0408707624623017,-0.013498722785590944
2012-11-15,1.0391096538194562,-0.0016919570674456264
2012-11-16,1.0442399076784543,0.004937163118580168
2012-11-19,1.065374622537348,0.020239328820405023
2012-11-20,1.0658338387459645,0.0004310373073490581
2012-11-21,1.067825112523939,0.0018682778737044714
2012-11-23,1.08237416339541,0.013624937923666591
2012-11-26,1.0800767454783577,-0.002122572761571906
2012-11-27,1.0745634029562439,-0.005104584044786531
2012-11-28,1.0832167653502465,0.008052910019265669
2012-11-29,1.088270446039087,0.004665438027269264
2012-11-30,1.0884999427372313,0.00021088204589170267
2012-12-03,1.0831395237431043,-0.00492459281223967
2012-12-04,1.0816084316938355,-0.0014135686268540448
2012-12-05,1.0835228352185482,0.0017699598751415024
2012-12-06,1.0871982731153307,0.0033921185390071162
2012-12-07,1.0904909194321017,0.0030285610253373285
2012-12-10,1.0909504327238226,0.0004213820431995252
2012-12-11,1.0983777331459927,0.00680810071602056
2012-12-12,1.0989142652325279,0.0004884768421136165
2012-12-13,1.0921755291755664,-0.00613217634001284
2012-12-14,1.0881170768864445,-0.0037159340973198507
2012-12-17,1.1009046477611895,0.011752017449570218
2012-12-18,1.1131568748818168,0.011129235529656167
2012-12-19,1.104886823963258,-0.007429366969895157
2012-12-20,1.1112423970863279,0.005752239039535478
2012-12-21,1.101155757255178,-0.009076903344938048
2012-12-24,1.0977626225783457,-0.003081430264952001
2012-12-26,1.0931349590612054,-0.004215541157951863
2012-12-27,1.0916700422734402,-0.0013401060643264406
2012-12-28,1.0798713125116697,-0.010807963308399726
2012-12-31,1.0982252552426626,0.016996416626999356
2013-01-02,1.1263729881346494,0.02563019995908511
2013-01-03,1.1238281742624132,-0.002259299449688057
2013-01-04,1.128763393063377,0.004391435375966424
2013-01-07,1.1256789277320096,-0.0027326057438806783
2013-01-08,1.122440276269462,-0.002877065016285485
2013-01-09,1.1252933138625067,0.002541816837263733
2013-01-10,1.1342387832189045,0.007949455707412678
2013-01-11,1.1341618386948664,-6.783802950172113e-05
2013-01-14,1.1333908337681888,-0.0006798015066040719
2013-01-15,1.1341618386948666,0.0006802639510630204
2013-01-16,1.1340073554805818,-0.0001362091449510494
2013-01-17,1.1413333505641536,0.006460271221492286
2013-01-18,1.1438784615194941,0.0022299453127190283
2013-01-22,1.150047837806885,0.005393384432814452
2013-01-23,1.1518985912764816,0.001609283899986158
2013-01-24,1.1522069635388423,0.0002677078214141648
2013-01-25,1.1586847863593701,0.00562210004410324
2013-01-28,1.1572973339910755,-0.0011974372880599882
2013-01-29,1.161846716110208,0.00393104000632527
2013-01-30,1.1572973339910755,-0.003915647439589498
2013-01-31,1.1544434794194938,-0.00246596487156836
2013-02-01,1.1663192279760783,0.010286990024454212
2013-02-04,1.1532092476622904,-0.01124047344785517
2013-02-05,1.1648541626467612,0.010097833509466358
2013-02-06,1.1657023349098052,0.000728136010706093
2013-02-07,1.1641605478687782,-0.001322624991693333
2013-02-08,1.1706382221477536,0.00556424480354889
2013-02-11,1.1704073143048637,-0.00019724953322153294
2013-02-12,1.1723347894861698,0.0016468413668884185
2013-02-13,1.1733375192342745,0.0008553271276239283
2013-02-14,1.174417044964865,0.0009200470562766849
2013-02-15,1.1730289241595855,-0.0011819658197492755
2013-02-19,1.1818199845724744,0.007494325358760712
2013-02-20,1.1670908270689648,-0.012463114260872765
2013-02-21,1.1599961111821635,-0.006078974936868375
2013-02-22,1.1713318369257364,0.009772210125791325
2013-02-25,1.1490453308711084,-0.01902663733030674
2013-02-26,1.1569112002261395,0.006845569224904091
2013-02-27,1.1714866914939015,0.012598625776043093
2013-02-28,1.1691730825476598,-0.001974934041539478
2013-03-01,1.1730289241595853,0.0032979219839062157
2013-03-04,1.1792751707002382,0.005324887061184835
2013-03-05,1.1898401886002379,0.008958908117879139
2013-03-06,1.1914598114146162,0.0013612103792557395
2013-03-07,1.193618640063469,0.0018119189822185522
2013-03-08,1.1987088619741502,0.004264529507021164
2013-03-11,1.2032588382594913,0.0037957309148843876
2013-03-12,1.200559838256075,-0.0022430751535725824
2013-03-13,1.2022561085113868,0.0014128993834874315
2013-03-14,1.2086566154539962,0.00532374666038038
2013-03-15,1.2070606850171934,-0.0013204167473185313
2013-03-18,1.2003988192134938,-0.005519081092103306
2013-03-19,1.1976108428203114,-0.002322541765751751
2013-03-20,1.2059764802277086,0.0069852719333241
2013-03-21,1.1956743066043212,-0.008542599123858685
2013-03-22,1.2052797460771294,0.008033491578561591
2013-03-25,1.2002439646453285,-0.004178101762840614
2013-03-26,1.209849775472017,0.008003215270927955
2013-03-27,1.209849775472017,0.0
2013-03-28,1.2135677705235037,0.003073104716687869
2013-04-01,1.2087651250578757,-0.003957459634542082
2013-04-02,1.2147297368155634,0.004934467113619112
2013-04-03,1.2024131169320587,-0.01013939110093165
2013-04-04,1.2072934496294856,0.00405878198491294
2013-04-05,1.2018711630788685,-0.004491274720558769
2013-04-08,1.2100047043109583,0.006767398604733854
2013-04-09,1.2141871887961646,0.003456585309383531
2013-04-10,1.2290596888975442,0.012248935121877969
2013-04-11,1.2330873930853614,0.003277061500104983
2013-04-12,1.2300670977045431,-0.0024493765792714672
2013-04-15,1.201561305400986,-0.02317417672316613
2013-04-16,1.2193000632935556,0.014763090166797443
2013-04-17,1.2014840637938435,-0.014611661260467534
2013-04-18,1.1939700893759666,-0.006253911012477742
2013-04-19,1.2043500245019292,0.008693630785497897
2013-04-22,1.2096953665285084,0.004438362534006535
2013-04-23,1.222165875460089,0.010308801105329168
2013-04-24,1.2229405939255718,0.0006338897861888348
2013-04-25,1.2278980196885887,0.004053693031076833
2013-04-26,1.2257294615680672,-0.0017660734733260242
2013-04-29,1.2339397245118666,0.006698266788248697
2013-04-30,1.2368832981809752,0.002385508473903064
2013-05-01,1.2260388736212933,-0.008767540620550296
2013-05-02,1.2374254005757175,0.009287247900054307
2013-05-03,1.2499737452806492,0.01014068783386346
2013-05-06,1.2531497122081698,0.002540826908974392
2013-05-07,1.259501051897002,0.00506830079994236
2013-05-08,1.2652338645624865,0.004551653733714689
2013-05-09,1.2616710954330457,-0.002815897700203407
2013-05-10,1.265775744144901,0.0032533429090300103
2013-05-13,1.2667827073272433,0.0007955304776539052
2013-05-14,1.2798733772392457,0.01033379271463386
2013-05-15,1.2867673392182528,0.005386440644525203
2013-05-16,1.2807252630410944,-0.004695546734057698
2013-05-17,1.2931197186979502,0.009677684991881152
2013-05-20,1.2930420314661513,-6.0077370003464026e-05
2013-05-21,1.2949013260749989,0.0014379227926097915
2013-05-22,1.2852957380606385,-0.007418007705248142
2013-05-23,1.281578040092256,-0.0028924844752009626
2013-05-24,1.2804929440534583,-0.0008466874469226227
2013-05-28,1.288161550227172,0.005988792214222105
2013-05-29,1.2797965812567593,-0.006493726636179531
2013-05-30,1.2845209453243798,0.0036914960836831323
2013-05-31,1.2660858989058874,-0.014351690009879126
2013-06-03,1.2730572510335891,0.005506223656488229
2013-06-04,1.266937636166184,-0.004807022514059511
2013-06-05,1.2491991010859427,-0.01400111147847738
2013-06-06,1.2605081636208963,0.009053050490608339
2013-06-07,1.2765421843896791,0.01272028316161311
2013-06-10,1.2765421843896791,0.0
2013-06-11,1.263374718495191,-0.010314947720105105
2013-06-12,1.252917393220534,-0.008277295027015241
2013-06-13,1.271973194785657,0.015209144408268926
2013-06-14,1.2639939882262998,-0.006273093326233048
2013-06-17,1.2737543565380494,0.007721847099483314
2013-06-18,1.2838239883614728,0.007905473902198645
2013-06-19,1.266085898905888,-0.013816605404159521
2013-06-20,1.234714740060454,-0.024778065115916736
2013-06-21,1.2386780514853937,0.0032099004704080336
2013-06-24,1.2230262281304134,-0.012635909174471105
2013-06-25,1.2347845545899863,0.00961412452907684
2013-06-26,1.247009895689666,0.009900788809056094
2013-06-27,1.2543303204650302,0.005870382264541396
2013-06-28,1.249190931300572,-0.004097317174436843
2013-07-01,1.2565104648266232,0.005859419359081075
2013-07-02,1.255342185518595,-0.0009297808022548093
2013-07-03,1.2558871844736053,0.00043414374287520374
2013-07-05,1.2694364021572393,0.010788562739664442
2013-07-08,1.2766785455345957,0.005705006855837302
2013-07-09,1.285867623036596,0.007197643865905601
2013-07-10,1.2863341920520461,0.0003628437384155525
2013-07-11,1.3038554108414238,0.013621047234565475
2013-07-12,1.3044002612548817,0.0004178764063311746
2013-07-15,1.3093836817895332,0.003820468825924017
2013-07-16,1.304478245569785,-0.0037463703633788814
2013-07-17,1.3078262236147493,0.0025665265452563535
2013-07-18,1.314990679760307,0.005478140762276151
2013-07-19,1.3173263471270502,0.0017761854914202235
2013-07-22,1.3198964130631599,0.0019509713304639575
2013-07-23,1.3170934339732057,-0.0021236356597478245
2013-07-24,1.3122650908190476,-0.0036659078464863493
2013-07-25,1.3154578429419663,0.0024330085020596304
2013-07-26,1.3168594810284955,0.001065513497106485
2013-07-29,1.312809644149401,-0.003075375115901835
2013-07-30,1.312809644149401,0.0
2013-07-31,1.3137448617620322,0.0007123786885623318
2013-08-01,1.3289295219353534,0.011558302236063689
2013-08-02,1.3311876506118496,0.0016992087535294687
2013-08-05,1.3292405679456534,-0.001462665812217545
2013-08-06,1.321687527099549,-0.005682222637680812
2013-08-07,1.3174046285250578,-0.0032404774098837574
2013-08-08,1.3222322289714548,0.0036644781275756433
2013-08-09,1.318416790661727,-0.002885603773775669
2013-08-12,1.3168594810284953,-0.0011811967537594947
2013-08-13,1.320753200736231,0.0029568224733398374
2013-08-14,1.3139783690820857,-0.005129521284043759
2013-08-15,1.2956016994936066,-0.013985519108139166
2013-08-16,1.2913174640451455,-0.0033067534954110966
2013-08-19,1.283064198321985,-0.0063913529809366265
2013-08-20,1.2893714211698148,0.004915750011635023
2013-08-21,1.2814283102076414,-0.006160452164332031
2013-08-22,1.2931090237061915,0.009115385859281844
2013-08-23,1.297469163887825,0.00337182720227025
2013-08-26,1.2926420090660846,-0.003720438956156813
2013-08-27,1.2718502023804372,-0.016084736949458334
2013-08-28,1.2763669053580864,0.0035512853394177313
2013-08-29,1.2783912296314246,0.0015860049840217272
2013-08-30,1.2743424325431956,-0.003167103304828167
2013-09-03,1.2801048049775672,0.00452183988166488
2013-09-04,1.2906949263998881,0.0082728549890152
2013-09-05,1.2923297747233664,0.0012666419384155247
2013-09-06,1.292953352159489,0.0004825219137707393
2013-09-09,1.3053348847013038,0.009576163379084957
2013-09-10,1.3149906797603066,0.007397178434568774
2013-09-11,1.319117312621887,0.003138146091143712
2013-09-12,1.3156139601133245,-0.0026558308916430073
2013-09-13,1.3185726107499811,0.00224887446192934
2013-09-16,1.326203635910989,0.005787337836986817
2013-09-17,1.3321213828089586,0.0044621706182434995
2013-09-18,1.3475402930100944,0.011574703626949345
2013-09-19,1.345282015792046,-0.0016758513491302862
2013-09-20,1.3358762161653903,-0.00699169357520768
2013-09-23,1.329694659470719,-0.004627342428788261
2013-09-24,1.3265648889659318,-0.0023537512785326564
2013-09-25,1.3227304373375228,-0.002890511923165695
2013-09-26,1.3278166486262946,0.0038452364481833534
2013-09-27,1.3217130762465266,-0.0045966981857641365
2013-09-30,1.3146702756322182,-0.005328539711742075
2013-10-01,1.3250787307362024,0.007917160140384905
2013-10-02,1.323826376909631,-0.000945116541019142
2013-10-03,1.3116186379838863,-0.009221555891825162
2013-10-04,1.3215563649089588,0.00757668931904476
2013-10-07,1.3101323312126048,-0.008644378703545508
2013-10-08,1.2948739944293939,-0.011646408854812718
2013-10-09,1.2958133712054867,0.0007254580601154803
2013-10-10,1.3237475013454143,0.021557217081299873
2013-10-11,1.3322769058141086,0.006443377199976119
2013-10-14,1.3375985554631125,0.003994402083966175
2013-10-15,1.3278958212736154,-0.007253846193141067
2013-10-16,1.34643989719142,0.01396500811337642
2013-10-17,1.3554388415066085,0.006683509849908509
2013-10-18,1.3645942000762603,0.006754534612181562
2013-10-21,1.3646720358496116,5.7039501814459825e-05
2013-10-22,1.3725756347589009,0.005791573873915157
2013-10-23,1.3660025225326387,-0.004788888903318411
2013-10-24,1.3705407640353562,0.003322279005973927
2013-10-25,1.3768013448357963,0.004567963948775011
2013-10-28,1.3789918871060431,0.0015910372825123087
2013-10-29,1.386347367687726,0.005333954935093255
2013-10-30,1.3794614269525374,-0.0049669663575541145
2013-10-31,1.375548991009225,-0.0028362053964463563
2013-11-01,1.3788356213931319,0.002389322667087024
2013-11-04,1.3836865428632237,0.0035181289160419738
2013-11-05,1.3793050126980737,-0.0031665626783385914
2013-11-06,1.3863473676877254,0.0051057271051861974
2013-11-07,1.3688194645284992,-0.012643226054131596
2013-11-08,1.3872857046729528,0.013490632346329523
2013-11-11,1.3875212915747368,0.00016981858963194263
2013-11-12,1.3847042010373238,-0.0020303043668726817
2013-11-13,1.3958157033078558,0.00802445913156613
2013-11-14,1.4027802225241566,0.004989569324801213
2013-11-15,1.4088833492792678,0.004350736243008413
2013-11-18,1.4039534037034072,-0.0034991864857957244
2013-11-19,1.400902211679732,-0.002173285819619508
2013-11-20,1.3965197902652688,-0.003128285027981015
2013-11-21,1.407787706790264,0.008068569169975559
2013-11-22,1.4148300617799159,0.005002426825922779
2013-11-25,1.4134223334897464,-0.0009949804773008442
2013-11-26,1.4138127006889198,0.0002761858150419627
2013-11-27,1.4172560424103946,0.0024355006287586356
2013-11-29,1.416316814175854,-0.0006627089293923527
2013-12-02,1.4126390738850125,-0.002596693235603076
2013-12-03,1.4065355015052445,-0.00432068777694361
2013-12-04,1.40637968141699,-0.00011078290458199636
2013-12-05,1.400197382014558,-0.00439589641696414
2013-12-06,1.4158469772462554,0.01117670653631797
2013-12-09,1.4194474759299545,0.002542999873264451
2013-12-10,1.4143602248503173,-0.0035839657091251143
2013-12-11,1.3984754883414923,-0.01123104017613763
2013-12-12,1.3938595596069756,-0.0033006861922126873
2013-12-13,1.3937029968109602,-0.00011232322147258778
2013-12-16,1.4023885184510134,0.006231974574157695
2013-12-17,1.397928112721647,-0.0031805777576482397
2013-12-18,1.42179413537156,0.017072424849835732
2013-12-19,1.4201515628873673,-0.0011552815160286167
2013-12-20,1.4284122556881376,0.005816768446865739
2013-12-23,1.4360434293906978,0.005342416849317688
2013-12-24,1.4391908763401966,0.00219174913869713
2013-12-26,1.4465071419520994,0.00508359643753975
2013-12-27,1.4464285634709872,-5.432291264462208e-05
2013-12-30,1.4461926794860986,-0.00016308028674605346
2013-12-31,1.4530365829620153,0.004732359368841976
2014-01-02,1.4391117036928756,-0.009583295721814489
2014-01-03,1.4388761167910913,-0.00016370299899559626
2014-01-06,1.4347055156300608,-0.0028985130216293564
2014-01-07,1.44351789175569,0.006142289152460068
2014-01-08,1.4438320571385863,0.00021763871767066512
2014-01-09,1.444776632869006,0.000654214405165332
2014-01-10,1.448709864629626,0.002722380519685874
2014-01-13,1.429434370108804,-0.013305282852995481
2014-01-14,1.4450123683123426,0.010898015697182961
2014-01-15,1.4528012931433356,0.005390213261696752
2014-01-16,1.450912587307153,-0.0013000441595809598
2014-01-17,1.4447766328690061,-0.004229031088313073
2014-01-21,1.4490249212618356,0.0029404464996041213
2014-01-22,1.4499683086598376,0.000651049808847004
2014-01-23,1.4380891436475525,-0.008192706655267945
2014-01-24,1.4074059550011182,-0.02133608252448793
2014-01-27,1.400482581794776,-0.004919243933664275
2014-01-28,1.4088221501597626,0.00595478192545551
2014-01-29,1.3952903118377356,-0.009605072095503764
2014-01-30,1.4100807427315263,0.010600253415585126
2014-01-31,1.4018203470138604,-0.005858101218845335
2014-02-03,1.3702717552843273,-0.022505445720443107
2014-02-04,1.3798696191379736,0.007004350645507307
2014-02-05,1.3781386644302238,-0.0012544335230969539
2014-02-06,1.396312426258402,0.01318717941615244
2014-02-07,1.41362137916969,0.012396189123425438
2014-02-10,1.4162178855020906,0.0018367763608142518
2014-02-11,1.4317162654336515,0.010943499648054633
2014-02-12,1.4324246600960782,0.0004947870465186188
2014-02-13,1.4398196527306453,0.0051625700398589824
2014-02-14,1.4477657345238626,0.0055188035377538025
2014-02-18,1.4494968377731645,0.0011957067417893708
2014-02-19,1.4398983797533096,-0.006621924084084796
2014-02-20,1.4483951050805206,0.005900920125117892
2014-02-21,1.446743323020092,-0.0011404222885280646
2014-02-24,1.4547678347528692,0.005546603606247258
2014-02-25,1.4542171912188755,-0.0003785095606593236
2014-02-26,1.4542956211584355,5.393275504750328e-05
2014-02-27,1.4619273890272042,0.0052477417642842195
2014-02-28,1.4656247368029356,0.0025290912554771783
2014-03-03,1.4553190724530716,-0.007031584614452191
2014-03-04,1.4757739868983366,0.014055278208363164
2014-03-05,1.477111455034317,0.0009062824984409357
2014-03-06,1.480493894719391,0.0022899014651507343
2014-03-07,1.4811241565253623,0.0004257105066216571
2014-03-10,1.4803371833818235,-0.0005313350268927319
2014-03-11,1.4730203236037118,-0.004942698096251474
2014-03-12,1.473413513092377,0.000266927402402084
2014-03-13,1.4568918304077318,-0.011213201547181084
2014-03-14,1.4528012931433354,-0.002807715150171197
2014-03-17,1.465939793435145,0.009043563186389214
2014-03-18,1.4764036545380985,0.00713798830607737
2014-03-19,1.4685360026844412,-0.005328930085938377
2014-03-20,1.4771114550343163,0.005839456665821974
2014-03-21,1.4713823559076367,-0.0038785828294497504
2014-03-24,1.4652980939296545,-0.004135065201477883
2014-03-25,1.4722522152373014,0.00474587480626365
2014-03-26,1.4616631336058457,-0.007192437220920667
2014-03-27,1.4585808963977613,-0.002108719264527492
2014-03-28,1.465771941481162,0.004930165410201415
2014-03-31,1.4777834570164545,0.008194668758057189
2014-04-01,1.487582446131775,0.006630869407013185
2014-04-02,1.4925603706289954,0.0033463183907316285
2014-04-03,1.4905849165263296,-0.0013235338024104593
2014-04-04,1.4729629865645628,-0.011822157708957004
2014-04-07,1.4566841693177597,-0.011051749022404578
2014-04-08,1.4626900013561819,0.004122947283236478
2014-04-09,1.4784155013210518,0.010751081876740454
2014-04-10,1.4473596219201557,-0.02100619167828388
2014-04-11,1.4343207930098698,-0.009008700196422303
2014-04-14,1.4456215372179004,0.007878812231618237
2014-04-15,1.4555773862123411,0.006886898637108452
2014-04-16,1.4708290386257032,0.010478077330570157
2014-04-17,1.4728839624587942,0.0013971194334121417
2014-04-21,1.4780200837091042,0.0034871187284406524
2014-04-22,1.484736538533236,0.004544224329670055
2014-04-23,1.4812603691287258,-0.002341270194605949
2014-04-24,1.4842629880648326,0.002027070323816771
2014-04-25,1.4720932757764504,-0.008199161729586013
2014-04-28,1.4767552523921479,0.003166903002962629
2014-04-29,1.4836306466771305,0.00465574391819179
2014-04-30,1.488055550975522,0.0029824837524770054
2014-05-01,1.488213302103955,0.00010601158560885615
2014-05-02,1.4860808395806173,-0.0014329011307202544
2014-05-05,1.4889255588467387,0.0019142426107345845
2014-05-06,1.475965902583774,-0.008704032371506076
2014-05-07,1.4846581085936759,0.005889164508940059
2014-05-08,1.483077923561406,-0.001064342708346988
2014-05-09,1.4852901528982734,0.0014916474055219897
2014-05-12,1.4997509700877394,0.009736021720233135
2014-05-13,1.501094825510464,0.0008960523777130636
2014-05-14,1.4939823589081753,-0.0047381860768656026
2014-05-15,1.4808649515167773,-0.008780162170712869
2014-05-16,1.4860012213086393,0.0034684255215853277
2014-05-19,1.4914534389820242,0.00366905329228695
2014-05-20,1.4820504616448602,-0.006304573170974659
2014-05-21,1.4945355276485561,0.008424184146766045
2014-05-22,1.4981703394308126,0.0024320678331248846
2014-05-23,1.5041769141769958,0.004009273570630967
2014-05-27,1.5134219918441745,0.006146270149503641
2014-05-28,1.5123160999880692,-0.0007307227343497091
2014-05-29,1.5201384466683066,0.0051724283569414276
2014-05-30,1.5225881939471366,0.0016115290578955221
2014-06-02,1.524326427190944,0.0011416305805584948
2014-06-03,1.5235369288410179,-0.0005179326001590878
2014-06-04,1.5266184233413411,0.0020225925883314844
2014-06-05,1.5365754606681992,0.006522282958609127
2014-06-06,1.5439244054215853,0.004782677415784198
2014-06-09,1.5455044419123032,0.001023389801449781
2014-06-10,1.5456626386653929,0.00010235930017388206
2014-06-11,1.5402891480146725,-0.003476496433503895
2014-06-12,1.5293844155847987,-0.007079665817245617
2014-06-13,1.5340462436589442,0.0030481728639577543
2014-06-16,1.535310777892796,0.0008243129821403627
2014-06-17,1.5395780796043066,0.002779438386648625
2014-06-18,1.5508783781876807,0.0073398671578115415
2014-06-19,1.5526167599730403,0.0011209014258042327
2014-06-20,1.555768663169105,0.0020300587223593958
2014-06-23,1.5552921418696575,-0.00030629315959918024
2014-06-24,1.5459233290894987,-0.006023828275050769
2014-06-25,1.5529102780801813,0.004519596062243059
2014-06-26,1.5517987416450925,-0.0007157763399332495
2014-06-27,1.554816363277971,0.0019445960045563204
2014-06-30,1.55402181451527,-0.0005110241836057128
2014-07-01,1.564423139624749,0.006693165444864313
2014-07-02,1.5660114944423897,0.0010152974456909547
2014-07-03,1.5737130768406913,0.004917960325089288
2014-07-07,1.5682342702294632,-0.0034814520460280107
2014-07-08,1.5581508240416855,-0.0064298085937773974
2014-07-09,1.5651377730323681,0.004484128803756704
2014-07-10,1.5589446300966256,-0.003956931487087978
2014-07-11,1.5610886788610348,0.0013753206643882798
2014-07-14,1.5689492007201868,0.005035282085888326
2014-07-15,1.5660114944423902,-0.0018724036931522248
2014-07-16,1.5718078828922148,0.003701370309474372
2014-07-17,1.5539423447848453,-0.01136623521348934
2014-07-18,1.5698229221302087,0.010219540897807411
2014-07-21,1.5668841760615464,-0.0018720239252681958
2014-07-22,1.5737130768406915,0.004358267754231759
2014-07-23,1.5772066256068087,0.002219940100600004
2014-07-24,1.5772865409618906,5.066891920457728e-05
2014-07-25,1.5699020947775293,-0.004681740440045767
2014-07-28,1.5705371099131706,0.0004044934634801489
2014-07-29,1.563788421572212,-0.004297057546976291
2014-07-30,1.5640263851388312,0.00015217120381283422
2014-07-31,1.533139694565887,-0.019748190226472673
2014-08-01,1.5284545454680467,-0.003055917940450237
2014-08-04,1.539491628420928,0.007221073721561888
2014-08-05,1.5245643907575637,-0.009696212300079332
2014-08-06,1.5250412091401155,0.00031275712947409495
2014-08-07,1.5167830415457326,-0.0054150455377132145
2014-08-08,1.5343308492729533,0.011569095412180985
2014-08-11,1.5387768464717568,0.002897678294684791
2014-08-12,1.5366329462489,-0.0013932495980639725
2014-08-13,1.5470348655245876,0.0067692934093857016
2014-08-14,1.5543393963538668,0.004721632971602219
2014-08-15,1.55402181451527,-0.00020431949376165104
2014-08-18,1.5670434126055008,0.00837928912490371
2014-08-19,1.5752219619279062,0.005219095563413267
2014-08-20,1.5794301441016425,0.0026714852099865016
2014-08-21,1.5840356749275053,0.0029159446165201164
2014-08-22,1.5815740443244994,-0.0015540247242969984
2014-08-25,1.589593654186054,0.005070650906502383
2014-08-26,1.5906255723491656,0.000649171038393348
2014-08-27,1.5899907057550764,-0.00039913013164472044
2014-08-28,1.5891171328866067,-0.0005494201100092466
2014-08-29,1.5936427483573876,0.002847880358926247
2014-09-02,1.592849090844,-0.0004980146988436962
2014-09-03,1.591975220892426,-0.0005486206801367244
2014-09-04,1.5896729753749275,-0.00144615662812142
2014-09-05,1.5968190123680128,0.004495287460869024
2014-09-08,1.5926900028415973,-0.0025857717715248585
2014-09-09,1.5826056654045064,-0.006331638560610586
2014-09-10,1.5885609933151816,0.0037629891266395266
2014-09-11,1.5903874602409938,0.0011497619125095948
2014-09-12,1.5810975230250517,-0.005841304366505984
2014-09-15,1.5799063683179853,-0.000753372065745439
2014-09-16,1.5918162814315753,0.007538366419947762
2014-09-17,1.5939601816544322,0.0013468264195217738
2014-09-18,1.6024563128154345,0.0053302028863631
2014-09-19,1.6010126374696334,-0.000900914011979892
2014-09-22,1.5886477415816647,-0.007723171946669494
2014-09-23,1.5795538792146224,-0.005724278661038085
2014-09-24,1.5919186265610388,0.007827999734054236
2014-09-25,1.5662316330227448,-0.01613587096080693
2014-09-26,1.578676147182691,0.00794551322905468
2014-09-29,1.5758045418956217,-0.0018189958036636256
2014-09-30,1.571655776342764,-0.002632791975498927
2014-10-01,1.550357888588782,-0.013551241992404983
2014-10-02,1.55059644632161,0.00015387268616096073
2014-10-03,1.5676680298324874,0.011009688272777485
2014-10-06,1.5658329474966477,-0.0011705809526751931
2014-10-07,1.541662266123179,-0.015436309098049827
2014-10-08,1.568624785970187,0.017489251984360132
2014-10-09,1.5375143918196346,-0.01983290996598064
2014-10-10,1.5199648015937877,-0.01141426078300134
2014-10-13,1.4949958579188134,-0.0164273170331265
2014-10-14,1.497309392594279,0.001547519120679297
2014-10-15,1.4871782645682463,-0.006766222182363557
2014-10-16,1.4859022926348755,-0.0008579818329588207
2014-10-17,1.5034515857776183,0.011810529689420868
2014-10-20,1.5180501009859708,0.009710000206492708
2014-10-21,1.548123526560637,0.019810561953873318
2014-10-22,1.5371152606688818,-0.0071107154583532894
2014-10-23,1.5549837696072955,0.011624703361957422
2014-10-24,1.566949979969168,0.0076953924508771365
2014-10-27,1.564796276003866,-0.0013744561044279902
2014-10-28,1.5827445517558094,0.011470039919687869
2014-10-29,1.580351250266814,-0.0015121211356187159
2014-10-30,1.5904822297512946,0.006410587192416939
2014-10-31,1.6086702515684834,0.011435539157223396
2014-11-03,1.6095479836004145,0.0005456258242328982
2014-11-04,1.6039635639455747,-0.0034695577340589923
2014-11-05,1.6140948405131597,0.006316400693456625
2014-11-06,1.6205562494921695,0.004003116060364631
2014-11-07,1.622071373324577,0.0009349406001071259
2014-11-10,1.627177340639791,0.003147806809973286
2014-11-11,1.6287728254519371,0.0009805230028085976
2014-11-12,1.6270172128465228,-0.0010778744450916644
2014-11-13,1.6288530378901234,0.0011283378129656185
2014-11-14,1.6292514263331153,0.0002445821898751088
2014-11-17,1.6302883949090012,0.0006364693374674157
2014-11-18,1.6397019186963713,0.0057741463515081914
2014-11-19,1.637068722600578,-0.0016058992587425491
2014-11-20,1.6399407735123037,0.0017543862832851698
2014-11-21,1.648716162791436,0.0053510403673528995
2014-11-24,1.6533426379761587,0.0028061077395453715
2014-11-25,1.6521452445239,-0.0007242258348362229
2014-11-26,1.6563736283487351,0.0025593293560903785
2014-11-28,1.6528638885534284,-0.0021189300138796385
2014-12-01,1.6413767246973907,-0.006949854694987101
2014-12-02,1.6519863050630497,0.006463830153077721
2014-12-03,1.65836794722853,0.0038630115430871026
2014-12-04,1.6565333105173468,-0.0011062905034128212
2014-12-05,1.6592455307189087,0.0016372868473830682
2014-12-08,1.6481570523889673,-0.006682843572365704
2014-12-09,1.6470401684579994,-0.0006776562520841578
2014-12-10,1.620635867764147,-0.01603136414005779
2014-12-11,1.6288530378901236,0.005070337075356202
2014-12-12,1.6025283554682488,-0.016161484068552667
2014-12-15,1.591519495410285,-0.006869681912584413
2014-12-16,1.5787562110793243,-0.008019558898127332
2014-12-17,1.609706923061265,0.019604491032077176
2014-12-18,1.6495130882189724,0.024728827706105516
2014-12-19,1.6565318251018248,0.004255035581700595
2014-12-22,1.6641512640217613,0.004599633284720017
2014-12-23,1.6663975093740817,0.0013497843620848826
2014-12-24,1.666558379875111,9.653789094388188e-05
2014-12-26,1.6719318705258315,0.003224303880145607
2014-12-29,1.6741779673365997,0.00134341407707117
2014-12-30,1.6651950655090484,-0.0053655596972417285
2014-12-31,1.6486702634518073,-0.009923643421432704
2015-01-02,1.6477891149641757,-0.0005344601083462353
2015-01-05,1.6180300033139579,-0.018060024416938103
2015-01-06,1.6027894915170104,-0.009419177497161701
2015-01-07,1.6227628342500533,0.012461613230405177
2015-01-08,1.6515586539342748,0.01774493418043388
2015-01-09,1.6383240472581937,-0.008013403971184552
2015-01-12,1.6254897600652831,-0.00783379039964005
2015-01-13,1.620917948171769,-0.002812575019439323
2015-01-14,1.611132327796146,-0.006037085582684898
2015-01-15,1.5963732391698686,-0.00916069299314859
2015-01-16,1.6173079428287291,0.013113915433552892
2015-01-20,1.6207578203785005,0.0021330987491086084
2015-01-21,1.6289390434488453,0.0050477763966205735
2015-01-22,1.6531630512395528,0.014871033933485656
2015-01-23,1.6440988971829498,-0.0054829159469821365
2015-01-26,1.6479495398405481,0.0023420991670246583
2015-01-27,1.6262116720089592,-0.01319085767255479
2015-01-28,1.6053567351636284,-0.012824244964105724
2015-01-29,1.620196036228092,0.009243615913786973
2015-01-30,1.5998220769287743,-0.012574996385467885
2015-02-02,1.6196342520776834,0.012383986591148366
2015-02-03,1.6430561354865278,0.014461217635276968
2015-02-04,1.6367992682248929,-0.0038080666427031673
2015-02-05,1.6533231790328207,0.010095257939507718
2015-02-06,1.648751812763963,-0.0027649562570892794
2015-02-09,1.6413718228261678,-0.004476107247108008
2015-02-10,1.658858134350779,0.010653473686725423
2015-02-11,1.6598208321505665,0.0005803376309598818
2015-02-12,1.6757823646418772,0.009616418942416827
2015-02-13,1.6826807828674502,0.004116535876690142
2015-02-17,1.6853277933275979,0.001573091276193761
2015-02-18,1.6854883667455225,9.52772621209963e-05
2015-02-19,1.6842853287142803,-0.0007137622869299864
2015-02-20,1.694391501759544,0.006000273749922291
2015-02-23,1.6941510129865371,-0.00014193223511627107
2015-02-24,1.6989636107361625,0.0028407135566630437
2015-02-25,1.697519638307257,-0.0008499136884277947
2015-02-26,1.6955155156850172,-0.0011806182249757269
2015-02-27,1.6897396259693955,-0.0034065684814970076
2015-03-02,1.7004075831650676,0.006313373392987653
2015-03-03,1.6934293981259647,-0.004103830815735288
2015-03-04,1.6862903425858327,-0.004215738517373335
2015-03-05,1.6881353772056695,0.0010941381642544101
2015-03-06,1.6643924955025278,-0.014064560238316148
2015-03-09,1.6712906166449963,0.004144527904991424
2015-03-10,1.6441789610795827,-0.016221987543877048
2015-03-11,1.6403293582128495,-0.002341352710294675
2015-03-12,1.6611841465166284,0.012713781046082229
2015-03-13,1.650997463950074,-0.006132181424867933
2015-03-16,1.6730557359097513,0.013360572890828148
2015-03-17,1.6680825647422015,-0.0029725077657652976
2015-03-18,1.6881353772056698,0.012021474768287188
2015-03-19,1.6804346860566817,-0.004561654979196583
2015-03-20,1.6952678969175052,0.0088270082639339
2015-03-23,1.6919649269628565,-0.0019483469017814725
2015-03-24,1.682457376372946,-0.005619236213706191
2015-03-25,1.6578030437055244,-0.014653763604146386
2015-03-26,1.6538554034143416,-0.0023812480657287027
2015-03-27,1.6576415790382868,0.0022893026900228097
2015-03-30,1.67786447157902,0.012199798072431323
2015-03-31,1.6632010437123574,-0.008739339866266405
2015-04-01,1.6573193924115717,-0.003536344161772287
2015-04-02,1.6632819988583045,0.003597741312890035
2015-04-06,1.674480695019976,0.0067328908563661916
2015-04-07,1.670049254893288,-0.0026464563848764833
2015-04-08,1.675689674713306,0.0033773972854342915
2015-04-09,1.6831020467094802,0.004423475365414653
2015-04-10,1.6922868165064668,0.00545704867684238
2015-04-13,1.6846329159464206,-0.004522815213940379
2015-04-14,1.687855822004435,0.0019131206730600425
2015-04-15,1.6954290645016385,0.004486901309028735
2015-04-16,1.69494571029079,-0.00028509255914555
2015-04-17,1.6754474034416729,-0.011503794328475592
2015-04-20,1.6907562443526305,0.00913716591730096
2015-04-21,1.6887418723632892,-0.001191402957149812
2015-04-22,1.6970401461767652,0.004913879349638606
2015-04-23,1.701310567260872,0.0025163936714918123
2015-04-24,1.7052586531767113,0.0023206144673491025
2015-04-27,1.6981680221825954,-0.0041580970610568535
2015-04-28,1.703566616355637,0.0031790695046201023
2015-04-29,1.6965578317567818,-0.004114182874661476
2015-04-30,1.6795565084000934,-0.010021069154526607
2015-05-01,1.6977657716592467,0.010841709206020678
2015-05-04,1.7025997593923883,0.002847264218560186
2015-05-05,1.68310204670948,-0.011451729964925272
2015-05-06,1.6761725832994978,-0.004117078595162749
2015-05-07,1.6828602210625037,0.003989826483047132
2015-05-08,1.7050168275297353,0.013166040880830066
2015-05-11,1.6968795727588406,-0.004772536340702294
2015-05-12,1.6918034622956182,-0.00299143825213799
2015-05-13,1.692125351839229,0.00019026414757061794
2015-05-14,1.709770899907795,0.01042803835388817
2015-05-15,1.7116235101467936,0.0010835429700544186
2015-05-18,1.7169414462569925,0.0031069543498749574
2015-05-19,1.7163771369001968,-0.0003286712881361842
2015-05-20,1.7151686028315234,-0.00070411918376867
2015-05-21,1.7201643523150074,0.0029126871114808495
2015-05-22,1.716054950273482,-0.0023889589596453042
2015-05-26,1.6976044555335614,-0.010751692267768176
2015-05-27,1.7137182431158737,0.009492074275481155
2015-05-28,1.7117846777309276,-0.001128286632130715
2015-05-29,1.701149548218291,-0.006212889769952934
2015-06-01,1.70461413138173,0.002036612928632664
2015-06-02,1.7029220945606558,-0.0009926216085646145
2015-06-03,1.7074337471255303,0.0026493593449079533
2015-06-04,1.6930116992811877,-0.008446622229777434
2015-06-05,1.6901112769329925,-0.0017131732458947058
2015-06-08,1.679717675984228,-0.006149654813040195
2015-06-09,1.679475998878804,-0.0001438795988633057
2015-06-10,1.6996186789813512,0.011993431353585438
2015-06-11,1.7050974855925791,0.0032235504816360283
2015-06-12,1.6920455850257,-0.0076546359824952726
2015-06-15,1.6847937864474505,-0.004285817499496747
2015-06-16,1.693979001869094,0.005451833628263403
2015-06-17,1.6967181080916034,0.0016169658652718244
2015-06-18,1.714362616369304,0.010399198425215417
2015-06-19,1.706752535567156,-0.00443901466905805
2015-06-22,1.7154964340372225,0.005123120246111723
2015-06-23,1.7167104641433273,0.0007076844241802327
2015-06-24,1.7042423318765816,-0.007262804373344034
2015-06-25,1.699061351077508,-0.003040049353408847
2015-06-26,1.6987372334106146,-0.00019076278010088377
2015-06-29,1.6631142954458746,-0.020970246171162388
2015-06-30,1.666595812346264,0.0020933720009039813
2015-07-01,1.6799541541353253,0.00801534582656549
2015-07-02,1.6784157092792227,-0.0009157659763009418
2015-07-06,1.673639058585229,-0.0028459282569780475
2015-07-07,1.684164118807688,0.006288727649171877
2015-07-08,1.6559085447488064,-0.016777209384371106
2015-07-09,1.6589040336904077,0.0018089700370835793
2015-07-10,1.679792392384983,0.012591661886617311
2015-07-13,1.6983324576808785,0.011037117074671476
2015-07-14,1.7057002672113937,0.004338261037874824
2015-07-15,1.705132987023554,-0.0003325790578476706
2015-07-16,1.7188158921041654,0.008024538370168921
2015-07-17,1.720272787648112,0.0008476158212402662
2015-07-20,1.7211635913366363,0.0005178269951837677
2015-07-21,1.714363061993961,-0.003951123168596804
2015-07-22,1.7112866179064123,-0.0017945114169517495
2015-07-23,1.7016517672062692,-0.005630179421335257
2015-07-24,1.684002357057346,-0.010371928316390888
2015-07-27,1.6742057446068606,-0.005817457683137794
2015-07-28,1.6947702827176465,0.012283160643207003
2015-07-29,1.706428566441815,0.00687897577804697
2015-07-30,1.7068339363377603,0.00023755456508234296
2015-07-31,1.704242331876582,-0.0015183694242327794
2015-08-03,1.6984946650558779,-0.003372564284549462
2015-08-04,1.6951749099058309,-0.0019545278642001396
2015-08-05,1.7007614091424017,0.003295529684828269
2015-08-06,1.686835935707053,-0.008187787752293008
2015-08-07,1.6835971357029533,-0.0019200444664122518
2015-08-10,1.704809612064422,0.012599496584800196
2015-08-11,1.6894265003773659,-0.009023360484475496
2015-08-12,1.6914503790260478,0.001197967859643434
2015-08-13,1.689345842314523,-0.0012442201897383542
2015-08-14,1.6954982848649633,0.0036419082442060713
2015-08-17,1.7049712252732119,0.0055871129406674935
2015-08-18,1.7000329613704281,-0.0028963913464242763
2015-08-19,1.686593218810763,-0.007905577635877736
2015-08-20,1.6513750565757594,-0.020881242638836395
2015-08-21,1.601664437800672,-0.03010256124260835
2015-08-24,1.5342233051891614,-0.042106905179287946
2015-08-25,1.5161682280611886,-0.011768219832736015
2015-08-26,1.5743801769516053,0.03839412263958053
2015-08-27,1.6133227215248398,0.024735159361976455
2015-08-28,1.6134042708369958,5.054742679067026e-05
2015-08-31,1.6003687098408583,-0.008079537925962499
2015-09-01,1.552601608734714,-0.029847560010651697
2015-09-02,1.5820715099828047,0.018980980750179066
2015-09-03,1.583205179109171,0.0007165726196400879
2015-09-04,1.5592403763270473,-0.015136890087492083
2015-09-08,1.5984253407134674,0.025130804064171564
2015-09-09,1.5770521423925217,-0.013371408583528588
2015-09-10,1.5856341305706938,0.005441791014691777
2015-09-11,1.5928398812677622,0.00454439681774188
2015-09-14,1.5869289672811937,-0.0037109279194239564
2015-09-15,1.6067646119953498,0.012499390409477229
2015-09-16,1.6206897883475941,0.008666593879579798
2015-09-17,1.617046955321519,-0.0022477052994757107
2015-09-18,1.5906221558934635,-0.016341392772234897
2015-09-21,1.5988417026842754,0.00516750427520285
2015-09-22,1.5780900022177213,-0.012979208905868789
2015-09-23,1.5755664297874494,-0.0015991308649858649
2015-09-24,1.5698695641775966,-0.0036157571665330623
2015-09-25,1.5694628574076817,-0.00025907042164230454
2015-09-28,1.5300732027623345,-0.02509753860018582
2015-09-29,1.5309680170727682,0.0005848179739493808
2015-09-30,1.5595341915172933,0.018658896937079117
2015-10-01,1.5636031902566214,0.0026091115933593034
2015-10-02,1.586959566840947,0.014937534490763182
2015-10-05,1.6151996925784002,0.017795113579149868
2015-10-06,1.6096659255928594,-0.003426057478197686
2015-10-07,1.6228492854334329,0.008190121708464337
2015-10-08,1.6374983047695322,0.00902672815497274
2015-10-09,1.6384748169336742,0.0005963439237144375
2015-10-12,1.6400211344920432,0.0009437542416812494
2015-10-13,1.6296854647486354,-0.0063021564332517155
2015-10-14,1.621872921810843,-0.004793896188426405
2015-10-15,1.6467760615781943,0.015354556718011336
2015-10-16,1.6542632985166756,0.004546602973634295
2015-10-19,1.6550773062227144,0.0004920665934913249
2015-10-20,1.6529611832701183,-0.0012785644178915367
2015-10-21,1.6427067657557621,-0.006203665045581674
2015-10-22,1.6704584868695922,0.016893898346526992
2015-10-23,1.688769352550448,0.01096158080238796
2015-10-26,1.684618655957412,-0.0024578232585565907
2015-10-27,1.6813635163825706,-0.001932270881205067
2015-10-28,1.7004888353941217,0.011374886409275087
2015-10-29,1.6995120261468752,-0.0005744284978030922
2015-10-30,1.6921872936664972,-0.0043099032944089455
2015-11-02,1.7122072784469295,0.0118308327070904
2015-11-03,1.7171716856628998,0.0028994195261646816
2015-11-04,1.711963076135118,-0.003033249133601479
2015-11-05,1.71025455120175,-0.0009979916957234547
2015-11-06,1.709359439808212,-0.0005233790448966325
2015-11-09,1.6934080081424507,-0.009331818278986992
2015-11-10,1.6973147995067797,0.002307058514867011
2015-11-11,1.6906411246496804,-0.003931901647849068
2015-11-12,1.667040545753543,-0.013959543839339394
2015-11-13,1.6483222305950114,-0.0112284702409986
2015-11-16,1.673388023362018,0.015206852338549348
2015-11-17,1.6721674574276166,-0.0007293980340250528
2015-11-18,1.6986981669823884,0.015866060206425336
2015-11-19,1.697233101653071,-0.0008624635958252025
2015-11-20,1.7034186689696518,0.0036445007527581286
2015-11-23,1.7014656446413678,-0.0011465321848710408
2015-11-24,1.7037438264274105,0.001338952563172624
2015-11-25,1.7034994755740467,-0.000143419949392376
2015-11-27,1.7054527969854352,0.0011466521941430052
2015-11-30,1.6983722668168688,-0.0041517010503497875
2015-12-01,1.7145677522528895,0.009535886655977155
2015-12-02,1.697070597194968,-0.010204994836121695
2015-12-03,1.6733064740498622,-0.014003025675175085
2015-12-04,1.7059410530675063,0.019503049515286586
2015-12-07,1.6956056804072028,-0.006058458257815591
2015-12-08,1.6842118006459448,-0.006719651799303783
2015-12-09,1.6711092474097666,-0.007779635097648008
2015-12-10,1.6754222999193538,0.0025809518535502285
2015-12-11,1.6429512651506784,-0.019380806122873295
2015-12-14,1.6512519156289898,0.005052280401969256
2015-12-15,1.6685859720625993,0.010497523890536486
2015-12-16,1.6930007072063273,0.014631991130518829
2015-12-17,1.6672030502116468,-0.015237830016769482
2015-12-18,1.6375017212252336,-0.01781506396754895
2015-12-21,1.6510099414404613,0.008249286116853938
2015-12-22,1.665991248228825,0.00907402579011296
2015-12-23,1.686622184413443,0.012383580169794683
2015-12-24,1.6838388128083788,-0.0016502638414139792
2015-12-28,1.6799903982740632,-0.0022855005509090365
2015-12-29,1.6979196607073253,0.010672241014997308
2015-12-30,1.6858849726898901,-0.0070879019166441015
2015-12-31,1.6690200104781183,-0.010003625683229878
2016-01-04,1.645688737416114,-0.013979025365502218
2016-01-05,1.6484721090211782,0.0016913110856153768
2016-01-06,1.627677925670696,-0.012614216059032679
2016-01-07,1.5886272428474617,-0.023991652284123144
2016-01-08,1.5711898014935233,-0.01097642095239626
2016-01-11,1.5727451800865764,0.0009899367928525304
2016-01-12,1.5854349363491995,0.008068539279786346
2016-01-13,1.5458925809881938,-0.024941014263291317
2016-01-14,1.5712713508056793,0.016416903819580053
2016-01-15,1.5375421690898965,-0.021466172407768935
2016-01-19,1.5395893687622733,0.001331475463589138
2016-01-20,1.5198591885501767,-0.012815222430353823
2016-01-21,1.5283729961558905,0.005601708151552698
2016-01-22,1.5597284838675676,0.020515599130932927
2016-01-25,1.536150334745812,-0.015116829221000105
2016-01-26,1.5571085079699198,0.013643308698413126
2016-01-27,1.5401616993628877,-0.010883511662990397
2016-01-28,1.548184577138591,0.0052091139385053165
2016-01-29,1.5859254205545534,0.024377483132997257
2016-02-01,1.5853523472461781,-0.000361349468864014
2016-02-02,1.5567812709304305,-0.018021909366316424
2016-02-03,1.566113691030301,0.00599468934662406
2016-02-04,1.5685693799712193,0.0015680144774818938
2016-02-05,1.5386880186235434,-0.019050073097961473
2016-02-08,1.5179759787514258,-0.01346084431764527
2016-02-09,1.5180578251466863,5.39181096448349e-05
2016-02-10,1.5167478371978624,-0.0008629367914211317
2016-02-11,1.4970176569857658,-0.013008213842946592
2016-02-12,1.527881769242776,0.020617066280403717
2016-02-16,1.5536702166612204,0.016878562162061295
2016-02-17,1.5790486893956015,0.016334529980833734
2016-02-18,1.5725813387545036,-0.004095725916832493
2016-02-19,1.5718441270309507,-0.00046879083795869914
2016-02-22,1.594603218033893,0.014479228958873769
2016-02-23,1.5744641029285984,-0.01262954625798729
2016-02-24,1.581668368210145,0.004575693576084783
2016-02-25,1.6008253265723138,0.012111867915679086
2016-02-26,1.5971416446193845,-0.002301114238876245
2016-02-29,1.5846157296888344,-0.007842707610028699
2016-03-01,1.62186519765013,0.023506940681833344
2016-03-02,1.6291511607853846,0.004492335827793292
2016-03-03,1.6355371106558787,0.003919801933796929
2016-03-04,1.6408580175971215,0.003253308596042226
2016-03-07,1.6421678570043934,0.0007982649279978382
2016-03-08,1.6242396343619967,-0.010917411740783312
2016-03-09,1.6322622150545953,0.00493928391037568
2016-03-10,1.6335719059203146,0.0008023777390910869
2016-03-11,1.6599329810224777,0.01613707667634734
2016-03-14,1.6578042320379447,-0.001282430681762592
2016-03-15,1.655102706828141,-0.0016295803555059774
2016-03-16,1.664680814655345,0.005787017196992927
2016-03-17,1.6752424160996442,0.0063445204337782
2016-03-18,1.681825777693008,0.00392979638653812
2016-03-21,1.6842118006459457,0.0014187099428399907
2016-03-22,1.6833070340515148,-0.0005372047589762285
2016-03-23,1.672197908445818,-0.006599583665350961
2016-03-24,1.6714565375588035,-0.0004433511627242037
2016-03-28,1.672444635964017,0.0005911600948096396
2016-03-29,1.6879147930006608,0.009250026400859923
2016-03-30,1.6953212233347472,0.00438791718918452
2016-03-31,1.6912064737973427,-0.0024271208787858267
2016-04-01,1.7027264653364158,0.0068117002374090685
2016-04-04,1.6972133456266303,-0.003237818770084222
2016-04-05,1.680262080773032,-0.009987704195985825
2016-04-06,1.6986127555898765,0.010921316993835806
2016-04-07,1.6782869237534705,-0.011966136348332879
2016-04-08,1.6828131333904603,0.0026969224230544153
2016-04-11,1.6788632649759943,-0.0023471818326661342
2016-04-12,1.6944978575109197,0.009312606250366118
2016-04-13,1.7116141520290087,0.010101101303976456
2016-04-14,1.711696592590478,4.8165389010979e-05
2016-04-15,1.7098035790492814,-0.0011059282056123942
2016-04-18,1.721817471249409,0.007026475056747694
2016-04-19,1.7272493387301429,0.003154728983434163
2016-04-20,1.7288948820453793,0.0009526958721814971
2016-04-21,1.7195958837947531,-0.005378579315143184
2016-04-22,1.7195958837947531,0.0
2016-04-25,1.7166336681608438,-0.0017226231243193668
2016-04-26,1.7191844236951679,0.0014859055730025439
2016-04-27,1.722723129093153,0.0020583628778925167
2016-04-28,1.7070883880166754,-0.009075597124366563
2016-04-29,1.6978722759521752,-0.005398731623502906
2016-05-02,1.711366978886153,0.007948008295506126
2016-05-03,1.696473014530481,-0.00870296350194033
2016-05-04,1.6870094322400206,-0.0055783865757979
2016-05-05,1.6866801156188003,-0.00019520733845757032
2016-05-06,1.6928524627372352,0.003659465159563169
2016-05-09,1.6942509814511686,0.0008261314820501298
2016-05-10,1.715316698759067,0.012433646218020789
2016-05-11,1.6992707946661085,-0.009354484862513557
2016-05-12,1.6997645467856108,0.0002905670603250421
2016-05-13,1.6849525773667513,-0.008714130111061591
2016-05-16,1.7015752683068899,0.00986537613190075
2016-05-17,1.6856933540875567,-0.00933365365326222
2016-05-18,1.6861865120408501,0.000292554960899416
2016-05-19,1.680343927168292,-0.0034649695219578502
2016-05-20,1.6909594491960387,0.006317469808478915
2016-05-23,1.6886554211799136,-0.0013625566344719342
2016-05-24,1.71054391014543,0.012962081364250366
2016-05-25,1.7221470849537335,0.00678332473050447
2016-05-26,1.7226406885316836,0.000286621033861012
2016-05-27,1.730046524699561,0.004299118334532004
2016-05-31,1.726754695361327,-0.0019027403548038668
2016-06-01,1.7302935493008642,0.0020494248251032854
2016-06-02,1.7355605356586596,0.0030439842764966585
2016-06-03,1.7303756927792293,-0.002987416902437645
2016-06-06,1.73918138453501,0.005088890113589928
2016-06-07,1.7418964270260635,0.001561103698093813
2016-06-08,1.7475745764003396,0.003259751433080549
2016-06-09,1.745187959281193,-0.0013656739754491776
2016-06-10,1.7286480059856277,-0.009477462417502358
2016-06-13,1.7153166987590664,-0.007711984846192066
2016-06-14,1.7119433201086762,-0.001966621471609642
2016-06-15,1.7095565544479776,-0.001394184978359636
2016-06-16,1.714658511141282,0.0029843743279682755
2016-06-17,1.708273452520101,-0.0037238077317978124
2016-06-20,1.7192742913342463,0.006439741130388921
2016-06-21,1.7241543269485688,0.0028384276080435367
2016-06-22,1.7213416926577219,-0.0016313123755138381
2016-06-23,1.7437586924659545,0.013022980796811634
2016-06-24,1.681141298220484,-0.03590943776568045
2016-06-27,1.6510323712148427,-0.017909813433000688
2016-06-28,1.6808112388915029,0.01803651351472202
2016-06-29,1.7094308882948188,0.01702728345759441
2016-06-30,1.732757408027153,0.013645781114674183
2016-07-01,1.7363965275144233,0.0021001898306201028
2016-07-05,1.7239065596395047,-0.007193038961438969
2016-07-06,1.7342460914632698,0.005997733326061017
2016-07-07,1.7331712447915735,-0.0006197774796709021
2016-07-08,1.7589784084455948,0.01489014067800598
2016-07-11,1.7651822463730955,0.0035269551335670446
2016-07-12,1.7780033133678608,0.007263310641781429
2016-07-13,1.7777556946003488,-0.00013926788867624218
2016-07-14,1.787681092576589,0.005583105713786729
2016-07-15,1.7852825921332667,-0.0013416825032619428
2016-07-18,1.7900800386445679,0.0026872196774005985
2016-07-19,1.7882601075470523,-0.00101667582355347
2016-07-20,1.7957048616016054,0.004163127065874628
2016-07-21,1.7889227514114023,-0.0037768512717362146
2016-07-22,1.7969456291871055,0.004484753614639514
2016-07-25,1.7920651479481264,-0.0027159871504776056
2016-07-26,1.792892524393863,0.000461688821237205
2016-07-27,1.790990004193326,-0.0010611457043027128
2016-07-28,1.7930578511414583,0.0011545831876731416
2016-07-29,1.795952480369118,0.0016143535055586078
2016-08-01,1.7944640940161058,-0.0008287448411253839
2016-08-02,1.782966977876071,-0.006406991468023038
2016-08-03,1.788177815527136,0.0029225654292668324
2016-08-04,1.7900800386445683,0.0010637773832753439
2016-08-05,1.8047210367368494,0.008178962826358882
2016-08-08,1.8036457444404963,-0.0005958218885159239
2016-08-09,1.8047210367368491,0.0005961771038838215
2016-08-10,1.8002549864284991,-0.0024746485564467458
2016-08-11,1.808608814782497,0.004640358403100953
2016-08-12,1.8070372451602545,-0.0008689383847946264
2016-08-15,1.8122485284359762,0.0028838826037917986
2016-08-16,1.8029014027224382,-0.005157750477857936
2016-08-17,1.806292754900644,0.0018810524929897543
2016-08-18,1.8103463053185433,0.002244127042475119
2016-08-19,1.807698700692187,-0.0014624851712504716
2016-08-22,1.8076161115891656,-4.568742732946607e-05
2016-08-23,1.8112555281595402,0.0020133791389893574
2016-08-24,1.8019914371736805,-0.0051147344158961605
2016-08-25,1.8007505210466281,-0.0006886359732090064
2016-08-26,1.7973594659515266,-0.0018831343128700162
2016-08-29,1.8062101657976228,0.0049242792072261565
2016-08-30,1.8032319076760763,-0.0016488989919017927
2016-08-31,1.7981039562111372,-0.0028437559490325226
2016-09-01,1.7981863967726064,4.5848606908593936e-05
2016-09-02,1.8062927549006442,0.00450807443688106
2016-09-06,1.8117521025685344,0.0030224046755866762
2016-09-07,1.8115869243624916,-9.117042326522995e-05
2016-09-08,1.8074507848415706,-0.0022831581887114982
2016-09-09,1.764189543179765,-0.023934948616372798
2016-09-12,1.7895011722156573,0.014347454406894888
2016-09-13,1.7637763005815532,-0.014375442739863131
2016-09-14,1.7631139538003076,-0.00037552765678239286
2016-09-15,1.7807327643894781,0.009993007287585787
2016-09-16,1.7738496459437814,-0.003865329252846439
2016-09-19,1.7741826761038069,0.000187744299967596
2016-09-20,1.774264819582172,4.629933516508977e-05
2016-09-21,1.794217366497907,0.011245529244295005
2016-09-22,1.8055240523680256,0.006301736947395442
2016-09-23,1.7956307393670599,-0.005479468959712963
2016-09-26,1.7810819855786932,-0.00810230826940228
2016-09-27,1.7921395672657774,0.006208350753427849
2016-09-28,1.8010349781190846,0.004963570369063808
2016-09-29,1.7847399698430921,-0.009047580126961385
2016-09-30,1.798208083839227,0.007546261205389371
2016-10-03,1.7938850790456424,-0.002404062595667278
2016-10-04,1.7847399698430921,-0.005097934817215544
2016-10-05,1.79263807271495,0.004425352155110973
2016-10-06,1.7938850790456422,0.0006956263786161987
2016-10-07,1.7877327850367537,-0.003429592051772623
2016-10-10,1.7970441122362122,0.005208455803570766
2016-10-11,1.7743482999345057,-0.012629524310042717
2016-10-12,1.7766760945989821,0.001311915290003851
2016-10-13,1.770856830750119,-0.003275365648557682
2016-10-14,1.7717711040038904,0.0005162886337819472
2016-10-17,1.765619552702763,-0.003471978568352352
2016-10-18,1.776676094598982,0.00626213154430344
2016-10-19,1.7814150157387176,0.0026672960558999925
2016-10-20,1.7780896160096873,-0.0018667181424040225
2016-10-21,1.778921003077333,0.0004675732089991502
2016-10-24,1.7864857787060613,0.004252451691582726
2016-10-25,1.7805002968602899,-0.0033504223303174596
2016-10-26,1.7769253473235687,-0.00200783428288398
2016-10-27,1.7721867232669375,-0.0026667547197570807
2016-10-28,1.7669491481364772,-0.0029554307464876306
2016-10-31,1.7670324799472596,4.716140861793505e-05
2016-11-01,1.7542296835634146,-0.007245365622383537
2016-11-02,1.7436717956579202,-0.006018532239203567
2016-11-03,1.7356905095168322,-0.004577286941821801
2016-11-04,1.7337784826569547,-0.0011015943507174386
2016-11-07,1.7720200596453728,0.02205678370734776
2016-11-08,1.780001494328013,0.004504144656374498
2016-11-09,1.7988731043684119,0.01060201921208126
2016-11-10,1.8033620300758,0.0024954098743747988
2016-11-11,1.799205391820676,-0.0023049383239754917
2016-11-14,1.8006187646898288,0.0007855539315178017
2016-11-15,1.8146688644874704,0.00780292867827681
2016-11-16,1.8112602814892098,-0.001878349854877448
2016-11-17,1.8205714601471161,0.005140718180078885
2016-11-18,1.8164983022443268,-0.002237296361033869
2016-11-21,1.8302152233403912,0.007551298605188217
2016-11-22,1.8337900243355603,0.001953213452483782
2016-11-23,1.8347874808585622,0.0005439316987032594
2016-11-25,1.8416047953966361,0.003715588104451051
2016-11-28,1.8329589343510195,-0.00469474290424754
2016-11-29,1.8365328440968751,0.0019498035001646041
2016-11-30,1.832127101658717,-0.0023989456286171995
2016-12-01,1.8253931189314259,-0.003675499762650025
2016-12-02,1.826307689268302,0.0005010265062308505
2016-12-05,1.8372813449783953,0.0060086565777368595
2016-12-06,1.8431010544519149,0.0031675657565597426
2016-12-07,1.867210239622774,0.013080772273785346
2016-12-08,1.8717822000578406,0.0024485515010832515
2016-12-09,1.8830885888448547,0.006040440381720025
2016-12-12,1.8809277548850474,-0.0011474945855483032
2016-12-13,1.8934805558365453,0.006673728386907163
2016-12-14,1.8778516078806033,-0.008254084208980439
2016-12-15,1.8855831956724485,0.004117251735652916
2016-12-16,1.8818952060145056,-0.0019558880596768358
2016-12-19,1.885992724731855,0.002177336285386078
2016-12-20,1.8932678443337994,0.003857448391259677
2016-12-21,1.8879996696435863,-0.0027825828796382845
2016-12-22,1.8847382913235529,-0.001727425259904436
2016-12-23,1.8874980448218177,0.0014642635059569642
2016-12-27,1.892180817254823,0.002480941607251985
2016-12-28,1.8765432538888536,-0.008264307101821466
2016-12-29,1.8761251094194196,-0.0002228269817748929
2016-12-30,1.8692679857453571,-0.0036549394492056964
2017-01-03,1.8835674868091374,0.007649786532923697
2017-01-04,1.8947733129653144,0.0059492565223453475
2017-01-05,1.8932678443337996,-0.0007945375951906586
2017-01-06,1.9000414876555276,0.0035777522668016815
2017-01-09,1.8937699147802252,-0.003300755755097251
2017-01-10,1.8937699147802252,0.0
2017-01-11,1.8991217183643248,0.002826005177466673
2017-01-12,1.8943551684958806,-0.0025098706535511273
2017-01-13,1.898703870977995,0.002295610957457006
2017-01-17,1.8920140050917065,-0.003523385604540241
2017-01-18,1.8961947070782863,0.002209656997955056
2017-01-19,1.8891704741580024,-0.003704383781930831
2017-01-20,1.8961110781843993,0.0036738897422639027
2017-01-23,1.891177716152838,-0.0026018317641417488
2017-01-24,1.903302865975561,0.0064114280319402805
2017-01-25,1.9197771639050552,0.00865563659047508
2017-01-26,1.9177705160764282,-0.001045250389657304
2017-01-27,1.9147597273549506,-0.0015699421261504698
2017-01-30,1.9028848700476793,-0.006201747998781704
2017-01-31,1.9027180578845622,-8.766277232152841e-05
2017-02-01,1.9034699752217827,0.00039518063861576636
2017-02-02,1.9047251513378458,0.0006594147175433829
2017-02-03,1.9178538478872105,0.006892698686812304
2017-02-06,1.9144253603209556,-0.0017876688414145692
2017-02-07,1.9145091377563948,4.376113959603245e-05
2017-02-08,1.9170174104067905,0.0013101387718290614
2017-02-09,1.928390642892293,0.005932774748816261
2017-02-10,1.936000575152889,0.0039462607271223415
2017-02-13,1.946537221616419,0.005442481060573989
2017-02-14,1.954314114581684,0.0039952449297666615
2017-02-15,1.9645165425527713,0.005220464763040944
2017-02-16,1.962843964675035,-0.0008513941427863436
2017-02-17,1.9659376395826385,0.0015761186132365879
2017-02-21,1.977645833268345,0.005955526487702922
2017-02-22,1.9758890323305132,-0.0008883294006837295
2017-02-23,1.9772272431742544,0.0006772702423287758
2017-02-24,1.9797358129077545,0.0012687311193795292
2017-02-27,1.9828300819815665,0.0015629707022712935
2017-02-28,1.9774782783974667,-0.0026990732250498084
2017-03-01,2.005157808316929,0.01399738759299729
2017-03-02,1.9925304395062284,-0.006297443901086108
2017-03-03,1.9937851699976352,0.0006297171006921509
2017-03-06,1.98784811269788,-0.0029777818538806455
2017-03-07,1.9819106097734682,-0.002986899696452938
2017-03-08,1.978230641359344,-0.0018567781997720356
2017-03-09,1.9807392110928441,0.001268087593556011
2017-03-10,1.9876807063685544,0.003504497329499756
2017-03-13,1.988684104553644,0.0005048085348289266
2017-03-14,1.9810737266683915,-0.0038268410090001037
2017-03-15,1.9982175013736367,0.008653779248325222
2017-03-16,1.994286646277852,-0.0019671807964261045
2017-03-17,1.9907841850186028,-0.001756247661682031
2017-03-20,1.988600475659757,-0.00109690913524374
2017-03-21,1.9630678167941955,-0.012839511595254205
2017-03-22,1.967687607609069,0.002353352632726624
2017-03-23,1.9655876756856623,-0.0010672079832623194
2017-03-24,1.9641601913690507,-0.0007262379258221596
2017-03-27,1.9621441854226354,-0.0010263958893343972
2017-03-28,1.9764221479613469,0.007276714241892579
2017-03-29,1.9782698563291232,0.0009348753603486415
2017-03-30,1.984568909391582,0.0031841222481887588
2017-03-31,1.9799503069091258,-0.002327257300363539
2017-04-03,1.9765065195629945,-0.0017393301913255499
2017-04-04,1.9777664490087283,0.000637452714303377
2017-04-05,1.971886580206569,-0.002972984401220069
2017-04-06,1.9774305965592116,0.002811529024180359
2017-04-07,1.975414442071244,-0.0010195829332648731
2017-04-10,1.97658999991533,0.0005950942845458496
2017-04-11,1.9742388842271585,-0.0011894807159158471
2017-04-12,1.9655876756856627,-0.004382047487066054
2017-04-13,1.9528215690652102,-0.006494803960346962
2017-04-17,1.970123540523545,0.008859985844286378
2017-04-18,1.964243820262938,-0.0029844424167657646
2017-04-19,1.960632923670585,-0.001838313836145633
2017-04-20,1.9765899999153298,0.008138737267999518
2017-04-21,1.9702916895606317,-0.003186452605228096
2017-04-24,1.9919603370288967,0.010997685054996653
2017-04-25,2.003550588722159,0.005818515297623783
2017-04-26,2.002290659276426,-0.0006288483319690785
2017-04-27,2.003970812773324,0.0008391156843858827
2017-04-28,1.999603542597185,-0.0021793082755008353
2017-05-01,2.004642517672358,0.0025199870713512595
2017-05-02,2.0053985941730397,0.0003771627579562953
2017-05-03,2.002962661258564,-0.0012146876543913665
2017-05-04,2.0053154109038096,0.0011746348001151485
2017-05-05,2.0132095031537585,0.003936583844628583
2017-05-08,2.012873353621137,-0.00016697195800774445
2017-05-09,2.0110254967118086,-0.000918019460093844
2017-05-10,2.014637433095027,0.001796066926612383
2017-05-11,2.010522386474518,-0.0020425742880132436
2017-05-12,2.007162525105378,-0.00167113850198497
2017-05-15,2.018249220936693,0.005523566573530481
2017-05-16,2.01640106694426,-0.0009157213951879184
2017-05-17,1.9806221603497132,-0.017743943494717418
2017-05-18,1.9886004756597573,0.0040281864303868264
2017-05-19,2.001535176941953,0.006504424312734125
2017-05-22,2.0116982414017084,0.0050776346960250685
2017-05-23,2.016148991930182,0.002212434467990798
2017-05-24,2.020852411638942,0.002332873080107767
2017-05-25,2.030511177528989,0.004779550369150121
2017-05-26,2.0300912505609285,-0.00020680849862220185
2017-05-30,2.0283279137948,-0.0008685997566076908
2017-05-31,2.027823912308196,-0.00024848126536947124
2017-06-01,2.0439495832146837,0.007952204729715806
2017-06-02,2.050752340680642,0.003328241323476755
2017-06-05,2.049240633303935,-0.0007371477026842932
2017-06-06,2.042689505227398,-0.0031968564208951777
2017-06-07,2.046469145023046,0.001850325164924005
2017-06-08,2.0474769994547017,0.0004924845478890827
2017-06-09,2.044369510182744,-0.001517716327355756
2017-06-12,2.0439495832146837,-0.00020540658915568777
2017-06-13,2.053943904471143,0.004889710264154745
2017-06-14,2.051340268144237,-0.001267627767846169
2017-06-15,2.0473929249361587,-0.0019242752016220832
2017-06-16,2.0478406291744795,0.00021867040413603434
2017-06-19,2.06488874312011,0.008324922214529407
2017-06-20,2.050962972601657,-0.0067440778903229415
2017-06-21,2.050456445908666,-0.00024697017925612297
2017-06-22,2.0495280612074356,-0.00045276977381436545
2017-06-23,2.051975580362983,0.0011941867017450924
2017-06-26,2.053326120155557,0.0006581656260913338
2017-06-27,2.036784087278261,-0.008056213143600721
2017-06-28,2.0550139978131696,0.008950340219551212
2017-06-29,2.0369529790231087,-0.008788757064078556
2017-06-30,2.0407514835958858,0.001864797377207461
2017-07-03,2.0442113134296545,0.00169537048561752
2017-07-05,2.0489370143712446,0.0023117477682195187
2017-07-06,2.030201319851106,-0.009144104669263409
2017-07-07,2.0433671517885204,0.006484988364789279
2017-07-10,2.0455611105144675,0.0010736977561898176
2017-07-11,2.0440428673094635,-0.0007422135653635253
2017-07-12,2.0594025094312727,0.0075143444237188994
2017-07-13,2.0628630819728024,0.0016803769664655022
2017-07-14,2.0724848610163527,0.004664283891468113
2017-07-17,2.072231597669857,-0.0001222027486229571
2017-07-18,2.073329022657487,0.0005295860698506516
2017-07-19,2.084553416507689,0.005413706038713828
2017-07-20,2.0854822468335756,0.00044557760838914717
2017-07-21,2.0836256259726675,-0.0008902597294833114
2017-07-24,2.083118802196572,-0.00024324128565988978
2017-07-25,2.0881825837109624,0.00243086544514437
2017-07-26,2.088266806771058,4.0333187697472184e-05
2017-07-27,2.0863259628500543,-0.0009294041904562844
2017-07-28,2.083878592236059,-0.0011730528486794123
2017-07-31,2.0826969441883336,-0.0005670426540818063
2017-08-01,2.087339016236037,0.002228875430319688
2017-08-02,2.0883514754558106,0.0004850478105848932
2017-08-03,2.084300004619642,-0.0019400330278620537
2017-08-04,2.088098212109315,0.0018222940465646431
2017-08-07,2.091980939742188,0.0018594564232450317
2017-08-08,2.0868323410014935,-0.00246111168743679
2017-08-09,2.0867476723167413,-4.057282565961273e-05
2017-08-10,2.057292476682318,-0.014115360484251327
2017-08-11,2.060331488298713,0.0014771898749641466
2017-08-14,2.080755357559569,0.009912904489811192
2017-08-15,2.0805032825454908,-0.00012114591615119963
2017-08-16,2.0841314099578985,0.0017438700735759038
2017-08-17,2.0516383910394977,-0.015590676654624658
2017-08-18,2.048431230386016,-0.0015632192629505548
2017-08-21,2.050034290817324,0.0007825795699307747
2017-08-22,2.0714719561719233,0.010457222813600842
2017-08-23,2.064044432937425,-0.003585625773193768
2017-08-24,2.059234211852635,-0.0023304833016334348
2017-08-25,2.064044432937425,0.002335927140828975
2017-08-28,2.0641293987052816,4.116469902526454e-05
2017-08-29,2.0664925462591808,0.0011448640552194078
2017-08-30,2.076282771422922,0.004737604876177137
2017-08-31,2.0887734820056014,0.006015900509601213
2017-09-01,2.0917272307710353,0.0014141067908415295
2017-09-05,2.076704183806504,-0.00718212525205475
2017-09-06,2.0837937750097546,0.003413866673228183
2017-09-07,2.0835408087463634,-0.00012139697623869683
2017-09-08,2.0810935866739206,-0.0011745496234918384
2017-09-11,2.1032897051940367,0.010665603249294886
2017-09-12,2.1103795934803915,0.0033708567435319914
2017-09-13,2.111392498324822,0.0004799633428789196
2017-09-14,2.110717228428535,-0.0003198220590546752
2017-09-15,2.113558382697404,0.0013460610595310563
2017-09-18,2.1180539927746413,0.002127033780585652
2017-09-19,2.1201744234322515,0.0010011220983239255
2017-09-20,2.1209373328443344,0.00035983332486755337
2017-09-21,2.1152548757650447,-0.0026792196974859683
2017-09-22,2.115678813355015,0.00020041915271162836
2017-09-25,2.1113529862719385,-0.0020446520784581645
2017-09-26,2.1126255417496087,0.0006027203816436622
2017-09-27,2.120852812701135,0.003894334698193891
2017-09-28,2.123397180948715,0.0011996911017786438
2017-09-29,2.1308607997803968,0.0035149424227582937
2017-10-02,2.140105877447575,0.004338658662326189
2017-10-03,2.1446861562095645,0.0021402112905983817
2017-10-04,2.1472311186233526,0.0011866362854162649
2017-10-05,2.159953405485907,0.005924973214206597
2017-10-06,2.1574938544646316,-0.0011387055919949152
2017-10-09,2.1539310853351905,-0.0016513461310995181
2017-10-10,2.159614136580689,0.0026384554660039417
2017-10-11,2.163007271257521,0.0015711763594048467
2017-10-12,2.159783771033297,-0.001490286355972037
2017-10-13,2.16241355067339,0.0012176124644340813
2017-10-16,2.1652968907430825,0.0013333897527578742
2017-10-17,2.166823897899666,0.0007052183758780028
2017-10-18,2.168943734391067,0.0009783150783300165
2017-10-19,2.169537454975198,0.0002737371996870408
2017-10-20,2.180733328847378,0.00516048886204068
2017-10-23,2.172251903300043,-0.0038892538739789817
2017-10-24,2.1760688270252926,0.0017571275778149875
2017-10-25,2.1652968907430825,-0.004950181790405628
2017-10-26,2.1680958592111277,0.001292648818742137
2017-10-27,2.1858226595087453,0.008176206887857695
2017-10-30,2.1776800572419717,-0.0037251888808782496
2017-10-31,2.181072894835699,0.0015580055400905568
2017-11-01,2.1839568290716005,0.001322254860316674
2017-11-02,2.1848051498761967,0.00038843295494839225
2017-11-03,2.192099282796822,0.003338573657718946
2017-11-06,2.195492268932102,0.001547825028687111
2017-11-07,2.193964964692414,-0.0006956545742839992
2017-11-08,2.1976967741082554,0.001700943030493729
2017-11-09,2.189724103377195,-0.003627739197231028
2017-11-10,2.1890457141083117,-0.00030980581884110237
2017-11-13,2.1910813275396173,0.0009299090549759192
2017-11-14,2.185992442502906,-0.0023225450250291546
2017-11-15,2.175050871768087,-0.005005310412826036
2017-11-16,2.193541175643997,0.008501090303639103
2017-11-17,2.187094917903311,-0.002938744807830407
2017-11-20,2.190826875860704,0.0017063539066566324
2017-11-21,2.2051618783554594,0.0065431927336219164
2017-11-22,2.2032101909011454,-0.0008850540513468674
2017-11-24,2.208299075937857,0.002309759213046325
2017-11-27,2.2071964519959,-0.0004993091533531668
2017-11-28,2.2295883482818115,0.010144949383940505
2017-11-29,2.2282314212024934,-0.0006085998253282376
2017-11-30,2.247739680335608,0.008755041755306836
2017-12-01,2.2430742872642098,-0.002075593144621468
2017-12-04,2.240359838939365,-0.0012101464228166936
2017-12-05,2.232302648065104,-0.003596382480269389
2017-12-06,2.2327258429473127,0.00018957773605454697
2017-12-07,2.239766266896786,0.003153286361472718
2017-12-08,2.2519799474846183,0.005453104981688384
2017-12-11,2.2587650285058656,0.0030129402479031064
2017-12-12,2.2627520323083807,0.001765125523106148
2017-12-13,2.2624969864632587,-0.00011271488942687924
2017-12-14,2.253252502962289,-0.0040859650007405435
2017-12-15,2.2720158262111365,0.00832721731105579
2017-12-18,2.2864236140664684,0.006341411749476444
2017-12-19,2.277642877291457,-0.0038403805493395504
2017-12-20,2.2764486032117945,-0.0005243465038218265
2017-12-21,2.281137614389992,0.0020597922446312644
2017-12-22,2.2805412200579216,-0.000261446011984634
2017-12-26,2.27781280882717,-0.0011963875972749172
2017-12-27,2.278920631723454,0.00048635379166839243
2017-12-28,2.28361023706786,0.002057818635333275
2017-12-29,2.2749997289116664,-0.003770568206617253
2018-01-02,2.291282705321931,0.007157353121116206
2018-01-03,2.305774419154254,0.006324716630847549
2018-01-04,2.315493641456045,0.00421516615894979
2018-01-05,2.3309241378982524,0.006664020218385858
2018-01-08,2.3351869833631973,0.0018288220520075171
2018-01-09,2.3404723888734646,0.0022633757159160606
2018-01-10,2.336891943299312,-0.0015297961177298536
2018-01-11,2.35394124557736,0.007295717000066926
2018-01-12,2.3692873704179194,0.006519332149598878
2018-01-16,2.3611885879090435,-0.0034182356306771133
2018-01-17,2.383694564107042,0.009531630092253218
2018-01-18,2.379688101361189,-0.0016807785721296709
2018-01-19,2.390514255309951,0.004549400378381252
2018-01-22,2.409951957205772,0.008131180080873657
2018-01-23,2.415066539931013,0.002122275803029483
2018-01-24,2.414129242736651,-0.00038810408693290555
2018-01-25,2.415151654240422,0.0004235115028936587
2018-01-26,2.4431143043583714,0.011578010047051723
2018-01-29,2.4269162937159634,-0.006630066638106835
2018-01-30,2.4020239974819226,-0.010256759286875528
2018-01-31,2.403217380312272,0.0004968238583795692
2018-02-01,2.400489117623073,-0.0011352542269167376
2018-02-02,2.3482308626862576,-0.02176983621927886
2018-02-05,2.250021427118904,-0.04182273435202488
2018-02-06,2.2943523164980792,0.019702429872385574
2018-02-07,2.28190557421485,-0.0054249481187906845
2018-02-08,2.196313703715752,-0.03750894492141654
2018-02-09,2.2293053766248776,0.015021384628848722
2018-02-12,2.262041409522672,0.014684409431316325
2018-02-13,2.267668014978336,0.0024874016151856804
2018-02-14,2.2982730707683148,0.013496268231428576
2018-02-15,2.32759992650164,0.012760387834819475
2018-02-16,2.3282818807677756,0.00029298603182237315
2018-02-20,2.3137034186689696,-0.006261467831377265
2018-02-21,2.302194567746311,-0.004974211832767805
2018-02-22,2.3051781733637364,0.0012959832584202857
2018-02-23,2.3419218573398015,0.015939628615539325
2018-02-26,2.369116102008237,0.011611935122090467
2018-02-27,2.3395349431375507,-0.012486158380170087
2018-02-28,2.3158346928598896,-0.010130325408124419
2018-03-01,2.2821601744353153,-0.0145409853857007
2018-03-02,2.293925110993961,0.005155175649122379
2018-03-05,2.3204381441040214,0.01155793316137177
2018-03-06,2.3263208351956726,0.002535163932983364
2018-03-07,2.325468503769167,-0.00036638601761640466
2018-03-08,2.3367212690558383,0.004838923970990061
2018-03-09,2.3773864500098996,0.01740266650223643
2018-03-12,2.3744018046016087,-0.0012554313196655453
2018-03-13,2.3590571651765715,-0.006462528538893175
2018-03-14,2.346950731589425,-0.005131894964588546
2018-03-15,2.3443943314761175,-0.001089243194967393
2018-03-16,2.3469363230588622,0.0010842849893533124
2018-03-19,2.315180961488671,-0.013530559503550199
2018-03-20,2.3191187980374095,0.0017008763523203019
2018-03-21,2.3146671562596226,-0.001919540207062309
2018-03-22,2.256807547931017,-0.02499694531550012
2018-03-23,2.2087045943753556,-0.02131460150412956
2018-03-26,2.269132783224549,0.027359108593824066
2018-03-27,2.230530547347397,-0.01701188937136433
2018-03-28,2.223940055759528,-0.0029546744364056243
2018-03-29,2.2523565003194386,0.012777522706296951
2018-04-02,2.2037406327840414,-0.02158444612498167
2018-04-03,2.231985808934269,0.01281692397464429
2018-04-04,2.255865497406984,0.01069885318138164
2018-04-05,2.273669390770192,0.007892267240078299
2018-04-06,2.2229987479432562,-0.022285844649459596
2018-04-09,2.2339541330424293,0.004928201200881999
2018-04-10,2.26947502296081,0.01590045623273606
2018-04-11,2.257577884420709,-0.0052422425537778095
2018-04-12,2.2761510744827445,0.00822704288087106
2018-04-13,2.26947502296081,-0.002933044118546335
2018-04-16,2.2881342185815674,0.008221811402186807
2018-04-17,2.312613420758949,0.01069832441584495
2018-04-18,2.3143255106895695,0.0007403269025649806
2018-04-19,2.3014870643331973,-0.0055473814280113665
2018-04-20,2.281971378122473,-0.008479598479246064
2018-04-23,2.281629881093972,-0.0001496500051554328
2018-04-24,2.250901981440326,-0.013467521576686514
2018-04-25,2.2564656052778584,0.0024717308365298507
2018-04-26,2.2794036888511977,0.01016549222806118
2018-04-27,2.281544172618354,0.0009390542700380422
2018-04-30,2.2639972561404464,-0.007690807256109489
2018-05-01,2.268019761373937,0.0017767270797615087
2018-05-02,2.2527840029066604,-0.006717648023510714
2018-05-03,2.24781959569069,-0.00220367652183473
2018-05-04,2.276922005138646,0.012946950682229286
2018-05-07,2.284624330244708,0.003382779510531897
2018-05-08,2.284624330244708,0.0
2018-05-09,2.3067087455175725,0.009666541225400893
2018-05-10,2.3282763847303443,0.009349962042100923
2018-05-11,2.3353817213381274,0.0030517582252616027
2018-05-14,2.336493851939425,0.00047620934562275785
2018-05-15,2.3204024941314945,-0.006886967750663664
2018-05-16,2.3301597430706478,0.004204981232277749
2018-05-17,2.3281915675040397,-0.0008446526348508954
2018-05-18,2.3223714124058636,-0.002499860913256269
2018-05-21,2.339831432075736,0.00751818575469998
2018-05-22,2.3333265004219323,-0.0027800855927612167
2018-05-23,2.3397457236001187,0.002751103704100366
2018-05-24,2.334953327501592,-0.002048255094640128
2018-05-25,2.3293898522056122,-0.002382692292155153
2018-05-29,2.302599194934496,-0.011501147927535316
2018-05-30,2.333326500421933,0.013344617489241761
2018-05-31,2.3190329410202404,-0.006125829110974257
2018-06-01,2.341800350350106,0.009817630843936609
2018-06-04,2.3529273009420666,0.004751451416555197
2018-06-05,2.3546393908726873,0.0007276425114941532
2018-06-06,2.374325899868438,0.00836073203908061
2018-06-07,2.374068625900033,-0.00010835663647490446
2018-06-08,2.381087065699781,0.002956291879341766
2018-06-11,2.384253525967961,0.0013298380868946857
2018-06-12,2.387335763176045,0.0012927472580051003
2018-06-13,2.379718403837839,-0.0031907364919929737
2018-06-14,2.3857098273456985,0.0025177027240688155
2018-06-15,2.38266517115032,-0.001276205580611589
2018-06-18,2.3777646368017944,-0.0020567448619562834
2018-06-19,2.3686514640329666,-0.0038326639347642244
2018-06-20,2.372692239877377,0.0017059393945322299
2018-06-21,2.3578184771728035,-0.006268728179151473
2018-06-22,2.3621172696933797,0.00182320758030996
2018-06-25,2.3299621828062267,-0.013612824096293386
2018-06-26,2.335121179455575,0.002214197589737177
2018-06-27,2.3157760189467727,-0.008284435377059363
2018-06-28,2.3290164187433895,0.005717478585272939
2018-06-29,2.3323692986595765,0.0014396119706172605
2018-07-02,2.337355987108377,0.002138035538225447
2018-07-03,2.3291027213852167,-0.003531026411330185
2018-07-05,2.3481035625760267,0.00815800909781661
2018-07-06,2.3679640137293996,0.008458081436401699
2018-07-09,2.3892852225070764,0.009004025675245497
2018-07-10,2.3978831046313336,0.003598516427953058
2018-07-11,2.380344655021901,-0.007314138698236827
2018-07-12,2.401924623183505,0.009065900652695635
2018-07-13,2.4038155571429707,0.0007872578270002872
2018-07-16,2.401666755048891,-0.0008939130490666081
2018-07-17,2.41138181818722,0.004045133704709825
2018-07-18,2.4164536209454286,0.002103276519693331
2018-07-19,2.4073408938012575,-0.0037711160955805623
2018-07-20,2.40458975571302,-0.001142812011095562
2018-07-23,2.4090602622679356,0.0018591556186640101
2018-07-24,2.4211830354258232,0.0050321585340813435
2018-07-25,2.4418179822323505,0.008522671150674954
2018-07-26,2.436057243755053,-0.0023592006116816
2018-07-27,2.4195489298101056,-0.006776652719170273
2018-07-30,2.406911163090751,-0.0052231912170283
2018-07-31,2.4187756224893686,0.004929329997947374
2018-08-01,2.4147348466449583,-0.0016705873032785146
2018-08-02,2.4278895379659575,0.005447675275517927
2018-08-03,2.438292645574063,0.004284835634170037
2018-08-06,2.4472344013916554,0.0036672201074072763
2018-08-07,2.4553153589142673,0.003302077446286633
2018-08-08,2.454283589292708,-0.00042021877874598434
2018-08-09,2.450931006459626,-0.0013660128143743178
2018-08-10,2.434508995156505,-0.006700315618774821
2018-08-13,2.4253962680123338,-0.0037431478636148485
2018-08-14,2.4408713269202,0.006380424968884801
2018-08-15,2.4226448328409917,-0.007467208073686282
2018-08-16,2.4422468216935425,0.008091152523403089
2018-08-17,2.450845000900904,0.0035206020665017324
2018-08-20,2.45608970602587,0.002139957901474032
2018-08-21,2.4618504445031677,0.002345491886214024
2018-08-22,2.4603884985464464,-0.000593840279772273
2018-08-23,2.4571207329396683,-0.00132815025298183
2018-08-24,2.4719095298763847,0.006018750620781832
2018-08-27,2.49142595879487,0.007895284468384833
2018-08-28,2.4926300366169776,0.0004832886234715783
2018-08-29,2.506042150447934,0.00538070778010824
2018-08-30,2.4958961682666816,-0.004048607953157868
2018-08-31,2.4959829165331646,3.475636029492968e-05
2018-09-04,2.491683975471036,-0.0017223439446050204
2018-09-05,2.4849777700140057,-0.0026914349985986963
2018-09-06,2.4774975145284777,-0.003010190101413235
2018-09-07,2.472682985738674,-0.0019433031765200282
2018-09-10,2.476981332634594,0.0017383331873559449
2018-09-11,2.48514978113145,0.003297743260813224
2018-09-12,2.485751374417847,0.00024207526281294633
2018-09-13,2.5004540172542895,0.005914768060778286
2018-09-14,2.5008835994232426,0.00017180166721275647
2018-09-17,2.4876421598357603,-0.005294704475864442
2018-09-18,2.5011414675578565,0.00542654725026348
2018-09-19,2.5038063030042674,0.0010654477089666603
2018-09-20,2.524097079034355,0.008103971942933885
2018-09-21,2.5217914170611557,-0.0009134601011785426
2018-09-24,2.51341337643415,-0.0033222575706793878
2018-09-25,2.5110812740646598,-0.0009278626394512157
2018-09-26,2.5035686365207526,-0.002991793862468839
2018-09-27,2.5105628640474924,0.0027937031262941225
2018-09-28,2.5108222175976285,0.00010330494163279802
2018-10-01,2.519545171708835,0.0034741424741544513
2018-10-02,2.5180769870069213,-0.0005827181502436884
2018-10-03,2.5194596117747694,0.0005490796250402497
2018-10-04,2.49976775528314,-0.007815904807363938
2018-10-05,2.485777220647929,-0.00559673377882508
2018-10-08,2.485777220647929,0.0
2018-10-09,2.4821493903186256,-0.0014594350206321716
2018-10-10,2.4035563521343857,-0.03166329895000852
2018-10-11,2.350614360432808,-0.022026524010791193
2018-10-12,2.3832606742330755,0.013888417577035739
2018-10-15,2.369873515382888,-0.005617160974006885
2018-10-16,2.4216931271160664,0.021865982043689947
2018-10-17,2.4221249374083027,0.00017830925289463728
2018-10-18,2.387146818321649,-0.014441087883798609
2018-10-19,2.3858510903618364,-0.0005427935767787773
2018-10-22,2.375141987156206,-0.004488588264746407
2018-10-23,2.363050853348936,-0.005090699365618567
2018-10-24,2.291453379565406,-0.030298744388874033
2018-10-25,2.3325643337176105,0.017940995229849044
2018-10-26,2.2915395336656803,-0.017587853616258142
2018-10-29,2.278844281365626,-0.005540053799441336
2018-10-30,2.312612826592741,0.014818276748106207
2018-10-31,2.3373143954737614,0.010681238379800062
2018-11-01,2.3621873813060166,0.010641694536439816
2018-11-02,2.348196252504597,-0.005922954678423631
2018-11-05,2.361150858354787,0.005516832690782403
2018-11-06,2.376092058924058,0.006327931362963168
2018-11-07,2.426961301806281,0.021408784517068513
2018-11-08,2.422556450617436,-0.0018149655643732165
2018-11-09,2.398892444478511,-0.00976819596211842
2018-11-12,2.3540685456875945,-0.018685247391598048
2018-11-13,2.3496635459571973,-0.001871228320206142
2018-11-14,2.3336007081272885,-0.006836228896493046
2018-11-15,2.3579552839423767,0.010436479441520596
2018-11-16,2.364087079217062,0.0026004713984368877
2018-11-19,2.3240998419072265,-0.01691445195118546
2018-11-20,2.281090229634842,-0.018505922807984576
2018-11-21,2.288862369270437,0.003407203947753956
2018-11-23,2.2735764037585176,-0.006678411824644459
2018-11-26,2.3102814669310114,0.016144196039251435
2018-11-27,2.318054497815919,0.0033645384755796037
2018-11-28,2.3714275571019723,0.02302493722056198
2018-11-29,2.36624731901066,-0.002184438683694334
2018-11-30,2.380669366855003,0.006094902983502459
2018-12-03,2.4121922608960062,0.013241189423395916
2018-12-04,2.3340317757117637,-0.03240226181440864
2018-12-06,2.3304909907320477,-0.0015170251821597924
2018-12-07,2.2763395737124834,-0.023236055078056483
2018-12-10,2.280658270801054,0.0018972112677930753
2018-12-11,2.2811763837351164,0.00022717692549378832
2018-12-12,2.2926628048833932,0.0050353060071002265
2018-12-13,2.2918859325654037,-0.00033885153819157576
2018-12-14,2.249566295802974,-0.0184649838637736
2018-12-17,2.2054331152297726,-0.019618528538385638
2018-12-18,2.2030157500093215,-0.001096095457966073
2018-12-19,2.1700236314755394,-0.014975888635223034
2018-12-20,2.1346997076553715,-0.01627812863777378
2018-12-21,2.0909607563617008,-0.020489510134290012
2018-12-24,2.0357114687298496,-0.026422919446841053
2018-12-26,2.138565650092846,0.0505249309359006
2018-12-27,2.1549839478571617,0.007677247487634098
2018-12-28,2.1522048839571113,-0.0012895984226768409
2018-12-31,2.1710548069308895,0.008758424030299583
2019-01-02,2.1733133812320427,0.001040311969068064
2019-01-03,2.1214521778642492,-0.023862735956833636
2019-01-04,2.1925117826872746,0.033495737289993555
2019-01-07,2.209799048531942,0.007884685492307364
2019-01-08,2.23056114690715,0.00939546896311727
2019-01-09,2.240985644498771,0.004673486582547071
2019-01-10,2.24889058028203,0.0035274370465798732
2019-01-11,2.2497596969039337,0.0003864646103834968
2019-01-14,2.236033863314738,-0.00610102208164065
2019-01-15,2.26166054898284,0.011460777087746177
2019-01-16,2.2671331168488758,0.002419712307621502
2019-01-17,2.2843331888024037,0.007586705794071058
2019-01-18,2.3147378620384687,0.013310086893236983
2019-01-22,2.283464517805156,-0.01351053384756562
2019-01-23,2.2882426539146716,0.002092494134355194
2019-01-24,2.2894589121440596,0.0005315250230595314
2019-01-25,2.308830810132257,0.008461343370454344
2019-01-28,2.2912834480296933,-0.007600107390094535
2019-01-29,2.288242653914672,-0.001327113901004373
2019-01-30,2.3244673337073616,0.015830786009830344
2019-01-31,2.3448825875581902,0.00878276650946419
2019-02-01,2.3460112062717817,0.00048131139681784063
2019-02-04,2.3625165493856852,0.007035492017164469
2019-02-05,2.3724208544615135,0.004192269077820221
2019-02-06,2.369293014996905,-0.0013184167803644842
2019-02-07,2.3467063807360633,-0.009533069197382948
2019-02-08,2.3495723414441487,0.0012212694061821683
2019-02-11,2.350875942106228,0.0005548246542934621
2019-02-12,2.3811063761015663,0.012859221302955692
2019-02-13,2.388837666810307,0.003246932092718424
2019-02-14,2.3835390411018937,-0.0022180769258750566
2019-02-15,2.4095131654605844,0.01089729344088397
2019-02-19,2.4136833209969586,0.0017307046071179943
2019-02-20,2.4185473141236438,0.0020151745195289283
2019-02-21,2.409947946583865,-0.0035555920240059047
2019-02-22,2.4248898898608964,0.006200110379235291
2019-02-25,2.428190334609158,0.0013610699446855445
2019-02-26,2.426452398448455,-0.0007157330856366606
2019-02-27,2.4254106765428984,-0.0004293189127561048
2019-02-28,2.420893676482145,-0.001862365043759029
2019-03-01,2.436008819209038,0.0062436210535512515
2019-03-04,2.4271471272880794,-0.003637791395121437
2019-03-05,2.4238466825398177,-0.0013598041549088835
2019-03-06,2.4091655782284436,-0.0060569442849374155
2019-03-07,2.3890116089679294,-0.008365539273284095
2019-03-08,2.3842339184830705,-0.0019998607235411914
2019-03-11,2.4188085987139574,0.014501379232489287
2019-03-12,2.427929347101947,0.0037707606930283966
2019-03-13,2.444000503258779,0.006619284937601222
2019-03-14,2.4424369548803555,-0.0006397496139378678
2019-03-15,2.4545031337068566,0.004940221200957051
2019-03-18,2.4634035949729385,0.0036261763710361272
2019-03-19,2.46401424929402,0.0002478904887235345
2019-03-20,2.4565978666759363,-0.0030098781369500838
2019-03-21,2.4843449830016477,0.011294936262098432
2019-03-22,2.436530200057248,-0.01924643448134511
2019-03-25,2.4346983856355564,-0.0007518127301062716
2019-03-26,2.4528458556089956,0.00745368300258753
2019-03-27,2.440019441118351,-0.0052291971227274026
2019-03-28,2.4492692721152,0.0037908841384515224
2019-03-29,2.464713285838657,0.006305559743588152
2019-04-01,2.4939425497721888,0.011859092942563487
2019-04-02,2.4951641554974557,0.0004898291363522045
2019-04-03,2.499089811638914,0.0015733057613900314
2019-04-04,2.505721597778294,0.002653680595428698
2019-04-05,2.5178503125982696,0.004840407980970296
2019-04-08,2.5197694694526525,0.0007622203928407956
2019-04-09,2.506856158153973,-0.005124798698939892
2019-04-10,2.515406506981527,0.0034107855768839013
2019-04-11,2.5147089558524107,-0.00027731149107723674
2019-04-12,2.531722905241036,0.006765772774232737
2019-04-15,2.530064884435415,-0.0006548982126711733
2019-04-16,2.531722905241036,0.000655327385404636
2019-04-17,2.5255281283482196,-0.002446862126969984
2019-04-18,2.5305012995157696,0.0019691608704444086
2019-04-22,2.5326830778344367,0.0008621921352438555
2019-04-23,2.555454497786211,0.008991026216847109
2019-04-24,2.5497846667388577,-0.0022187172779890574
2019-04-25,2.5482139883659283,-0.0006160043212347643
2019-04-26,2.56008008172162,0.0046566314327867175
2019-04-29,2.5640933773788737,0.0015676445771786174
2019-04-30,2.5654020284537276,0.0005103757477786797
2019-05-01,2.546118661230639,-0.007516703818430837
2019-05-02,2.540622623799356,-0.0021585943793469564
2019-05-03,2.5654890738033145,0.009787541750994944
2019-05-06,2.55493252277179,-0.004114829854205748
2019-05-07,2.512264853152563,-0.016700116045701985
2019-05-08,2.5087747208421463,-0.0013892374070501035
2019-05-09,2.501184247524888,-0.003025569914348547
2019-05-10,2.5137487832590093,0.005023434697605689
2019-05-13,2.4505780717316052,-0.025130081394014514
2019-05-14,2.472740322777821,0.009043682917865725
2019-05-15,2.487223569741669,0.005857164551584582
2019-05-16,2.510258650948593,0.00926136334793437
2019-05-17,2.494029595121776,-0.0064650930774342585
2019-05-20,2.4775391061630927,-0.006611986077045051
2019-05-21,2.4998755964500345,0.00901559544766739
2019-05-22,2.492197186533876,-0.0030715168095014622
2019-05-23,2.461746613958182,-0.012218364076577948
2019-05-24,2.4673299938221565,0.002268056278544872
2019-05-28,2.444382106506372,-0.009300696450512347
2019-05-29,2.427979257063485,-0.0067104277188198
2019-05-30,2.4346100034119993,0.0027309732277260856
2019-05-31,2.4018040074431197,-0.013474846452985578
2019-06-03,2.3956964244414425,-0.0025429148185072137
2019-06-04,2.447698742283823,0.021706555685370166
2019-06-05,2.468900820736638,0.008662045735674306
2019-06-06,2.484954894614967,0.006502518749837538
2019-06-07,2.5098225329513433,0.010007279564818505
2019-06-10,2.521339850742477,0.004588897278561932
2019-06-11,2.5207281566305304,-0.00024260676789222835
2019-06-12,2.5162787429760263,-0.001765130302845308
2019-06-13,2.526661500391481,0.004126234998581557
2019-06-14,2.5238704046257023,-0.0011046575749644738
2019-06-17,2.524830280135998,0.00038031885810640986
2019-06-18,2.5512671114297816,0.010470735994325686
2019-06-19,2.5570257703253483,0.002257176000806771
2019-06-20,2.581456399415161,0.009554314772003414
2019-06-21,2.5777042398066694,-0.0014535049320770765
2019-06-24,2.574547434739382,-0.001224657592029943
2019-06-25,2.5492965591983383,-0.00980788902947527
2019-06-26,2.54675293365852,-0.0009977754571709463
2019-06-27,2.555783962948983,0.0035460955678530137
2019-06-28,2.5689361290635953,0.00514603984737283
2019-07-01,2.592258044007811,0.009078433161636035
2019-07-02,2.5990092575551573,0.002604375580182783
2019-07-03,2.6197890323750763,0.007995267719618004
2019-07-05,2.6168075063393816,-0.0011380786768894202
2019-07-08,2.6024289811698327,-0.005494682025604103
2019-07-09,2.6056734257529155,0.001246698606017116
2019-07-10,2.6181226932425323,0.004777754328910033
2019-07-11,2.6242598360130964,0.002344100521493697
2019-07-12,2.636009472791866,0.004477314562196799
2019-07-15,2.636886462116036,0.00033269581662054293
2019-07-16,2.628381864086559,-0.0032252424029863835
2019-07-17,2.6104947874541207,-0.006805356891569692
2019-07-18,2.6200516538393606,0.0036609406121665966
2019-07-19,2.6054987408875325,-0.005554437421301461
2019-07-22,2.61189642554065,0.0024554549010982196
2019-07-23,2.630573743230775,0.007150864600712126
2019-07-24,2.642936262453909,0.004699552428418352
2019-07-25,2.6303105276002827,-0.004777162065158436
2019-07-26,2.6479332002698106,0.006699844936409738
2019-07-29,2.6431112444023968,-0.001821026250557356
2019-07-30,2.6366223552362302,-0.002455019318580942
2019-07-31,2.6077764770489185,-0.010940466362209578
2019-08-01,2.585069227047693,-0.008707513930381827
2019-08-02,2.5656052332971333,-0.007529389753631044
2019-08-05,2.4884493346303977,-0.03007317636610063
2019-08-06,2.5233445675309256,0.014022882610029486
2019-08-07,2.524835330548773,0.0005907885260816315
2019-08-08,2.5743712644584775,0.019619471143465628
2019-08-09,2.5568371225540587,-0.006811038542300918
2019-08-12,2.525711725706734,-0.01217339836502096
2019-08-13,2.56499175668656,0.01555206422808797
2019-08-14,2.489150599298319,-0.029567797709499244
2019-08-15,2.4957256425647594,0.002641480699598464
2019-08-16,2.532551172936085,0.01475544015867114
2019-08-19,2.563062201923523,0.01204754688216858
2019-08-20,2.5434226320582667,-0.007662541256516331
2019-08-21,2.5641138761130766,0.008135196956262636
2019-08-22,2.5633242292215983,-0.00030796092905027717
2019-08-23,2.4974799182962037,-0.025687078589113677
2019-08-26,2.5250979520130565,0.011058360675706203
2019-08-27,2.515189636315319,-0.003923933204190488
2019-08-28,2.5329011368330607,0.007041815162569076
2019-08-29,2.5652531898184265,0.01277272630775328
2019-08-30,2.564113876113077,-0.0004441330430351442
2019-09-03,2.549121280166746,-0.005847086623569919
2019-09-04,2.5780545007867497,0.011350272286029028
2019-09-05,2.611197091912907,0.012855659613108639
2019-09-06,2.613213989108635,0.000772403278930911
2019-09-09,2.6145291760117857,0.0005032832782283503
2019-09-10,2.613914511068795,-0.00023509584388270444
2019-09-11,2.6325027038276025,0.007111247395465536
2019-09-12,2.6416204813845483,0.00346353967412405
2019-09-13,2.6398667998193126,-0.0006638658269020326
2019-09-16,2.6317130569361242,-0.0030886948098087785
2019-09-17,2.6383760368014655,0.0025318033239909443
2019-09-18,2.639954439335109,0.000598247752263914
2019-09-19,2.6397797544697257,-6.616965155936683e-05
2019-09-20,2.6273073144979664,-0.0047248032532414275
2019-09-23,2.6266902728901407,-0.00023485703572656558
2019-09-24,2.6060789441904126,-0.007846882029623359
2019-09-25,2.6214936952280867,0.005914920985811811
2019-09-26,2.616032416520018,-0.002083269823616174
2019-09-27,2.6019399823800002,-0.005386949355453474
2019-09-30,2.6140060126649494,0.00463732075553569
2019-10-01,2.5829132949591083,-0.01189466189258781
2019-10-02,2.5372866776201204,-0.017664788604415893
2019-10-03,2.5580744736838583,0.008192923664122942
2019-10-04,2.592690299924704,0.01353198532605493
2019-10-07,2.581504229794969,-0.004314464450327793
2019-10-08,2.541426530679846,-0.015524940324543324
2019-10-09,2.565561264997683,0.00949653040388343
2019-10-10,2.5829132949591083,0.006763444006643526
2019-10-11,2.609690583490527,0.010367087653959661
2019-10-14,2.606784219480244,-0.0011136814565947395
2019-10-15,2.6325921258420264,0.009900284867816245
2019-10-16,2.628364039100296,-0.0016060546182703472
2019-10-17,2.6361149372939265,0.0029489439355911973
2019-10-18,2.624576526602381,-0.004377051443511859
2019-10-21,2.642368833724518,0.006779115389395685
2019-10-22,2.63373708412636,-0.003266670984001574
2019-10-23,2.6414000457210904,0.0029095393161737704
2019-10-24,2.645715771978617,0.0016338783155993575
2019-10-25,2.656550986962063,0.004095381332418269
2019-10-28,2.6715239754235034,0.005636251114669255
2019-10-29,2.67073195186719,-0.00029646881839717754
2019-10-30,2.6789231272215317,0.0030670151486431596
2019-10-31,2.6717883793864132,-0.0026632894996573286
2019-11-01,2.696539561145867,0.00926390052087056
2019-11-04,2.707373290713791,0.0040176416189199315
2019-11-05,2.7043783959383982,-0.001106199424240839
2019-11-06,2.7049957346293283,0.0002282737844145899
2019-11-07,2.7145083356320137,0.0035166787440383818
2019-11-08,2.7212025092233163,0.00246607221773143
2019-11-11,2.7160053373950532,-0.0019098805806063712
2019-11-12,2.7217310200660325,0.0021081264429585467
2019-11-13,2.722611277304351,0.0003234181599243158
2019-11-14,2.726574663000067,0.0014557295522701352
2019-11-15,2.746305437378372,0.007236469496344267
2019-11-18,2.748331544150337,0.0007377572590392401
2019-11-19,2.7475389264278145,-0.0002883996016453949
2019-11-20,2.7373207530521944,-0.003719027700512023
2019-11-21,2.7329173872788712,-0.0016086407734325903
2019-11-22,2.7389951134285564,0.002223896769794731
2019-11-25,2.760222592486797,0.007750097455146321
2019-11-26,2.7664764889173883,0.002265721774618479
2019-11-27,2.778807220248352,0.004457197225554266
2019-11-29,2.768503784021771,-0.003707862910209414
2019-12-02,2.7449846058962377,-0.008495266743456353
2019-12-03,2.7265746630000667,-0.00670675633540041
2019-12-04,2.74339847920188,0.006170311941247952
2019-12-05,2.748331544150337,0.0017981583739494766
2019-12-06,2.773435066471602,0.009134095329472292
2019-12-09,2.7647147861083345,-0.003144216523648935
2019-12-10,2.761631360567833,-0.0011152779867185103
2019-12-11,2.769471680775886,0.002839017661807386
2019-12-12,2.7933408227983954,0.008618662609260586
2019-12-13,2.795014886091654,0.0005993050613786188
2019-12-16,2.8142162583779298,0.0068698640503934705
2019-12-17,2.81483359706886,0.0002193643395713707
2019-12-18,2.8150100644328697,6.26919346826682e-05
2019-12-19,2.8265487722075195,0.004098993435383891
2019-12-20,2.838939811408675,0.004383805198407309
2019-12-23,2.843277521815927,0.0015279332058468764
2019-12-24,2.8433663496641404,3.1241357036693174e-05
2019-12-26,2.8585015455005798,0.005322984791680918
2019-12-27,2.857794487712123,-0.0002473525996757875
2019-12-30,2.842038091104396,-0.005513481349157856
2019-12-31,2.8489423024505047,0.0024293169636673273
2020-01-02,2.8755856065018417,0.009351998469193212
2020-01-03,2.853810900365308,-0.007572268440661278
2020-01-06,2.864697807808918,0.0038148664448007796
2020-01-07,2.8566435877657015,-0.002811542642041198
2020-01-08,2.8718679085334595,0.0053294435585033995
2020-01-09,2.8913408147771515,0.006780571691974435
2020-01-10,2.8830207053555026,-0.0028775955359970906
2020-01-13,2.9028477346596313,0.006877172011736876
2020-01-14,2.8984232759858966,-0.0015241786955986214
2020-01-15,2.9049721759391507,0.002259469832275096
2020-01-16,2.9291369156505316,0.008318406596637518
2020-01-17,2.9382538019581648,0.0031124821304600037
2020-01-21,2.932500490558477,-0.001958071626029567
2020-01-22,2.932854613618914,0.00012075805667466355
2020-01-23,2.9362181885268592,0.0011468604315829634
2020-01-24,2.910105177816865,-0.00889341630401641
2020-01-27,2.8634589712635976,-0.016029044898047573
2020-01-28,2.8934649589735666,0.01047893055604976
2020-01-29,2.8910755195649283,-0.0008258055454336555
2020-01-30,2.900457998167889,0.0032453246341945796
2020-01-31,2.8477916995871886,-0.018157924925638502
2020-02-03,2.8689463932848525,0.007428455424155711
2020-02-04,2.9126734612543475,0.015241507499702323
2020-02-05,2.9463092103337982,0.011548067274580687
2020-02-06,2.9562225764443104,0.0033646726812455174
2020-02-07,2.9404667740027923,-0.005329707772027348
2020-02-10,2.9624185416695443,0.007465402384693398
2020-02-11,2.96755302896278,0.001733207924880853
2020-02-12,2.9866709208967213,0.006442308443136202
2020-02-13,2.9834858929345165,-0.0010664140933371868
2020-02-14,2.988264771751793,0.0016017769108926938
2020-02-18,2.980564080602805,-0.002576977522802948
2020-02-19,2.994814860037465,0.004781235715548782
2020-02-20,2.9825117574352102,-0.004108134618412085
2020-02-21,2.951797226521262,-0.010298209499888356
2020-02-24,2.853899728213522,-0.03316538732002061
2020-02-25,2.767420321940048,-0.030302188061669733
2020-02-26,2.7572404722848947,-0.0036784616975049644
2020-02-27,2.6334085102129,-0.0449115567962689
2020-02-28,2.6223445412390713,-0.004201387263282785
2020-03-02,2.735908122890803,0.0433061254407372
2020-03-03,2.657573249924281,-0.028632128510131416
2020-03-04,2.769278279674926,0.04203271904314487
2020-03-05,2.6772238118644,-0.0332413208474418
2020-03-06,2.632966153470458,-0.01653117613768762
2020-03-09,2.427346172968022,-0.07809442602648442
2020-03-10,2.5529483047175456,0.051744630884660525
2020-03-11,2.428496033123577,-0.04874844953342583
2020-03-12,2.1961446634293513,-0.09567706371559148
2020-03-13,2.3838846972938548,0.08548618722199341
2020-03-16,2.123031471647205,-0.10942359164550441
2020-03-17,2.237658313729561,0.053992059756617916
2020-03-18,2.1243589874991877,-0.050632987858425293
2020-03-19,2.1288734623535537,0.0021250997976007824
2020-03-20,2.0371312288857455,-0.04309426327593158
2020-03-23,1.9850454306910306,-0.025568209576368073
2020-03-24,2.1648968683430163,0.09060318462805972
2020-03-25,2.1973062583675302,0.014970408289850523
2020-03-26,2.325606201788053,0.058389650023498385
2020-03-27,2.256336225585895,-0.02978577204898203
2020-03-30,2.3296126645339057,0.03247585094680794
2020-03-31,2.2948887000430607,-0.014905466912797816
2020-04-01,2.191608055883707,-0.04500464190590836
2020-04-02,2.2421796214953273,0.023075095693252834
2020-04-03,2.209770380012366,-0.014454346642106985
2020-04-06,2.358192950425889,0.06716651275445762
2020-04-07,2.3605970954481945,0.0010194861374135389
2020-04-08,2.439837774800013,0.0335680661069242
2020-04-09,2.4769658843131634,0.01521745006845543
2020-04-13,2.4543517698651653,-0.00912976419708289
2020-04-14,2.526737553666204,0.029492831748814563
2020-04-15,2.473048546498628,-0.021248351293815526
2020-04-16,2.48497955251263,0.004824412375929343
2020-04-17,2.5521120157786754,0.027015298052720738
2020-04-20,2.5071493791780073,-0.017617814705107926
2020-04-21,2.4310240618004135,-0.030363295466085183
2020-04-22,2.48497955251263,0.022194552312352345
2020-04-23,2.4848018968162022,-7.149181418730777e-05
2020-04-24,2.519436736375729,0.013938672376218264
2020-04-27,2.5557625729654645,0.014418237245357846
2020-04-28,2.544009965355651,-0.004598473948296711
2020-04-29,2.6106076790337878,0.026178244026189068
2020-04-30,2.5863027160971335,-0.00931007869617928
2020-05-01,2.5178342701106295,-0.026473484932895364
2020-05-04,2.5247782905927267,0.0027579338976080336
2020-05-05,2.548104661783509,0.009238978043218937
2020-05-06,2.530833438426479,-0.006778066700345531
2020-05-07,2.561371501976417,0.012066405906555833
2020-05-08,2.6037524863999044,0.01654620752623548
2020-05-11,2.6042863447384996,0.0002050342117323467
2020-05-12,2.552379093489525,-0.019931468501474092
2020-05-13,2.507238504109325,-0.017685691555514693
2020-05-14,2.5372433034868767,0.01196726969866413
2020-05-15,2.5489064890822677,0.0045967943158475855
2020-05-18,2.626546484667613,0.030460119238544303
2020-05-19,2.599568367957624,-0.010271326575589934
2020-05-20,2.6437288801764294,0.016987632548206566
2020-05-21,2.625477876741109,-0.006903507985320467
2020-05-22,2.6304635253990436,0.0018989490264236242
2020-05-26,2.6628726183404527,0.012320677564420013
2020-05-27,2.702493403641018,0.014878963803104384
2020-05-28,2.697507457899979,-0.0018449427977590416
2020-05-29,2.709526846137538,0.004455738649529417
2020-06-01,2.7204776264485933,0.004041583986025277
2020-06-02,2.7430039528392425,0.00828028364271316
2020-06-03,2.779508633457823,0.013308285823210309
2020-06-04,2.77220722200114,-0.0026268712997663535
2020-06-05,2.8432588055803465,0.025629968429242256
2020-06-08,2.877625973262815,0.012087245668602975
2020-06-09,2.856168254798669,-0.007456743393171372
2020-06-10,2.8402309345803665,-0.005579965463003211
2020-06-11,2.676494769926215,-0.057648891384370016
2020-06-12,2.7085479573085607,0.01197580796439568
2020-06-15,2.733833591572819,0.009335494391387478
2020-06-16,2.7864526539399206,0.0192473537999176
2020-06-17,2.7748794845251608,-0.004153370199344919
2020-06-18,2.7759469041192473,0.0003846724155189829
2020-06-19,2.7600832605108345,-0.0057146783264739875
2020-06-22,2.777789116449593,0.0064149716757027075
2020-06-23,2.790578247010636,0.0046040682085288775
2020-06-24,2.719392976034452,-0.025509147092521056
2020-06-25,2.748546335234811,0.010720539273758156
2020-06-26,2.683263808459825,-0.023751655898283763
2020-06-29,2.722702184734293,0.014697912352160891
2020-06-30,2.7575785528576917,0.012809468592982487
2020-07-01,2.776895490471577,0.007005036209708937
2020-07-02,2.7921872491040323,0.005506782190732862
2020-07-06,2.8352919279698225,0.015437603219347729
2020-07-07,2.8060488496719365,-0.010313956742657227
2020-07-08,2.827510727299544,0.007648433358569795
2020-07-09,2.811413873454182,-0.005692941741987867
2020-07-10,2.8401207167486375,0.010210820813509658
2020-07-13,2.8155278802838253,-0.008659081397415336
2020-07-14,2.8520147359161423,0.012959152664699936
2020-07-15,2.8782165744743504,0.00918713295139817
2020-07-16,2.868736949696253,-0.003293575911614166
2020-07-17,2.8770546824530667,0.0028994407304212544
2020-07-20,2.900305297452228,0.008081394886571003
2020-07-21,2.906474525198067,0.0021270959823638247
2020-07-22,2.9230193803648548,0.005692413617717884
2020-07-23,2.8881430122414558,-0.011931623976795369
2020-07-24,2.869542341992264,-0.0064403563709803935
2020-07-27,2.8904679846164405,0.007292327531800202
2020-07-28,2.8721349862443075,-0.006342570984942397
2020-07-29,2.907459058606028,0.012298890035078447
2020-07-30,2.897085807849914,-0.003567806303379939
2020-07-31,2.9199790318744903,0.007902156008822603
2020-08-03,2.940278720397709,0.006951998045748864
2020-08-04,2.9516365045617836,0.003862825685633675
2020-08-05,2.969968908767708,0.006210928811048122
2020-08-06,2.9898214872188147,0.006684439824437005
2020-08-07,2.991968506814268,0.0007181096278261467
2020-08-10,3.0009110053396215,0.002988834442938515
2020-08-11,2.976138136513547,-0.008255116123735529
2020-08-12,3.017633516202837,0.01394269277362925
2020-08-13,3.012178179156856,-0.0018078196098662014
2020-08-14,3.012267898254383,2.9785454973341174e-05
2020-08-17,3.0218369450469034,0.00317669182016167
2020-08-18,3.028365346265954,0.0021604081682009557
2020-08-19,3.015756248066174,-0.004163664801978939
2020-08-20,3.025145559580536,0.003113418572997295
2020-08-21,3.0358764983943396,0.0035472471001665173
2020-08-24,3.0666391567711995,0.01013304012634575
2020-08-25,3.077370392668107,0.0034993474446489703
2020-08-26,3.108224255558016,0.010026047876270816
2020-08-27,3.1150197344879165,0.0021862897819386884
2020-08-28,3.135140578982291,0.006459299204947699
2020-08-31,3.1237836860675294,-0.003622450932789678
2020-09-01,3.1532062025604692,0.009418871295143738
2020-09-02,3.1988135094976715,0.01446378828640138
2020-09-03,3.088728176832181,-0.034414426579928326
2020-09-04,3.0635093862664116,-0.008164781464076287
2020-09-08,2.9798056274372873,-0.027322834134070106
2020-09-09,3.038647986675228,0.019747046148290703
2020-09-10,2.9858866215011215,-0.01736343446344235
2020-09-11,2.987407686995617,0.0005094183695866228
2020-09-14,3.0267554529232448,0.013171207297521192
2020-09-15,3.042047805721909,0.005052391260712774
2020-09-16,3.0299743483593504,-0.003968858523475283
2020-09-17,3.0033256968121345,-0.008795008961592576
2020-09-18,2.9687481942917557,-0.011513071178753886
2020-09-21,2.935707502670405,-0.011129502894479337
2020-09-22,2.965605946296584,0.010184408221521446
2020-09-23,2.8968315047125546,-0.023190687781670438
2020-09-24,2.904552100429537,0.0026651863266546894
2020-09-25,2.951510838408626,0.016167290637391085
2020-09-28,3.0005331156308337,0.01660921470599752
2020-09-29,2.98419205947366,-0.005446050927432666
2020-09-30,3.0068182057873862,0.00758200071000692
2020-10-01,3.026121774661574,0.006419932151878305
2020-10-02,2.997389976386349,-0.009494594208271034
2020-10-05,3.050543491258255,0.017733266371961376
2020-10-06,3.0071773792605985,-0.01421586419663512
2020-10-07,3.0595213426730314,0.01740634382708195
2020-10-08,3.0866370088603543,0.00886271516041548
2020-10-09,3.114200676369103,0.008929999682381062
2020-10-12,3.164301068177155,0.016087721060566107
2020-10-13,3.143650227424543,-0.006526193401852454
2020-10-14,3.1238977659796165,-0.0062832885391033155
2020-10-15,3.1200359827056032,-0.0012362066761817392
2020-10-16,3.1181518816575386,-0.0006038715766446545
2020-10-19,3.0707451423570236,-0.015203473435461579
2020-10-20,3.0830458682944433,0.004005778847533392
2020-10-21,3.0772093736255255,-0.0018930936866491388
2020-10-22,3.094089338534069,0.0054854781911235495
2020-10-23,3.1045936029392203,0.003394945412315664
2020-10-26,3.04722121090182,-0.01847983967469491
2020-10-27,3.0367166494135645,-0.003447259244151457
2020-10-28,2.932924428148445,-0.034179093161412766
2020-10-29,2.962733449760201,0.010163583256925124
2020-10-30,2.931847501895018,-0.010424814918022052
2020-11-02,2.9647087553213143,0.011208377449733131
2020-11-03,3.017053907066165,0.01765608566133081
2020-11-04,3.084481968021082,0.022348974540029154
2020-11-05,3.1446383258297557,0.019502904679733923
2020-11-06,3.143919978883332,-0.0002284354739695571
2020-11-09,3.183425793022497,0.012565782336863673
2020-11-10,3.1787568349538464,-0.0014666457999066296
2020-11-11,3.202370485506577,0.0074285803472202705
2020-11-12,3.1713039111139225,-0.009701118135224118
2020-11-13,3.2152098231122626,0.013844750685820584
2020-11-16,3.255343076767907,0.012482312465939227
2020-11-17,3.237835078176675,-0.00537823454497921
2020-11-18,3.198868469871984,-0.012034772421649742
2020-11-19,3.212336138243462,0.004210135083177358
2020-11-20,3.190339213944842,-0.006847640891855189
2020-11-23,3.209462453374662,0.005994108509287388
2020-11-24,3.261179571436825,0.016113950174984515
2020-11-25,3.256152034061171,-0.0015416315678191683
2020-11-27,3.265219901656579,0.0027848415861890796
2020-11-30,3.2507641348798875,-0.004427195475979251
2020-12-01,3.286319337896826,0.010937490861130161
2020-12-02,3.2932327588191708,0.002103697240442015
2020-12-03,3.29233408242838,-0.0002728857802061224
2020-12-04,3.320706707230393,0.008617784250219751
2020-12-07,3.313883302488679,-0.002054804998844584
2020-12-08,3.3235803920991924,0.002926201294786379
2020-12-09,3.2937713704874363,-0.008968948572033342
2020-12-10,3.2926938500678005,-0.00032713880182777544
2020-12-11,3.288833255126205,-0.0011724730926673255
2020-12-14,3.2741086281400373,-0.004477158263714642
2020-12-15,3.3183728223622757,0.013519464150272942
2020-12-16,3.3235803920991924,0.001569314243964115
2020-12-17,3.3421656140269556,0.005591927901591909
2020-12-18,3.3288209380606966,-0.0039928230696444356
2020-12-21,3.3169177093169555,-0.0035758092625659543
2020-12-22,3.3113277936246845,-0.001685274155752925
2020-12-23,3.3143039721645007,0.0008987870501815376
2020-12-24,3.3271979730613945,0.0038904098734411363
2020-12-28,3.355781229784422,0.008590789293108303
2020-12-29,3.34937849471853,-0.0019079715355293514
2020-12-30,3.354157967702015,0.0014269730909843847
2020-12-31,3.3711989516531395,0.0050805549754116
2021-01-04,3.3253043653539884,-0.013613728218753063
2021-01-05,3.3482070960379047,0.006887408840687614
2021-01-06,3.3682248526950547,0.0059786494929892076
2021-01-07,3.4182670162146453,0.01485713267614841
2021-01-08,3.4377428932893808,0.005697587983136243
2021-01-11,3.414570411146675,-0.006740609423683042
2021-01-12,3.4152917289241427,0.00021124700639152394
2021-01-13,3.4244891247530664,0.0026930044514297258
2021-01-14,3.4124973652442163,-0.003501765977929616
2021-01-15,3.3876104165060545,-0.007292884381869924
2021-01-19,3.414209158091732,0.007851771105696237
2021-01-20,3.4614581462638143,0.013838926083395098
2021-01-21,3.464614060081788,0.0009117295904270684
2021-01-22,3.4523507666155218,-0.003539584280846775
2021-01-25,3.465966382372988,0.003943868012813212
2021-01-26,3.4605564990419793,-0.0015608585699278255
2021-01-27,3.375978721719729,-0.02444051335259656
2021-01-28,3.4050132476783306,0.008600328483057362
2021-01-29,3.3368457468765778,-0.02001974613409574
2021-02-01,3.392388998240226,0.016645435712945078
2021-02-02,3.440358710023567,0.014140392451521544
2021-02-03,3.44306424585528,0.000786410970411433
2021-02-04,3.482196329449118,0.011365481675500222
2021-02-05,3.495901961387215,0.003935915910940446
2021-02-08,3.5211489748479017,0.007221888296509382
2021-02-09,3.518804097904922,-0.0006659408504806619
2021-02-10,3.5172717432524596,-0.0004354759770158756
2021-02-11,3.522952269291571,0.0016150375784893534
2021-02-12,3.5403548033807426,0.004939758690704954
2021-02-16,3.5372889057434,-0.0008659859837818473
2021-02-17,3.5381008338677082,0.00022953401487502134
2021-02-18,3.52304347380462,-0.00425577471364158
2021-02-19,3.516821365266199,-0.0017661174449549177
2021-02-22,3.4897710573618426,-0.0076916923252110525
2021-02-23,3.49400835367981,0.0012142046708274457
2021-02-24,3.5325100269261247,0.01101934207048072
2021-02-25,3.4473918554369822,-0.024095663095175857
2021-02-26,3.429628365375972,-0.005152733082256167
2021-03-01,3.512762615893973,0.024240017185910956
2021-03-02,3.4853522432670916,-0.007803081398913614
2021-03-03,3.4391861230105247,-0.0132457545276089
2021-03-04,3.396627185807506,-0.012374711830299145
2021-03-05,3.459113566403939,0.018396596734998383
2021-03-08,3.4418919559253425,-0.004978619564809494
2021-03-09,3.4910330663893077,0.01427735416835696
2021-03-10,3.512762615893974,0.006224389483408865
2021-03-11,3.5483799092797303,0.010139396617522944
2021-03-12,3.5531587880970066,0.0013467776674020993
2021-03-15,3.5743473492685713,0.005963302637232548
2021-03-16,3.569840004408711,-0.0012610259774509247
2021-03-17,3.582012687528137,0.003409867978506842
2021-03-18,3.529895398524356,-0.01454972205577132
2021-03-19,3.5233634323080523,-0.00185047019212925
2021-03-22,3.5514980935434455,0.007985171491935228
2021-03-23,3.523545247167941,-0.007870719803094395
2021-03-24,3.5056329184716297,-0.005083609671454825
2021-03-25,3.525354483273699,0.005625678803434786
2021-03-26,3.582165091160691,0.016114863953833325
2021-03-29,3.580356152138038,-0.0005049848280629377
2021-03-30,3.5708569198750504,-0.002653152887406196
2021-03-31,3.5853314028873187,0.0040535040571647585
2021-04-01,3.6240499467998406,0.010799153428701525
2021-04-05,3.6760656333819193,0.014352916583837416
2021-04-06,3.673894847138115,-0.0005905189026256252
2021-04-07,3.6781467005281967,0.0011573149387751336
2021-04-08,3.695605383324099,0.004746597734504476
2021-04-09,3.722473876368567,0.0072703901682003025
2021-04-12,3.7238309519894375,0.00036456283265962064
2021-04-13,3.7348664009852444,0.002963466692791572
2021-04-14,3.7221123262305196,-0.003414867731643678
2021-04-15,3.762096741250863,0.010742398809021614
2021-04-16,3.7746707836443245,0.0033422963996616595
2021-04-19,3.7561259650187586,-0.004912963192954645
2021-04-20,3.728625576211246,-0.007321476719265307
2021-04-21,3.763905086107307,0.009461800112391394
2021-04-22,3.72952989718102,-0.009132852221265253
2021-04-23,3.769966769769355,0.01084235110138132
2021-04-26,3.7778367982878476,0.002087559121634941
2021-04-27,3.7770233847480177,-0.00021531198494295634
2021-04-28,3.775936654752146,-0.0002877212781525751
2021-04-29,3.800000386208033,0.00637291714774979
2021-04-30,3.775032630865476,-0.006570461264471583
2021-05-03,3.783174490424489,0.0021567653461969094
2021-05-04,3.7598347504940093,-0.0061693532744931945
2021-05-05,3.761011199587408,0.00031289914889054415
2021-05-06,3.7910448160260857,0.007985516353147926
2021-05-07,3.8186358151804383,0.007277940645205705
2021-05-10,3.7808227805701082,-0.00990223641123611
2021-05-11,3.7470797844899715,-0.00892477591214913
2021-05-12,3.667471910421123,-0.02124531065454327
2021-05-13,3.7115275523040774,0.012012536962524578
2021-05-14,3.768519083801645,0.015355276417707842
2021-05-17,3.7589298353580265,-0.0025445667728833943
2021-05-18,3.7265445090649685,-0.008615570843708897
2021-05-19,3.7167746340938783,-0.0026216981837529074
2021-05-20,3.7567596432804304,0.010757985921387547
2021-05-21,3.7536836448175386,-0.0008187903286264175
2021-05-24,3.7919497311620693,0.010194275800882169
2021-05-25,3.7835360405625362,-0.0022188296776166627
2021-05-26,3.791044816026086,0.0019845920279468743
2021-05-27,3.793035272825524,0.0005250417486555303
2021-05-28,3.7998185713481445,0.0017883562990352875
2021-06-01,3.796472821426463,-0.0008805025447555792
2021-06-02,3.802442706409254,0.0015724819493236897
2021-06-03,3.788330367701241,-0.003711387599404259
2021-06-04,3.822978278917361,0.009145958206687288
2021-06-07,3.8192691963590066,-0.0009702075941182553
2021-06-08,3.8200835011481495,0.00021320958206327845
2021-06-09,3.8143842588734613,-0.0014919156277539702
2021-06-10,3.8321147727098843,0.004648329227758374
2021-06-11,3.838447693246244,0.0016525915615730469
2021-06-14,3.847042307456353,0.0022390859266445684
2021-06-15,3.839985395394586,-0.0018343733959175212
2021-06-16,3.8185446106673906,-0.0055835589252266615
2021-06-17,3.817279927891987,-0.00033119497199818326
2021-06-18,3.76578294841018,-0.013490490730200366
2021-06-21,3.819692836865872,0.014315718455959248
2021-06-22,3.840114626544997,0.005346448144212923
2021-06-23,3.835485477612335,-0.001205471550422721
2021-06-24,3.8581754967935056,0.005915814129296537
2021-06-25,3.8718799403991855,0.0035520529372159437
2021-06-28,3.879684907717816,0.0020158081962184937
2021-06-29,3.8817728077754943,0.0005381622753757309
2021-06-30,3.88504042484072,0.000841784727503958
2021-07-01,3.9065498357650297,0.005536470299454255
2021-07-02,3.936409955670741,0.007643603988444658
2021-07-06,3.9292398549462,-0.0018214822148318044
2021-07-07,3.9431252221624553,0.0035338558420596744
2021-07-08,3.9109971698378025,-0.008147865085307515
2021-07-09,3.9527462584982445,0.01067479388183079
2021-07-12,3.966903753838124,0.003581685849285643
2021-07-13,3.953381719258542,-0.0034087125422438413
2021-07-14,3.959281195545591,0.0014922607291651957
2021-07-15,3.9457585667998,-0.0034154251940995417
2021-07-16,3.914809340233381,-0.007843669611929727
2021-07-19,3.856995185619747,-0.01476806393084451
2021-07-20,3.912267794275293,0.01433048422295724
2021-07-21,3.94394309194885,0.008096403247217943
2021-07-22,3.952202002250994,0.0020940744096951125
2021-07-23,3.9928619842507285,0.010287931127147987
2021-07-26,4.002663350030884,0.002454721905945201
2021-07-27,3.9844209620055913,-0.0045575624103266765
2021-07-28,3.9827881932638434,-0.0004097882119679097
2021-07-29,3.999306013868131,0.00414730078597314
2021-07-30,3.9798833146690815,-0.004856517388691528
2021-08-02,3.9715334969369933,-0.0020980056629581467
2021-08-03,4.003843958287744,0.008135512737251105
2021-08-04,3.984149428048175,-0.00491890554296015
2021-08-05,4.0093801019381194,0.006332762951189119
2021-08-06,4.016005649332307,0.0016525116665753181
2021-08-09,4.01273862643329,-0.0008135005735263601
2021-08-10,4.017729919670208,0.00124386203577731
2021-08-11,4.027713397393357,0.0024848553593090905
2021-08-12,4.039784181007976,0.0029969321110163705
2021-08-13,4.047136096592406,0.0018198783041414313
2021-08-16,4.056666522581355,0.0023548568077493837
2021-08-17,4.0300737226577645,-0.006555332999535923
2021-08-18,3.985964308732915,-0.010945063778079023
2021-08-19,3.9921362102266937,0.0015484086197803393
2021-08-20,4.023901821163987,0.00795704586830448
2021-08-23,4.059298084720075,0.00879650277994326
2021-08-24,4.065741520171269,0.0015873274927624692
2021-08-25,4.0742728556801415,0.0020983467509054776
2021-08-26,4.050221898797743,-0.005903128664754842
2021-08-27,4.086434546724704,0.008940904679249906
2021-08-30,4.104405400792581,0.004397685528153339
2021-08-31,4.098324406728747,-0.0014815773467844462
2021-09-01,4.100502620050162,0.0005314887513145905
2021-09-02,4.11311765991203,0.0030764618464538263
2021-09-03,4.112120054847476,-0.00024254231146292327
2021-09-07,4.09741652076172,-0.0035756577847047
2021-09-08,4.092424930441697,-0.0012182286801279973
2021-09-09,4.074908019357334,-0.00428032557275837
2021-09-10,4.042779372866472,-0.007884508395830991
2021-09-13,4.0531258861431905,0.0025592574618737984
2021-09-14,4.031253142582207,-0.005396512266189868
2021-09-15,4.064924541634185,0.008352588602364541
2021-09-16,4.058480809099887,-0.0015852034812208204
2021-09-17,4.018947960398222,-0.009740799713288006
2021-09-20,3.951934627457039,-0.016674347018552416
2021-09-21,3.9482011840841236,-0.0009447128368410551
2021-09-22,3.986715037737719,0.009754784991416132
2021-09-23,4.035154140826002,0.012150129274293375
2021-09-24,4.041800781120601,0.0016471837413474244
2021-09-27,4.030237118365182,-0.0028610174973079383
2021-09-28,3.9490208363691464,-0.02015173787813762
2021-09-29,3.9556665854144324,0.0016828852823669305
2021-09-30,3.9073201722547206,-0.012222064755906814
2021-10-01,3.9537548556376594,0.011884023150358747
2021-10-04,3.902767670762992,-0.012895889284072481
2021-10-05,3.943375960302562,0.010404997931027449
2021-10-06,3.9597648468395428,0.00415605478705694
2021-10-07,3.993998624208138,0.008645406657397547
2021-10-08,3.9867150377377185,-0.001823632693880417
2021-10-11,3.957852819979665,-0.007239598889022036
2021-10-12,3.9481105737372837,-0.0024614978589404535
2021-10-13,3.9623141169583453,0.0035975545658581964
2021-10-14,4.028961740598021,0.016820378615221232
2021-10-15,4.059646266118425,0.007615988310638366
2021-10-18,4.0716647631066705,0.002960478869440175
2021-10-19,4.10307714223284,0.0077148736337029344
2021-10-20,4.119193306479987,0.0039278238474398375
2021-10-21,4.1299367227841755,0.002608135988007021
2021-10-22,4.1256578348315935,-0.0010360662256581055
2021-10-25,4.147782801948207,0.005362773163062551
2021-10-26,4.151515651154913,0.0008999625546817214
2021-10-27,4.133123533245006,-0.004430217649496471
2021-10-28,4.1730039691788114,0.009648982328504196
2021-10-29,4.181471728903344,0.0020291760532877845
2021-11-01,4.18866381377761,0.0017199888796455287
2021-11-02,4.205599333226675,0.004043179448625089
2021-11-03,4.231275928856315,0.006105335671608092
2021-11-04,4.251216146823217,0.00471257802662195
2021-11-05,4.265965134623945,0.0034693573065556205
2021-11-08,4.269608264733125,0.0008539990352032234
2021-11-09,4.2554950347758,-0.003305509330656986
2021-11-10,4.221259771991683,-0.008044954230788104
2021-11-11,4.2226263542718945,0.0003237380199339057
2021-11-12,4.254493270547786,0.007546705202474913
2021-11-15,4.255950166091733,0.00034243691347035643
2021-11-16,4.272794183944645,0.003957757303436615
2021-11-17,4.262415288609548,-0.002429065124198271
2021-11-18,4.276891851203547,0.003396328516530156
2021-11-19,4.269243446680932,-0.001788309077879191
2021-11-22,4.257224652609581,-0.002815204665991611
2021-11-23,4.26286982575927,0.0013260219063675471
2021-11-24,4.2742516736548,0.0026699965893288713
2021-11-26,4.178922161701439,-0.022303205153066608
2021-11-29,4.230182960115253,0.012266511897159438
2021-11-30,4.147873709378153,-0.019457610111232038
2021-12-01,4.101802358631888,-0.011107221187110938
2021-12-02,4.164627116884224,0.01531637869389968
2021-12-03,4.128388919810285,-0.008701426575988602
2021-12-06,4.177282857131394,0.01184334573869461
2021-12-07,4.263689775127396,0.020684957411607696
2021-12-08,4.274980121426774,0.0026480224629006344
2021-12-09,4.246116715336303,-0.006751705334442026
2021-12-10,4.28608716745074,0.00941341343022195
2021-12-13,4.248119649626124,-0.008858316768017849
2021-12-14,4.21889291089898,-0.006879923622141071
2021-12-15,4.284813275099099,0.01562503850946828
2021-12-16,4.247027275051268,-0.008818587327345417
2021-12-17,4.201827566133294,-0.010642669799531435
2021-12-20,4.1571468613986955,-0.010633635967055133
2021-12-21,4.230974092422253,0.017759110631640596
2021-12-22,4.2732781323217015,0.009998652550299525
2021-12-23,4.29986677308183,0.006222071191439804
2021-12-27,4.360719196604098,0.014152164877111462
2021-12-28,4.357155387683791,-0.0008172525584957402
2021-12-29,4.362728963805321,0.0012791777262026738
2021-12-30,4.350668281016251,-0.002764481334762925
2021-12-31,4.339703834882394,-0.0025201751606067635
2022-01-03,4.3648302326026975,0.005789887668909088
2022-01-04,4.363368880812185,-0.00033480151864717644
2022-01-05,4.279582829963144,-0.019202147042274742
2022-01-06,4.275563295560698,-0.0009392350988755016
2022-01-07,4.258659266920698,-0.003953637794942955
2022-01-10,4.253360195587628,-0.0012443050737189765
2022-01-11,4.292099832400561,0.009108007559087472
2022-01-12,4.3037041955412825,0.002703656390543596
2022-01-13,4.244405219571889,-0.013778590087773268
2022-01-14,4.246141373233965,0.0004090452188849625
2022-01-18,4.170943994932945,-0.017709579519663565
2022-01-19,4.127634625808228,-0.010383589225204548
2022-01-20,4.0819497801807785,-0.0110680449625562
2022-01-21,4.0018181485988835,-0.019630724505960484
2022-01-24,4.018813381751932,0.00424687792447509
2022-01-25,3.9697468391471697,-0.012209211511924556
2022-01-26,3.95978831640479,-0.0025086039855678477
2022-01-27,3.940234900639808,-0.004937995216556246
2022-01-28,4.038091698562246,0.024835270076550175
2022-01-31,4.110821504598173,0.01801093473479609
2022-02-01,4.138598477775876,0.006757037041533742
2022-02-02,4.178801545961052,0.009714174593419944
2022-02-03,4.080578741654001,-0.023505017701064723
2022-02-04,4.099767042283683,0.004702347839489196
2022-02-07,4.0866095286731925,-0.0032093320119871427
2022-02-08,4.1202333944284675,0.008227814651573073
2022-02-09,4.180537402540025,0.01463606605225376
2022-02-10,4.105431525835158,-0.017965603335885483
2022-02-11,4.024477865303406,-0.0197186726955052
2022-02-14,4.011320351692915,-0.003269371593251136
2022-02-15,4.076010791840845,0.016126969295939597
2022-02-16,4.080578741654001,0.0011206912951018388
2022-02-17,3.993411587993856,-0.02136146835505337
2022-02-18,3.9675543658367443,-0.0064749704825946
2022-02-22,3.9249758211488355,-0.010731685255415346
2022-02-23,3.8553517218862403,-0.01773873329039166
2022-02-24,3.913372052174323,0.015049296270093881
2022-02-25,3.9997168798015066,0.022064047700041556
2022-02-28,3.989483258104458,-0.002558586521143047
2022-03-01,3.9287220390952395,-0.01523034816245561
2022-03-02,4.000996119649026,0.018396333422058708
2022-03-03,3.9810775887487435,-0.004978392956309419
2022-03-04,3.9487317745085697,-0.008124889183669493
2022-03-07,3.832326890046417,-0.02947905583600685
2022-03-08,3.8032715682705076,-0.007581639721646383
2022-03-09,3.9052402934408588,0.0268107925873724
2022-03-10,3.8876060345302594,-0.004515537479273024
2022-03-11,3.838174673873302,-0.012715115733925031
2022-03-14,3.8101240871564523,-0.0073083142640151255
2022-03-15,3.8939098409223893,0.021990295289429085
2022-03-16,3.9802540743833643,0.02217417377093711
2022-03-17,4.030051441424935,0.012511102585652356
2022-03-18,4.074191751992641,0.010952790853731464
2022-03-21,4.073000745827128,-0.00029232943317691884
2022-03-22,4.1206603028494815,0.011701337661472744
2022-03-23,4.067592644994745,-0.012878435482303496
2022-03-24,4.128908815242971,0.015074314367166775
2022-03-25,4.149072439704378,0.004883523798580258
2022-03-28,4.178585269461054,0.007113115084290689
2022-03-29,4.230278026708657,0.012370875287718963
2022-03-30,4.204156697671739,-0.006174849234966473
2022-03-31,4.139449620869963,-0.015391214327860392
2022-04-01,4.151181135579365,0.0028340759723839426
2022-04-04,4.186742577341495,0.008566583967472896
2022-04-05,4.133858516845274,-0.012631314087096612
2022-04-06,4.092522670783044,-0.00999933739720138
2022-04-07,4.113144397391426,0.00503887901601674
2022-04-08,4.102146083783667,-0.0026739429850148877
2022-04-11,4.0320317973988224,-0.01709209885577112
2022-04-12,4.017090596829552,-0.003705625679566671
2022-04-13,4.063101639705625,0.011453822553165072
2022-04-14,4.012509278276697,-0.01245166031155287
2022-04-18,4.0141583865891866,0.00041099177549996924
2022-04-19,4.078958153319533,0.01614280267236956
2022-04-20,4.075932956067493,-0.000741659300814046
2022-04-21,4.014983386370088,-0.014953526064915734
2022-04-22,3.9048151675184717,-0.027439271411585642
2022-04-25,3.9274540884056863,0.005797693339119503
2022-04-26,3.81371166272511,-0.028960854314340034
2022-04-27,3.8244351744613034,0.0028118307529654274
2022-04-28,3.9210382816832,0.02525944428787552
2022-04-29,3.776133917933459,-0.03695561056535701
2022-05-02,3.7988637462506185,0.00601933851159564
2022-05-03,3.8162790549132795,0.004584346748379486
2022-05-04,3.9324958857703503,0.030452917405881852
2022-05-05,3.792723038482801,-0.03554303713153628
2022-05-06,3.7700850088448994,-0.00596880642435671
2022-05-09,3.6493774697818133,-0.03201719292267868
2022-05-10,3.6578089853676103,0.0023103983228955904
2022-05-11,3.599700718480627,-0.015886085664788663
2022-05-12,3.5959429142931514,-0.0010439212816174548
2022-05-13,3.6819134172087993,0.02390763840380572
2022-05-16,3.666973999138155,-0.004057514769581272
2022-05-17,3.7424060730916464,0.020570659615045006
2022-05-18,3.591543410600186,-0.04031167637744637
2022-05-19,3.569545892135357,-0.006124809295052658
2022-05-20,3.571104984267215,0.00043677604349978694
2022-05-23,3.637920162777768,0.01870994518640945
2022-05-24,3.6101491312621525,-0.0076337660731978785
2022-05-25,3.6420445675160655,0.008834935924866283
2022-05-26,3.7148177476852333,0.019981408469913475
2022-05-27,3.806012754074748,0.02454898532945249
2022-05-31,3.7846578263647226,-0.005610839765884279
2022-06-01,3.754045194955582,-0.008088612713119447
2022-06-02,3.825534976113769,0.019043399172244957
2022-06-03,3.7627521065791516,-0.01641152673459456
2022-06-06,3.7742085223338844,0.003044690543047235
2022-06-07,3.8104125548508185,0.009592483378355166
2022-06-08,3.768984315943122,-0.010872376235207537
2022-06-09,3.679348401685465,-0.02378251187687075
2022-06-10,3.5726619968173425,-0.028996005058735563
2022-06-13,3.437014742600508,-0.03796811854512794
2022-06-14,3.4266587226644494,-0.0030130856896538605
2022-06-15,3.475509880018526,0.014256207375122454
2022-06-16,3.360484352410073,-0.033096015140040236
2022-06-17,3.3677281297445036,0.0021555753798512267
2022-06-21,3.452507032328428,0.025173915268022595
2022-06-22,3.4462471942357493,-0.0018131282671007831
2022-06-23,3.480029108202562,0.00980252200808951
2022-06-24,3.5906729571043123,0.031793943516437384
2022-06-27,3.576956927257561,-0.003819905073675245
2022-06-28,3.503869730247049,-0.020432786443013606
2022-06-29,3.5010162470293476,-0.0008143805099455337
2022-06-30,3.4725732135315934,-0.00812422208034258
2022-07-01,3.5093004093953644,0.010576363291825208
2022-07-05,3.5159286305374913,0.001888758546968905
2022-07-06,3.5278030422201057,0.00337731874858882
2022-07-07,3.580640163585832,0.014977344464353948
2022-07-08,3.5776939904395597,-0.0008228062613589993
2022-07-11,3.53682337651881,-0.011423731048537333
2022-07-12,3.505527156886459,-0.00884868038368225
2022-07-13,3.4871166198240795,-0.005251859774132117
2022-07-14,3.478648860099547,-0.0024282984045884692
2022-07-15,3.5451084301341402,0.019104995274714653
2022-07-18,3.5158362376920236,-0.008257065480225423
2022-07-19,3.610831531152942,0.02701926001060806
2022-07-20,3.6338438855023796,0.006373145396259883
2022-07-21,3.6708479628194457,0.010183177506523533
2022-07-22,3.6367900586486517,-0.00927793918891573
2022-07-25,3.641209169826508,0.0012151130823037093
2022-07-26,3.598129148858382,-0.011831240381660946
2022-07-27,3.691559408525355,0.02596634411986476
2022-07-28,3.7378601074282125,0.012542314447365976
2022-07-29,3.7923534671009334,0.014578758462476138
2022-08-01,3.781123725754853,-0.0029611536591985788
2022-08-02,3.7561782516451254,-0.006597370495922461
2022-08-03,3.8149980325671313,0.015659475397964417
2022-08-04,3.8124202424703073,-0.0006756989321667906
2022-08-05,3.8059771041022175,-0.0016900388620103568
2022-08-08,3.8015579929243617,-0.0011610976779373727
2022-08-09,3.7864632003901195,-0.003970685850995137
2022-08-10,3.8659929416025123,0.021003701080258397
2022-08-11,3.8659929416025123,0.0
2022-08-12,3.9314406465835416,0.016929080308641264
2022-08-15,3.9476405882661285,0.004120612045018346
2022-08-16,3.9553739585566,0.001958985403447855
2022-08-17,3.927298713942086,-0.007098000064893917
2022-08-18,3.938712349729786,0.0029062306228913037
2022-08-19,3.8857843209341145,-0.013437901551582532
2022-08-22,3.804872252036978,-0.020822583605897615
2022-08-23,3.7956671320473405,-0.0024192980420589816
2022-08-24,3.807818128100146,0.003201280731445877
2022-08-25,3.86157531584018,0.014117582807678719
2022-08-26,3.7308643944859505,-0.03384911873091101
2022-08-29,3.7061955047464137,-0.006612111063590609
2022-08-30,3.6655090823503884,-0.010977948233955703
2022-08-31,3.637617435094389,-0.0076092151538510455
2022-09-01,3.6490322592145072,0.0031379946692557947
2022-09-02,3.610555838032066,-0.010544280907706649
2022-09-06,3.596931606864573,-0.0037734442503233323
2022-09-07,3.661550747067448,0.017965073364073048
2022-09-08,3.68548435612361,0.006536467936524071
2022-09-09,3.74273910325167,0.015535202864971787
2022-09-12,3.7829644526696766,0.010747569709857352
2022-09-13,3.618472508597948,-0.04348228647923058
2022-09-14,3.6322785546253304,0.003815434826319075
2022-09-15,3.5910407459875504,-0.011353151477126677
2022-09-16,3.563645524598993,-0.007628769297359672
2022-09-19,3.591281383302109,0.007754940414907319
2022-09-20,3.5500584288195483,-0.011478620047493227
2022-09-21,3.488131752791793,-0.01744384698714574
2022-09-22,3.458832228704072,-0.008399775628965434
2022-09-23,3.4008805246131035,-0.016754702240264763
2022-09-26,3.3672367542898343,-0.009892664584886246
2022-09-27,3.3586406546642036,-0.002552864634385865
2022-09-28,3.4247261970703655,0.019676276565755213
2022-09-29,3.353187694283058,-0.020888824002486484
2022-09-30,3.3013345121590834,-0.015463847196022007
2022-10-03,3.3884942387416186,0.026401361710398863
2022-10-04,3.4934923203274715,0.030986648991572663
2022-10-05,3.485359076178486,-0.0023281127889306363
2022-10-06,3.4494048905523473,-0.010315776607316085
2022-10-07,3.353187694283058,-0.027893853960960335
2022-10-10,3.3275850723464115,-0.007635308330725676
2022-10-11,3.3065111852531426,-0.006333087399748694
2022-10-12,3.2956049674077468,-0.0032984064575486416
2022-10-13,3.382579314133141,0.02639101093290508
2022-10-14,3.3054945668699083,-0.022788747906414608
2022-10-17,3.3904356768288317,0.025696944357514795
2022-10-18,3.430272144463187,0.011749660347963209
2022-10-19,3.40596361652928,-0.0070864721252930085
2022-10-20,3.3774032352052905,-0.008385404114531592
2022-10-21,3.4594795727885463,0.024301610399288576
2022-10-24,3.5018109443335996,0.012236340945043223
2022-10-25,3.5577303029074105,0.015968697186321767
2022-10-26,3.5309253856472833,-0.00753427465770018
2022-10-27,3.5120704122607305,-0.0053399523714648955
2022-10-28,3.5956250353714485,0.023790702720260626
2022-10-31,3.5696528420529368,-0.007223276360302844
2022-11-01,3.5540328065901265,-0.0043757855886700225
2022-11-02,3.4648398432411205,-0.025096268999998617
2022-11-03,3.4291634303175895,-0.010296698992631637
2022-11-04,3.47851992603224,0.014393159357260377
2022-11-07,3.511793827890539,0.009565534355369554
2022-11-08,3.5307408970394536,0.0053952680816389265
2022-11-09,3.4580003960117693,-0.02060205015006278
2022-11-10,3.6480322774851173,0.054954268279586715
2022-11-11,3.6833394161098867,0.00967840631309036
2022-11-14,3.652006061089487,-0.00850677916983611
2022-11-15,3.6831543333358496,0.008529085583464324
2022-11-16,3.655056213322297,-0.007628819612374049
2022-11-17,3.6438728169405015,-0.003059705714246741
2022-11-18,3.660417375024185,0.004540377481554003
2022-11-21,3.6471077548642445,-0.003636093591609213
2022-11-22,3.6961867749593913,0.013456970123706613
2022-11-23,3.7194783874269595,0.006301524756638921
2022-11-25,3.718646851817762,-0.0002235624253144053
2022-11-28,3.659308363795484,-0.015957010812487238
2022-11-29,3.653022679472723,-0.0017177246894387599
2022-11-30,3.7680957403778788,0.03150077921820227
2022-12-01,3.7653227666814684,-0.0007359085032516699
2022-12-02,3.760978223362815,-0.0011538302525077038
2022-12-05,3.6933217055006193,-0.01798907460881327
2022-12-06,3.6400823336115438,-0.01441503777203701
2022-12-07,3.633890527549771,-0.0017010071460744625
2022-12-08,3.6623582189451898,0.00783394303697249
2022-12-09,3.634999538778473,-0.007470235987619089
2022-12-12,3.687406483809038,0.014417318206366492
2022-12-13,3.7153189268823446,0.007569668056903067
2022-12-14,3.6915653501874446,-0.006393415252464618
2022-12-15,3.6012633756097374,-0.024461702831055643
2022-12-16,3.5587466242075423,-0.01180606552971053
2022-12-19,3.5285698137125467,-0.008479617596185318
2022-12-20,3.5333980083251526,0.0013683148888943286
2022-12-21,3.5862306734443137,0.014952367379695186
2022-12-22,3.5350691007873674,-0.014266113174423722
2022-12-23,3.5554035480338007,0.00575220643972818
2022-12-27,3.541383008005046,-0.003943445473723606
2022-12-28,3.497371037338438,-0.012427904738663509
2022-12-29,3.560325323824291,0.018000459720671325
2022-12-30,3.5509467073016876,-0.002634202121880702
2023-01-03,3.5359977825717026,-0.004209842039939904
2023-01-04,3.563296154868228,0.00772013275321437
2023-01-05,3.5226272603753612,-0.011413279369805962
2023-01-06,3.6034086127065645,0.022932131718811366
2023-01-09,3.601365275114545,-0.00056705686521763
2023-01-10,3.626621201068364,0.0070128754026528295
2023-01-11,3.6724899411374325,0.012647789092380624
2023-01-12,3.6858613545830865,0.0036409666629373394
2023-01-13,3.7001602614806584,0.003879393585923152
2023-01-17,3.6933817162877083,-0.0018319598919852575
2023-01-18,3.635070838723528,-0.015787936921610513
2023-01-19,3.6086075670334536,-0.0072799878913411
2023-01-20,3.675833314394278,0.018629276282344343
2023-01-23,3.719937974989457,0.01199854749193019
2023-01-24,3.715945772232615,-0.0010731906778239653
2023-01-25,3.717337606576699,0.0003745572269877595
2023-01-26,3.7581927721760207,0.010990437222339056
2023-01-27,3.7668280867714308,0.002297730616519278
2023-01-30,3.719566026942756,-0.012546911815448314
2023-01-31,3.774256649796795,0.01470349563843909
2023-02-01,3.8143679193027147,0.010627594577618193
2023-02-02,3.8698945340125173,0.01455722570148743
2023-02-03,3.8287604073781702,-0.010629262961256214
2023-02-06,3.805361844993021,-0.006111263149310542
2023-02-07,3.855131286222779,0.013078767081044607
2023-02-08,3.812975787875527,-0.010934906029764768
2023-02-09,3.7799208362651657,-0.008669069369773852
2023-02-10,3.788741233634614,0.0023334873272540246
2023-02-13,3.833217545193389,0.011739073432605052
2023-02-14,3.8314534657194996,-0.00046020854623851637
2023-02-15,3.8438950090484023,0.003247212432623492
2023-02-16,3.790969654000671,-0.013768678624974662
2023-02-17,3.7814983475494968,-0.0024983862482726993
2023-02-21,3.7056384739256787,-0.02006079777159686
2023-02-22,3.700531912444256,-0.0013780517223561661
2023-02-23,3.720216341858276,0.005319351347254919
2023-02-24,3.6804758320666395,-0.01068231149476262
2023-02-27,3.693010956573426,0.0034058434503421164
2023-02-28,3.6793611762589546,-0.003696111513066369
2023-03-01,3.665247055052316,-0.0038360249321838236
2023-03-02,3.69375366433441,0.007777541009902578
2023-03-03,3.7529935207660294,0.016037847083203882
2023-03-06,3.7555932950125785,0.0006927201531694571
2023-03-07,3.6980248281262784,-0.01532872767739546
2023-03-08,3.7040597743089316,0.0016319377135471935
2023-03-09,3.6357205594728392,-0.018449814257882058
2023-03-10,3.583259545317275,-0.014429330664282647
2023-03-13,3.578152092586539,-0.0014253649969091509
2023-03-14,3.637298962006483,0.01653000428419138
2023-03-15,3.6145504174537466,-0.006254241070188793
2023-03-16,3.6779681535824533,0.01754512423522403
2023-03-17,3.6349629975566353,-0.011692639585236697
2023-03-20,3.6699160131209676,0.009615783045887172
2023-03-21,3.71810289265362,0.01313024040887334
2023-03-22,3.654722886079171,-0.017046329379339586
2023-03-23,3.6646029788819914,0.0027033767294515343
2023-03-24,3.688650073684032,0.006561991828478275
2023-03-27,3.695547749201844,0.0018699728572850738
2023-03-28,3.6872522976778597,-0.0022447150157309803
2023-03-29,3.740845495544268,0.014534724922447007
2023-03-30,3.762750026997422,0.005855502848017835
2023-03-31,3.8157838173782572,0.014094422962015019
2023-04-03,3.830324252839701,0.0038106025281678946
2023-04-04,3.8090736012993176,-0.005548003285786751
2023-04-05,3.799100224401718,-0.0026183208678870473
2023-04-06,3.8139205121475,0.0039009994131218306
2023-04-10,3.817834284964782,0.0010261810136882321
2023-04-11,3.8188595187580443,0.00026853805501714234
2023-04-12,3.803294443669547,-0.004075843851297112
2023-04-13,3.8538116430730636,0.01328248447542646
2023-04-14,3.8443979707441414,-0.0024426913406218054
2023-04-17,3.8581930246966616,0.0035883522095008225
2023-04-18,3.8607096156739806,0.0006522719213917227
2023-04-19,3.8600572211767323,-0.00016898305290813376
2023-04-20,3.8389925436596997,-0.0054570894445474805
2023-04-21,3.841974960944708,0.0007768749876666536
2023-04-24,3.845982909106083,0.0010431999693172322
2023-04-25,3.784932628236289,-0.015873778514523762
2023-04-26,3.768900538507685,-0.004235766208624647
2023-04-27,3.8439318473533493,0.019908009797301007
2023-04-28,3.8767405170701683,0.008535185070830176
2023-05-01,3.8728270413359906,-0.0010094757998235782
2023-05-02,3.829298721963335,-0.011239417332109869
2023-05-03,3.80301459138521,-0.006863954077901968
2023-05-04,3.7760777692267316,-0.0070830183558845405
2023-05-05,3.8459829091060826,0.0185126324592797
2023-05-08,3.847008142899345,0.0002665726337043317
2023-05-09,3.8301373875670373,-0.004385422308878395
2023-05-10,3.8480336737757113,0.004672491975553417
2023-05-11,3.841322566447458,-0.0017440354989586293
2023-05-12,3.8362896815759253,-0.0013101958464757368
2023-05-15,3.849525030959768,0.0034500390956935245
2023-05-16,3.823799713701007,-0.006682725025000558
2023-05-17,3.8702165720976818,0.012138935580323196
2023-05-18,3.9074987192004604,0.00963309065739737
2023-05-19,3.9018140339978875,-0.0014548143482785436
2023-05-22,3.903398081110515,0.00040597709137979443
2023-05-23,3.859591097785938,-0.011222781385421432
2023-05-24,3.8316290418341974,-0.007244823413490864
2023-05-25,3.8648105508470305,0.008659895999991951
2023-05-26,3.914862221025962,0.012950614142771322
2023-05-30,3.9163541723762267,0.0003810993250930039
2023-05-31,3.8946371003619453,-0.005545226774294698
2023-06-01,3.9316396922634893,0.009500908800490038
2023-06-02,3.988496348031662,0.014461308822385943
2023-06-05,3.980853588088031,-0.001916200812720592
2023-06-06,3.989520987658716,0.002177271627527455
2023-06-07,3.9757262307893004,-0.003457747662460875
2023-06-08,3.99977391975755,0.006048627992042421
2023-06-09,4.006950853393492,0.001794334824898547
2023-06-12,4.043301050797788,0.009071785188857762
2023-06-13,4.069958614838136,0.006593019838354142
2023-06-14,4.074804634437005,0.0011906803133578947
2023-06-15,4.125323319256043,0.012397817650469545
2023-06-16,4.111271288418222,-0.0034062859442383076
2023-06-20,4.089941315688965,-0.005188169603242865
2023-06-21,4.068986261837454,-0.005123558563329023
2023-06-22,4.083673159269363,0.0036094733397495915
2023-06-23,4.052801174310086,-0.007559856960932754
2023-06-26,4.036242059154287,-0.0040858444427926965
2023-06-27,4.080491993387515,0.010963151759659118
2023-06-28,4.082550482217858,0.0005044707436454576
2023-06-29,4.098641097318028,0.003941314423484776
2023-06-30,4.147008900461256,0.01180093645547009
2023-07-03,4.1517797580347136,0.0011504334058523025
2023-07-05,4.145604885709891,-0.0014872832097783117
2023-07-06,4.1131420207265865,-0.007830670282931607
2023-07-07,4.102758372061819,-0.0025245052595905815
2023-07-10,4.1131420207265865,0.0025308945161079954
2023-07-11,4.139336729290289,0.006368539776089532
2023-07-12,4.17264182487455,0.008045998130229659
2023-07-13,4.205759461019938,0.007936850929299188
2023-07-14,4.2031400792885,-0.0006228082598912499
2023-07-17,4.217734286791838,0.0034722153504360698
2023-07-18,4.249074771806743,0.007430644721515556
2023-07-19,4.258523797025088,0.0022237841708601103
2023-07-20,4.230270302547937,-0.006634574754962763
2023-07-21,4.230270302547937,0.0
2023-07-24,4.249168352984627,0.004467338747906391
2023-07-25,4.260768556961887,0.002729993969081468
2023-07-26,4.261424219373284,0.00015388360166279647
2023-07-27,4.233170130729924,-0.006630198541349386
2023-07-28,4.274615006291467,0.009790505526976467
2023-07-31,4.282753895019436,0.0019040050895788863
2023-08-01,4.270498325713884,-0.0028616095171389855
2023-08-02,4.211092696910014,-0.013910701813456328
2023-08-03,4.199023695794021,-0.002866002243277266
2023-08-04,4.180032658345656,-0.0045227269061109965
2023-08-07,4.216518325645556,0.008728560344392067
2023-08-08,4.19818176227617,-0.004348745090910655
2023-08-09,4.170116024320996,-0.006685212681205366
2023-08-10,4.171612729000931,0.00035891199937987395
2023-08-11,4.169180806708365,-0.0005829693335769326
2023-08-14,4.192194646473324,0.005519990816404308
2023-08-15,4.143360125773094,-0.011648915381663572
2023-08-16,4.11295485837082,-0.007338311534433872
2023-08-17,4.081615858771436,-0.007619582679251002
2023-08-18,4.083579578091478,0.00048111321299915133
2023-08-21,4.110148611366717,0.006506309664634058
2023-08-22,4.099016016195773,-0.0027085626880147817
2023-08-23,4.144669371014157,0.011137637578872761
2023-08-24,4.087228352779642,-0.013859010959047846
2023-08-25,4.116042443074783,0.007049787241651284
2023-08-28,4.142143570460602,0.00634131638504698
2023-08-29,4.202017699320101,0.014454865660979754
2023-08-30,4.219325166815867,0.0041188468812414225
2023-08-31,4.213150294491045,-0.001463473916015423
2023-09-01,4.221008439685361,0.001865147133391254
2023-09-05,4.202765754576964,-0.004321878377897104
2023-09-06,4.174513151349126,-0.006722383515443298
2023-09-07,4.161696689142479,-0.0030701693208237124
2023-09-08,4.167964548478977,0.0015060826880657352
2023-09-11,4.195375515272068,0.006576583479601217
2023-09-12,4.172361081340899,-0.005485667217962065
2023-09-13,4.177226114258449,0.0011660143555904945
2023-09-14,4.213243578585824,0.008622340122894867
2023-09-15,4.162481582704287,-0.012048198717857006
2023-09-18,4.16492271457309,0.0005864607014589573
2023-09-19,4.156284726229741,-0.0020739852658311353
2023-09-20,4.118075085675045,-0.00919322016452817
2023-09-21,4.0500097814612035,-0.01652842718934644
2023-09-22,4.040903590145329,-0.0022484368698461044
2023-09-25,4.057896149550438,0.004205138535487318
2023-09-26,3.9982804829917615,-0.014691274582096292
2023-09-27,3.99987611634546,0.0003990798945912033
2023-09-28,4.0230652351420115,0.005797459251747794
2023-09-29,4.013301895999218,-0.0024268408718579604
2023-10-02,4.011705371396206,-0.00039780824976143325
2023-10-03,3.958004926529112,-0.013385939368823818
2023-10-04,3.986826740984968,0.007281904644098169
2023-10-05,3.985324985892258,-0.0003766792966626298
2023-10-06,4.032641709012141,0.01187273893280505
2023-10-09,4.058459716199473,0.006402256647208171
2023-10-10,4.079582919088071,0.005204733905398662
2023-10-11,4.096294140793319,0.004096306420702245
2023-10-12,4.071321037954883,-0.006096511134232041
2023-10-13,4.0510427394151804,-0.004980766279705895
2023-10-16,4.09366525240254,0.010521368380703056
2023-10-17,4.093477495880563,-4.5865138060929844e-05
2023-10-18,4.038931849581469,-0.013325014331698637
2023-10-19,4.003443787346124,-0.00878649691477773
2023-10-20,3.9542503902557855,-0.012287770155741007
2023-10-23,3.9473960888712147,-0.001733400950395425
2023-10-24,3.9771569830200586,0.007539373672874605
2023-10-25,3.9200760295080683,-0.014352200266594894
2023-10-26,3.8731348194321384,-0.011974566238660556
2023-10-27,3.85557839629489,-0.004532871680367201
2023-10-30,3.9016752961881336,0.011955897443958419
2023-10-31,3.9261784135554185,0.006280152884896362
2023-11-01,3.9680504946210795,0.01066484419584568
2023-11-02,4.044095748102039,0.019164386537934286
2023-11-03,4.080991093002898,0.009123261959901319
2023-11-06,4.090379216184842,0.0023004517696794125
2023-11-07,4.102020714713612,0.0028460682771678236
2023-11-08,4.105025413231449,0.0007324922829032854
2023-11-09,4.073010846652675,-0.007798871713579181
2023-11-10,4.136569697255969,0.01560488125277848
2023-11-13,4.1326268102944566,-0.0009531779348788127
2023-11-14,4.212802410175801,0.019400638761193134
2023-11-15,4.221721439135908,0.0021171249186915375
2023-11-16,4.226884743490269,0.0012230329330820133
2023-11-17,4.2321431144380375,0.001244029886517728
2023-11-20,4.264719465167221,0.007697365105175269
2023-11-21,4.255424923163161,-0.0021794029079696964
2023-11-22,4.271855104251652,0.0038609965832221427
2023-11-24,4.274483398476223,0.0006152582801683959
2023-11-27,4.26678508399207,-0.0018009929543526537
2023-11-28,4.271009902819652,0.0009901644316310243
2023-11-29,4.268005204301815,-0.0007035100798651328
2023-11-30,4.284810601351156,0.003937529652588534
2023-12-01,4.310158920150441,0.005915855135181891
2023-12-04,4.287533665086028,-0.005249285579387197
2023-12-05,4.286689057820237,-0.0001969914015297336
2023-12-06,4.269413675299745,-0.004030005976051854
2023-12-07,4.301990917278241,0.007630378421038975
2023-12-08,4.320486420108478,0.00429928913981481
2023-12-11,4.337290925908506,0.0038894939518421268
2023-12-12,4.357100724392581,0.0045673206668572774
2023-12-13,4.417185782256199,0.013790146628293698
2023-12-14,4.431362290914761,0.003209398326760038
2023-12-15,4.424065632787748,-0.0016465948049367851
2023-12-18,4.448951096110388,0.005625021278664599
2023-12-19,4.4760046719288935,0.006080888558689157
2023-12-20,4.41397936431048,-0.013857292868214244
2023-12-21,4.455832729140564,0.009482002831388892
2023-12-22,4.464787110990094,0.0020095866236111704
2023-12-26,4.483640301878021,0.004222640502056452
2023-12-27,4.49174680854761,0.0018080189586560103
2023-12-28,4.493443450156803,0.0003777242310194495
2023-12-29,4.480435072264718,-0.0028949686440654654
2024-01-02,4.455360367004579,-0.0055964889247829275
2024-01-03,4.418975113793965,-0.008166624069306572
2024-01-04,4.404741268096256,-0.003221073966512722
2024-01-05,4.410775025946491,0.0013698325243161058
2024-01-08,4.473742681172042,0.014275870987557004
2024-01-09,4.466955520569065,-0.0015171101886439775
2024-01-10,4.49221798235118,0.005655409297403713
2024-01-11,4.490238814709709,-0.0004405769375498414
2024-01-12,4.4933492748127115,0.0006927159626370916
2024-01-16,4.476852547108836,-0.00367136554381553
2024-01-17,4.451967677952404,-0.00555856349847883
2024-01-18,4.491558160776322,0.008892805538544879
2024-01-19,4.547550898876918,0.012466216866468871
2024-01-22,4.557166290633724,0.0021144110248838555
2024-01-23,4.570457194558088,0.0029164842967615012
2024-01-24,4.57545353820778,0.0010931824622799624
2024-01-25,4.600337813198002,0.005438646635229416
2024-01-26,4.594494485617683,-0.0012701953242553188
2024-01-29,4.630879144662089,0.007919186573909665
2024-01-30,4.627297510755519,-0.0007734241803089015
2024-01-31,4.551792354358347,-0.016317333437426695
2024-02-01,4.6113673205317225,0.013088243385340759
2024-02-02,4.659912482288274,0.010527281472549
2024-02-05,4.642945472030142,-0.0036410577071179784
2024-02-06,4.656425023725795,0.0029032328242613037
2024-02-07,4.695261806713866,0.008340472098269824
2024-02-08,4.6973354467825335,0.0004416452487703282
2024-02-09,4.724483792111339,0.00577952024852757
2024-02-12,4.722409260793358,-0.00043910221926146686
2024-02-13,4.657367371332931,-0.01377303106709138
2024-02-14,4.699692207049688,0.009087716802688828
2024-02-15,4.732118827894257,0.006899732879512399
2024-02-16,4.708552710638229,-0.004980034972307368
2024-02-20,4.682630427281255,-0.005505361190585423
2024-02-21,4.686872179845787,0.0009058482471346885
2024-02-22,4.783869219264111,0.02069547359013213
2024-02-23,4.787168624221508,0.0006896938035241273
2024-02-26,4.769635670649507,-0.0036624892391068364
2024-02-27,4.778496471321152,0.0018577520975389117
2024-02-28,4.772180781604847,-0.0013216897311130182
2024-02-29,4.789336439634268,0.003594930455181
2024-03-01,4.834299373318041,0.009388134295949868
2024-03-04,4.829115273146371,-0.0010723581167277896
2024-03-05,4.780852340338994,-0.009994156295203172
2024-03-06,4.80507827916988,0.005067284472786815
2024-03-07,4.8527758628295965,0.009926494614351355
2024-03-08,4.82364834985932,-0.0060022374396853095
2024-03-11,4.81950077263888,-0.0008598423681860368
2024-03-12,4.871345636435931,0.010757309987661667
2024-03-13,4.863709412320596,-0.0015675800251615524
2024-03-14,4.854094911813104,-0.001976783498441992
2024-03-15,4.820764267081866,-0.006866500415993904
2024-03-18,4.8494149616695905,0.005943185146671359
2024-03-19,4.876364261318453,0.005557226977248364
2024-03-20,4.9214659328119765,0.009249036592957394
2024-03-21,4.93773123277753,0.003304970548939634
2024-03-22,4.9283704412411895,-0.0018957677311801646
2024-03-25,4.914753340068201,-0.0027630027684280023
2024-03-26,4.905676262896557,-0.0018469039122761544
2024-03-27,4.9469027823763705,0.008403840219059155
2024-03-28,4.945956275605772,-0.00019133320629838302
2024-04-01,4.937352451819427,-0.001739567296375144
2024-04-02,4.905960571427462,-0.006358039191712406
2024-04-03,4.911349956024267,0.0010985380983681292
2024-04-04,4.851400665139356,-0.012206275549836776
2024-04-05,4.902082745665811,0.010446896478915946
2024-04-08,4.90482452563626,0.0005593091982940557
2024-04-09,4.910498218763971,0.0011567576165172344
2024-04-10,4.861328885405088,-0.010013104815107532
2024-04-11,4.898017163382184,0.007546964799530986
2024-04-12,4.830409367149109,-0.013803095003119714
2024-04-15,4.769893538784119,-0.012528095191382538
2024-04-16,4.761193757155055,-0.0018238942983372919
2024-04-17,4.733016315952629,-0.005918146296836069
2024-04-18,4.723276743458187,-0.0020577939825845437
2024-04-19,4.682050223978374,-0.008728372635991022
2024-04-22,4.725167974500757,0.009209160188321519
2024-04-23,4.781239736707122,0.011866617760247777
2024-04-24,4.778970615955763,-0.000474588365427131
2024-04-25,4.760815867446266,-0.003798882639889589
2024-04-26,4.8059193214384175,0.009473891712670879
2024-04-29,4.82293921248913,0.003541443356069207
2024-04-30,4.746538053449107,-0.015841202983064906
2024-05-01,4.731125679076268,-0.003247076964154827
2024-05-02,4.775377692891227,0.009353379473867385
2024-05-03,4.8345697189430386,0.012395255382611214
2024-05-06,4.884495128802603,0.010326753519334764
2024-05-07,4.889884810482513,0.0011034265646265862
2024-05-08,4.89035865803402,9.690362245184936e-05
2024-05-09,4.9185355050702375,0.005761713814165237
2024-05-10,4.924871396437641,0.0012881662358383839
2024-05-13,4.925532109261813,0.00013415839135411112
2024-05-14,4.948130923929935,0.004588096101460382
2024-05-15,5.0094052054604425,0.012383318564627155
2024-05-16,4.999098204236609,-0.0020575299463894137
2024-05-17,5.006284644531892,0.0014375473338756883
2024-05-20,5.0120522159205905,0.0011520662124153702
2024-05-21,5.0243443264479835,0.0024525104683361665
2024-05-22,5.0098781617626384,-0.0028792144298701583
2024-05-23,4.973284059129635,-0.007304389737918915
2024-05-24,5.006188983772278,0.00661633726355082
2024-05-28,5.0096886227420345,0.0006990624966618508
2024-05-29,4.974607861442813,-0.007002583182509348
2024-05-30,4.9416066818743465,-0.006633925826445841
2024-05-31,4.986616554688613,0.009108347894088986
2024-06-03,4.9906818398891355,0.0008152391819058469
2024-06-04,4.99626046642344,0.0011178084905585361
2024-06-05,5.055642031495855,0.011885202036899134
2024-06-06,5.0555481532348665,-1.856900872398981e-05
2024-06-07,5.0494020979711705,-0.0012157050190024776
2024-06-10,5.0650031201153,0.0030896771224453445
2024-06-11,5.077201352381704,0.0024083365749489882
2024-06-12,5.118901125246817,0.008213141447610983
2024-06-13,5.129206938138233,0.00201328617983787
2024-06-14,5.132328093232993,0.0006085063699716731
2024-06-17,5.173175831754705,0.007958910221575577
2024-06-18,5.186318788293081,0.0025405972976406677
2024-06-20,5.172229919150315,-0.0027165451484717495
2024-06-21,5.165295999493766,-0.0013406054574014448
2024-06-24,5.148504862433437,-0.0032507598910063162
2024-06-25,5.168331000488253,0.0038508535166159596
2024-06-26,5.174782457183266,0.0012482669346067787
2024-06-27,5.182940953396124,0.001576587282724029
2024-06-28,5.162544415780872,-0.003935321239167622
2024-07-01,5.173169890092616,0.0020581855488281953
2024-07-02,5.207983870764092,0.0067297191878716855
2024-07-03,5.2312240878546,0.004462421095612568
2024-07-05,5.26139109460715,0.005766720416850335
2024-07-08,5.2674622849285395,0.00115391352062999
2024-07-09,5.272584591814495,0.0009724430112412197
2024-07-10,5.324757138275694,0.009895061056430343
2024-07-11,5.278845321156488,-0.008622330733016992
2024-07-12,5.312140612998303,0.006307305824698961
2024-07-15,5.326749971739965,0.002750182987610428
2024-07-16,5.358338224063935,0.005930117330746665
2024-07-17,5.283208283627612,-0.014021126941729745
2024-07-18,5.242608312414965,-0.0076847190254574205
2024-07-19,5.2077943317434885,-0.006640583960665802
2024-07-22,5.261484972868138,0.010309670026211526
2024-07-23,5.2532331925605,-0.0015683367623761102
2024-07-24,5.134181297638199,-0.022662594740872843
2024-07-25,5.1074295582537586,-0.005210517088040323
2024-07-26,5.16463291000476,0.011200027547821678
2024-07-29,5.167667316833036,0.000587535819321916
2024-07-30,5.141485977009031,-0.005066374868738621
2024-07-31,5.225059019272223,0.01625464751569905
2024-08-01,5.151067501291936,-0.01416089611760829
2024-08-02,5.055163133531574,-0.01861834808732543
2024-08-05,4.9079373624041,-0.029123841751199864
2024-08-06,4.953186684200508,0.00921962088249706
2024-08-07,4.920079445963774,-0.006684027949590221
2024-08-08,5.033818900813307,0.02311740208643176
2024-08-09,5.056015762041184,0.004409547038788153
2024-08-12,5.058671684994464,0.0005252995794078341
2024-08-13,5.141866243382657,0.0164459295974817
2024-08-14,5.158085792550134,0.0031544090024415716
2024-08-15,5.246497724417689,0.017140453924835652
2024-08-16,5.258261027019261,0.0022421247886612594
2024-08-19,5.308536400775801,0.009561216816396767
2024-08-20,5.299904354094538,-0.0016260690385396792
2024-08-21,5.318118519224914,0.0034366969502579447
2024-08-22,5.276379531390021,-0.007848450102043936
2024-08-23,5.33244208402015,0.010625193335051852
2024-08-26,5.319730492149354,-0.0023838218344441886
2024-08-27,5.327035171520185,0.0013731295939918287
2024-08-28,5.296109414519013,-0.005805435107038459
2024-08-29,5.296584747486043,8.975134949573693e-05
2024-08-30,5.347144726856592,0.00954576992174938
2024-09-03,5.237105739155387,-0.020579018022183426
2024-09-04,5.226387574915073,-0.002046581599485342
2024-09-05,5.213675388878068,-0.002432308330522437
2024-09-06,5.125928328998146,-0.016830173214678057
2024-09-09,5.183320031437332,0.011196352885878724
2024-09-10,5.205897159038833,0.004355727114005781
2024-09-11,5.259303788715683,0.010258871438541872
2024-09-12,5.3036030387442405,0.008423025519766592
2024-09-13,5.331303661564115,0.005222981927100134
2024-09-16,5.3391775521629645,0.0014769165477510615
2024-09-17,5.3413587363154225,0.00040852437124416774
2024-09-18,5.3255176710229435,-0.002965737010842795
2024-09-19,5.416394204324549,0.017064356728375918
2024-09-20,5.40703073904027,-0.0017287267010225316
2024-09-23,5.420542672794302,0.0024989563415040994
2024-09-24,5.436052193342277,0.0028612486764134637
2024-09-25,5.424063107581366,-0.0022054765727956838
2024-09-26,5.445567765176007,0.0039646768793273335
2024-09-27,5.4376695137625966,-0.0014503999865576045
2024-09-30,5.459459965303663,0.0040073144360677215
2024-10-01,5.410551767993542,-0.00895843135052643
2024-10-02,5.412835742900121,0.00042213345413122383
2024-10-03,5.402939904692768,-0.001828216978564945
2024-10-04,5.4520382351897,0.009087336036124993
2024-10-07,5.4027491773397465,-0.009040482792622595
2024-10-08,5.453844500464413,0.00945728210722252
2024-10-09,5.491621588019112,0.00692668952176434
2024-10-10,5.482012137924395,-0.0017498383566125764
2024-10-11,5.514838038461268,0.0059879291966147274
2024-10-14,5.559940601204105,0.008178402054291656
2024-10-15,5.516741746994223,-0.007769661100431091
2024-10-16,5.540719918516044,0.0043464371945425295
2024-10-17,5.541196439815491,8.600349890541814e-05
2024-10-18,5.562509775890902,0.003846341905922479
2024-10-21,5.553375658763215,-0.001642085586487707
2024-10-22,5.550425623536586,-0.0005312147796041611
2024-10-23,5.499709378453125,-0.009137361442768999
2024-10-24,5.5116039917868385,0.0021627712512073405
2024-10-25,5.509699689087675,-0.0003455078960682423
2024-10-28,5.526732651794982,0.003091450291027975
2024-10-29,5.535677229902068,0.0016184206240155152
2024-10-30,5.518930655307397,-0.0030252079193149317
2024-10-31,5.410741901180356,-0.019603209549842626
2024-11-01,5.433578085248889,0.004220527329819701
2024-11-04,5.421874793434405,-0.0021538830639530326
2024-11-05,5.487435687078208,0.012091923207668609
2024-11-06,5.6238829860951745,0.024865402858073038
2024-11-07,5.667367040085275,0.00773203391635513
2024-11-08,5.691917987832368,0.0043319847776654985
2024-11-11,5.69734094281997,0.000952746508153357
2024-11-12,5.6796425139588225,-0.003106436676122093
2024-11-13,5.68240241599864,0.000485928829681459
2024-11-14,5.6458629766568444,-0.006430280129214205
2024-11-15,5.573548195717756,-0.012808454834642324
2024-11-18,5.596384973952498,0.004097350095992214
2024-11-19,5.616841522354838,0.003655314725050429
2024-11-20,5.618744636721583,0.00033882287032160896
2024-11-21,5.648908078476881,0.005368359607974105
2024-11-22,5.666416968317425,0.003099517569998378
2024-11-25,5.685637651005488,0.003392034648267206
2024-11-26,5.715323977295129,0.00522128354141449
2024-11-27,5.698007003140022,-0.003029919952727167
2024-11-29,5.73340326669611,0.006212042831218234
2024-12-02,5.743679965443295,0.0017924255924715027
2024-12-03,5.7463442067234975,0.000463856150800801
2024-12-04,5.782026264226012,0.00620952317140433
2024-12-05,5.772510098226074,-0.0016458185357640653
2024-12-06,5.783453451459519,0.0018957703056783348
2024-12-09,5.753671464410263,-0.005149516166978119
2024-12-10,5.735782308196094,-0.0031091723475737965
2024-12-11,5.780123744025475,0.007730669235131105
2024-12-12,5.750340568643801,-0.005152688195033672
2024-12-13,5.749200363689138,-0.00019828476958050345
2024-12-16,5.773748340605186,0.0042698071667650606
2024-12-17,5.749959708103968,-0.0041201367115223375
2024-12-18,5.5785920726641525,-0.029803275873097168
2024-12-19,5.57687849731801,-0.00030716986003320734
2024-12-20,5.64386182486565,0.012010899570405353
2024-12-23,5.6776579988214735,0.005988129228629457
2024-12-24,5.740766174355402,0.011115177340204063
2024-12-26,5.741148223227651,6.65501538725799e-05
2024-12-27,5.680713795633266,-0.010526540204950474
2024-12-30,5.615887291423524,-0.011411682852174976
2024-12-31,5.595456886334372,-0.0036379656551073225
2025-01-02,5.581708474429242,-0.002457066899882232
2025-01-03,5.651499831479611,0.012503583332969637
2025-01-06,5.684054792225278,0.0057604108141933175
2025-01-07,5.6198022525732245,-0.011303997234498597
2025-01-08,5.628013629578665,0.0014611505238784073
2025-01-10,5.542087094962468,-0.015267648636208109
2025-01-13,5.55067992667395,0.0015504685444753807
2025-01-14,5.558318527454119,0.0013761558729881163
2025-01-15,5.6594236320399975,0.018189872366344506
2025-01-16,5.648539695427432,-0.0019231528367921191
2025-01-17,5.705250483391347,0.010039902527342326
2025-01-21,5.757473533980291,0.009153507061779642
2025-01-22,5.789838955705355,0.005621462527625187
2025-01-23,5.821440279685919,0.005458066143519069
2025-01-24,5.804446531948392,-0.0029191655193692156
2025-01-27,5.722339891888489,-0.014145472717851493
2025-01-28,5.771508333998058,0.008592366591027911
2025-01-29,5.745634772270205,-0.00448298091773347
2025-01-30,5.7764725926724765,0.0053671737979417156
2025-01-31,5.74573043302982,-0.005321960616874288
2025-02-03,5.707064472826776,-0.006729511705033997
2025-02-04,5.745349572489988,0.006708369923889901
2025-02-05,5.768643858705496,0.004054459336477301
2025-02-06,5.788693403254816,0.003475607966170857
2025-02-07,5.735706849087578,-0.009153456656979642
2025-02-10,5.774657414904632,0.006790892010676952
2025-02-11,5.779050679852405,0.0007607836503744636
2025-02-12,5.7604330758662625,-0.0032215678694511585
2025-02-13,5.82124895816669,0.010557519113488123
2025-02-14,5.820963164220263,-4.9094953416428666e-05
2025-02-18,5.8380525727174035,0.002935838625845344
2025-02-19,5.851799796290116,0.002354761866475208
2025-02-20,5.827455618383682,-0.004160118041267924
2025-02-21,5.72778245436098,-0.017104062312935597
2025-02-24,5.701718759446315,-0.004550398888634621
2025-02-25,5.673362177131939,-0.004973339357960405
2025-02-26,5.6762266524245035,0.0005048990709795032
2025-02-27,5.585623435578941,-0.015961874391830944
2025-02-28,5.672790589239087,0.015605626599336064
2025-03-03,5.5734026249966035,-0.01752011865747627
2025-03-04,5.507431756668737,-0.011836731125791644
2025-03-05,5.566624971052966,0.010747879774007929
2025-03-06,5.467810971368172,-0.017751150867651
2025-03-07,5.498456281918796,0.005604676297534139
2025-03-10,5.352002035613433,-0.02663552073460429
2025-03-11,5.3075108698994375,-0.0083129949162839
2025-03-12,5.335674942362166,0.00530645591749157
2025-03-13,5.264548493840652,-0.013330356382247222
2025-03-14,5.3732916050404915,0.020655733597489956
2025-03-17,5.414727568108902,0.007711467404735828
2025-03-18,5.356202790709559,-0.010808443576004967
2025-03-19,5.414536246589672,0.010890822875730954
2025-03-20,5.398879372821917,-0.0028916370774351163
2025-03-21,5.400660088949652,0.00032983069351377736
2025-03-24,5.497377870249846,0.01790851112775793
2025-03-25,5.510592720899485,0.0024038461538462563
2025-03-26,5.444806044096342,-0.011938221555303774
2025-03-27,5.430345226906876,-0.0026558920689462306
2025-03-28,5.320987153680941,-0.020138327980341875
2025-03-31,5.35670664365461,0.006712944222945216
2025-04-01,5.371836491995171,0.002824468343526565
2025-04-02,5.405831711630938,0.006328416675828619
2025-04-03,5.139428379428006,-0.04928072985138454
2025-04-04,4.83855003837571,-0.05854315282544742
2025-04-07,4.8299319546003545,-0.0017811294100512631
2025-04-08,4.754281524565134,-0.015662835573318157
2025-04-09,5.253573055631931,0.10501934487618847
2025-04-10,5.023367517200741,-0.04381885166408894
2025-04-11,5.112998083962519,0.017842725314217933
2025-04-14,5.162601455736921,0.009701425848366307
2025-04-15,5.148141232713663,-0.0028009566779919615
2025-04-16,5.033707791732267,-0.022228108322715268
2025-04-17,5.040890667030297,0.001426955158149612
2025-04-21,4.920903257412261,-0.0238028192919969
2025-04-22,5.048933894998652,0.026017710751281342
2025-04-23,5.127170136374516,0.015495596298727987
2025-04-24,5.235091515707603,0.021048917134121048
2025-04-25,5.272916730725213,0.007225320685248393
2025-04-28,5.274926795009541,0.0003812053910532409
2025-04-29,5.30815613440218,0.006299488255282926
2025-04-30,5.3102624536123315,0.00039680807361719417
2025-05-01,5.3478957529445035,0.007086900065847335
2025-05-02,5.427281111768162,0.014844223315300997
2025-05-05,5.3961592799180895,-0.005734332018031862
2025-05-06,5.351056717175252,-0.00835827120794741
2025-05-07,5.373560168166863,0.0042054218785201325
2025-05-08,5.411002740146014,0.006967926441200367
2025-05-09,5.4041074412930366,-0.0012743107302124468
2025-05-12,5.582699543665498,0.033047474409526156
2025-05-13,5.619567556920753,0.0066039759021399025
2025-05-14,5.626748649720156,0.0012778728481623869
2025-05-15,5.654231807707614,0.004884376342068286
2025-05-16,5.690045770108479,0.006334010280944824
2025-05-19,5.696270255311735,0.001093925331137946
2025-05-20,5.677118495903892,-0.0033621577891223
2025-05-21,5.581454171291879,-0.016850859230970072
2025-05-22,5.583656745427854,0.0003946237070804326
2025-05-23,5.545544548131399,-0.006825669813543378
2025-05-27,5.6608395301155365,0.020790560959966786
2025-05-28,5.628089088687179,-0.005785438936066978
2025-05-29,5.650305557399946,0.0039474266243269
2025-05-30,5.643986005603284,-0.0011184442562377495
2025-06-02,5.6757786511030766,0.005633012815451588
2025-06-03,5.708145261160558,0.005702584975048497
2025-06-04,5.706612906508096,-0.00026845053556867615
2025-06-05,5.679032899428606,-0.004832990695415318
2025-06-06,5.7373515011534995,0.010269107919899767
2025-06-09,5.742522529668575,0.0009012919138797759
2025-06-10,5.7750804612452855,0.005669621914150325
2025-06-11,5.758608985605283,-0.0028521638357312806
2025-06-12,5.781496267967771,0.00397444633238675
2025-06-13,5.716858708612424,-0.011180074561920939
2025-06-16,5.771250465863443,0.009514273488879121
2025-06-17,5.721934670534095,-0.008545079722505178
2025-06-18,5.721071941198936,-0.00015077581007727492
2025-06-20,5.707636060719628,-0.0023484900412722443
2025-06-23,5.764012333107996,0.009877341825691
2025-06-24,5.827689719869944,0.011047406404075533
2025-06-25,5.83095525735344,0.0005603485498484329
2025-06-26,5.87657593303034,0.007823876820074682
2025-06-27,5.905772666363941,0.004968324014924308
2025-06-30,5.934008632937933,0.004781079152404333
2025-07-01,5.932088881917341,-0.0003235167218894608
2025-07-02,5.958980250360847,0.00453320389812073
2025-07-03,6.005944930002025,0.00788132829242616
2025-07-07,5.9611887661589105,-0.007451977060185855
2025-07-08,5.957923822841624,-0.0005477000385931685
2025-07-09,5.993651631142215,0.005996687665528189
2025-07-10,6.010555659782214,0.002820322180916879
2025-07-11,5.98942532689911,-0.0035155373444906157
2025-07-14,6.000854708091343,0.001908260069777068
2025-07-15,5.975211682852499,-0.004273228812600283
2025-07-16,5.995188144958138,0.003343222494186504
2025-07-17,6.031876125852129,0.006119571230611909
2025-07-18,6.027459688422213,-0.0007321830451703093
2025-07-21,6.038887881282029,0.0018960214502583561
2025-07-22,6.039752393115815,0.00014315745726389828
2025-07-23,6.091135292685535,0.00850745133662878
2025-07-24,6.093152486964368,0.00033116885143824604
2025-07-25,6.118891172962827,0.004224198566099124
2025-07-28,6.117354659146903,-0.0002511098453120697
2025-07-29,6.101218887414865,-0.002637704143556685
2025-07-30,6.093536318335246,-0.0012591859465109767
2025-07-31,6.070678150116988,-0.003751215554337106
2025-08-01,5.971177294294836,-0.016390402087159806
2025-08-04,6.061937371019519,0.015199695512541522
2025-08-05,6.031203529703785,-0.00506997011593413
2025-08-06,6.077401140769418,0.007659766552083447
2025-08-07,6.072310918858737,-0.0008375655634337287
2025-08-08,6.119659429870791,0.007797445098702616
2025-08-11,6.107558046696419,-0.001977460235009665
2025-08-12,6.172578843256434,0.010645956381075239
2025-08-13,6.193709176139538,0.003423258482342151
2025-08-14,6.1942855173620615,9.305267750447932e-05
2025-08-15,6.179782514371771,-0.0023413520331988513
2025-08-18,6.178437916241285,-0.00021758017007211805
2025-08-19,6.144919812071174,-0.005425012701349985
2025-08-20,6.12859153048749,-0.002657200107251012
2025-08-21,6.104004338601661,-0.00401188295279864
2025-08-22,6.197742970530994,0.01535690781484722
2025-08-25,6.170465988217985,-0.004401115445204051
2025-08-26,6.196301523308476,0.004186966614810217
2025-08-27,6.2104206949278895,0.0022786450217604504
2025-08-28,6.232413757146153,0.003541316007178885
2025-08-29,6.1952456899554615,-0.005963671322057884
2025-09-02,6.1493368436672995,-0.007410335051375783
2025-09-03,6.182663626318181,0.005419573443143255
2025-09-04,6.23433588483158,0.008357604688930875
2025-09-05,6.216279173746534,-0.002896332731924134
2025-09-08,6.231550433644785,0.0024566560592624853
2025-09-09,6.245955993376834,0.0023117135752077633
2025-09-10,6.264012704461881,0.002890944333292511
2025-09-11,6.31606701184753,0.008310057760350764
2025-09-12,6.313954156809083,-0.00033452068106376576
2025-09-15,6.347569110071226,0.005323914685996245
2025-09-16,6.338829519306174,-0.0013768405847186527
2025-09-17,6.3309544403749065,-0.0012423553760646522
2025-09-18,6.360535599245593,0.004672464341558991
2025-09-19,6.392038291635497,0.00495283642365596
2025-09-22,6.422280163330355,0.004731178118008383
2025-09-23,6.3873182352728906,-0.005443849718218208
2025-09-24,6.366997156766155,-0.0031814726866927767
2025-09-25,6.337623361902335,-0.0046134455757694814
2025-09-26,6.373932264755121,0.005729103921045642
2025-09-29,6.391845187617641,0.002810340950996748
2025-09-30,6.415921990730122,0.003766800103219392
2025-10-01,6.43778493054866,0.0034076068646293756
2025-10-02,6.445199530668117,0.0011517315659728133
2025-10-03,6.44510505824092,-1.4657797132167083e-05
2025-10-06,6.468218123762748,0.0035861425551588777
2025-10-07,6.444237575576091,-0.0037074427188158454
2025-10-08,6.482664680963202,0.005963018112918661
2025-10-09,6.463884869602061,-0.002896927773588187
2025-10-10,6.289179802567486,-0.02702787419005037
2025-10-13,6.385681307367681,0.01534405245669701
2025-10-14,6.3778804992125115,-0.0012216093756775015
2025-10-15,6.406195489892272,0.004439561180749063
2025-10-16,6.362567053513436,-0.006810350456471936
2025-10-17,6.398683446514574,0.0056763870144511674
2025-10-20,6.465232438563591,0.010400419493367341
2025-10-21,6.465136183637768,-1.4888084340025642e-05
2025-10-22,6.43152420120667,-0.005198959693403782
2025-10-23,6.46966313598252,0.005929999418908372
2025-10-24,6.522536798570087,0.008172552647061071
2025-10-27,6.599487858436343,0.01179771954420028
2025-10-28,6.617015761595569,0.0026559489971360595
2025-10-29,6.620194550812581,0.0004803961984587435
2025-10-30,6.547385423587781,-0.010998034372851295
2025-10-31,6.568861561204399,0.0032801089636860237
2025-11-03,6.5811893217043185,0.001876696652084675
2025-11-04,6.503178269321586,-0.011853640515318009
2025-11-05,6.525714993620889,0.0034654938502332033
2025-11-06,6.45569844757739,-0.010729329446956037
2025-11-07,6.462054243512788,0.0009845249103577203
2025-11-10,6.562890190806086,0.015604317681877422
2025-11-11,6.577913683395273,0.002289158000881031
2025-11-12,6.581574341407612,0.000556507456396016
2025-11-13,6.472360056404204,-0.016593945359895557
2025-11-14,6.471299469721519,-0.0001638639805948694
2025-11-17,6.411011207014495,-0.009316252939476244
2025-11-18,6.357173806836275,-0.008397645619354854
2025-11-19,6.38173307291029,0.0038632365293529425
2025-11-20,6.2844609345372975,-0.015242276237766972
2025-11-21,6.34706228629513,0.00996129221104658
2025-11-24,6.440481256804135,0.014718458129947765
2025-11-25,6.501060066787257,0.009405944613086525
2025-11-26,6.545939817201799,0.006903451122352244
2025-11-28,6.581671190499644,0.005458555118998731
2025-12-01,6.551622422822642,-0.004565522464928917
2025-12-02,6.563757079304706,0.0018521605335179991
2025-12-03,6.586486313455657,0.0034628390228845785
2025-12-04,6.591302030577878,0.000731151162097321
2025-12-05,6.603821112597028,0.0018993336917458858
2025-12-08,6.583982497051827,-0.0030041115903878257
2025-12-09,6.578299891430985,-0.0008630954932499213
2025-12-10,6.621927733643613,0.006632084722901999
2025-12-11,6.637337434268512,0.002327071699470329
2025-12-12,6.565972725097274,-0.010752008599530072
2025-12-15,6.556051931909152,-0.001510940359255808
2025-12-16,6.538139009046631,-0.0027322728752857683
2025-12-17,6.466196770320452,-0.011003473408355946
2025-12-18,6.515024161026178,0.007551176130278225
2025-12-19,6.574072993021672,0.009063486264369258
2025-12-22,6.615028275627175,0.006229818660208997
2025-12-23,6.645262423161318,0.004570524308344925
2025-12-24,6.668638110147429,0.0035176469336466454
2025-12-26,6.667961949001829,-0.00010139418790333643
2025-12-29,6.644199459813797,-0.0035636809822511273
2025-12-30,6.636085526066598,-0.0012212056239845337
2025-12-31,6.586919460621864,-0.0074088956888227475
2026-01-02,6.598993512150631,0.0018330346379591411
2026-01-05,6.642943986614631,0.006660178462529753
2026-01-06,6.682450692003109,0.0059471682236194034
2026-01-07,6.660910384435942,-0.0032234143669693793
2026-01-08,6.660234223290342,-0.00010151182144413351
2026-01-09,6.704280952680165,0.006613390447410161
2026-01-12,6.714808983733667,0.0015703445496706436
2026-01-13,6.701383204079908,-0.00199942838080458
2026-01-14,6.668443817797156,-0.004915311552799784
2026-01-15,6.686603913802532,0.0027232884465351326
2026-01-16,6.681002114786085,-0.0008377644449499844
2026-01-20,6.544998063760874,-0.020356834003122604
2026-01-21,6.620534413884007,0.01154108059120329
2026-01-22,6.65511488723543,0.005223214802554832
2026-01-23,6.657528984541734,0.00036274314526618667
2026-01-26,6.691337041821732,0.005078168996109245
2026-01-27,6.717997279610019,0.0039842915730679
2026-01-28,6.717321118464419,-0.00010064921396324422
2026-01-29,6.703990999570275,-0.001984439728138443
2026-01-30,6.683996118312163,-0.0029825340247910948
2026-02-02,6.7172242693723865,0.004971300173138626
2026-02-03,6.660427327308196,-0.008455418456572827
2026-02-04,6.628164696337253,-0.004843928082311488
2026-02-05,6.545384271796584,-0.01248919245872293
2026-02-06,6.670955952527907,0.0191847683064843
2026-02-09,6.703121734406818,0.00482176499257525
2026-02-10,6.685444695529187,-0.002637135289800363
2026-02-11,6.68389986338634,-0.0002310739544192364
2026-02-12,6.580640906293606,-0.015448908452140975
2026-02-13,6.585277779386982,0.0007046233276368774
2026-02-17,6.595902659532518,0.0016134293041962788
2026-02-18,6.6291308105927405,0.005037695790158558
2026-02-19,6.611646875732965,-0.002637440014283343
2026-02-20,6.659461807218916,0.0072319245695726675
2026-02-23,6.591459484623206,-0.01021138412746736
2026-02-24,6.6393694827025636,0.007268496179203332
2026-02-25,6.69539400869533,0.008438229885944226
2026-02-26,6.65820514568733,-0.005554395000458845
2026-02-27,6.626232467826275,-0.004801996508287942
2026-03-02,6.6300006699224046,0.0005686794289856412
2026-03-03,6.571561452457127,-0.008814360718000014
2026-03-04,6.617926618393637,0.007055426061514547
2026-03-05,6.581027114329318,-0.0055756895160732345
2026-03-06,6.494769034968617,-0.013107084633170007
2026-03-09,6.551662826124839,0.008759940630667318
2026-03-10,6.541133606738919,-0.0016071064194473905
2026-03-11,6.532923418065896,-0.0012551629681688548
2026-03-12,6.433721427846763,-0.015184930829711507
2026-03-13,6.397306169242605,-0.005660061445393549
2026-03-16,6.462410149071851,0.01017678036768932
2026-03-17,6.479410432637674,0.002630641382033616
2026-03-18,6.388999131477549,-0.013953630828001051
2026-03-19,6.373253726944684,-0.002464455575723834
2026-03-20,6.2818887890194555,-0.014335681872974515
2026-03-23,6.3478483681893545,0.010499959707213291
2026-03-24,6.3265397854436145,-0.0033568197458091475
2026-03-25,6.361795825774428,0.005572720875308912
2026-03-26,6.248182334161158,-0.01785871391108962
2026-03-27,6.141638826266249,-0.017051920414101196
2026-03-30,6.121105036256767,-0.003343373094761515
2026-03-31,6.299032266641596,0.029067828330166412
2026-04-01,6.346492480900902,0.007534524709556623
2026-04-02,6.352207171497018,0.0009004486514896382
2026-04-06,6.382233360858086,0.004726890756302504
2026-04-07,6.385041390360816,0.00043997599961653755
2026-04-08,6.547665870038326,0.0254696046172882
2026-04-09,6.585439392595772,0.005769005826991691
2026-04-10,6.5810817776205255,-0.0006617045143784139
2026-04-13,6.645394922225875,0.009772427509418202
2026-04-14,6.726367893159413,0.01218482451098879
2026-04-15,6.779445948922803,0.00789104262604634
2026-04-16,6.796105181084783,0.0024573146961406334
2026-04-17,6.8782409352889164,0.012085709684531931
2026-04-20,6.86448598755549,-0.0019997769579219726
2026-04-21,6.819545038021443,-0.006546877598048839
2026-04-22,6.888604382302585,0.010126679110719516
2026-04-23,6.861871656236826,-0.0038807172806204493
2026-04-24,6.9150465610922485,0.007749329558953688
2026-04-27,6.926959593578434,0.0017227696705925943
2026-04-28,6.893253138720137,-0.0048659811570929135
2026-04-29,6.8921877987077815,-0.00015454822141547364
2026-04-30,6.960762897528763,0.009949685183250345
2026-05-01,6.980037649341825,0.00276905737155686
2026-05-04,6.954467112380454,-0.0036633809509297732
2026-05-05,7.010257536886957,0.008022242913074518
2026-05-06,7.107696041798409,0.013899418730159985
2026-05-07,7.085903213592507,-0.0030660889376450395
2026-05-08,7.144404818509708,0.008256054754597786
2026-05-11,7.160676654303558,0.0022775635209937306
2026-05-12,7.149828961829727,-0.0015148976832113359
2026-05-13,7.189831201836335,0.005594852718878274
2026-05-14,7.246589523096954,0.007894249484761584
2026-05-15,7.159418210273347,-0.012029288059682064
2026-05-18,7.154381463321457,-0.0007035134425675826
2026-05-19,7.106727550878086,-0.006660801173054454
2026-05-20,7.179564009748489,0.0102489448693448
2026-05-21,7.19380201460966,0.0019831294549137457
2026-05-22,7.2220849203141455,0.003931565762728351
2026-05-26,7.270029380033613,0.006638589859918387
2026-05-27,7.268770341837192,-0.0001731819956434233
2026-05-28,7.308868836769624,0.005516544483684438
2026-05-29,7.327078248570329,0.002491413132097442
2026-06-01,7.347030944027616,0.002723144858072235
2026-06-02,7.357007588839364,0.0013579151752256546
2026-06-03,7.30538226945646,-0.00701716271996522
2026-06-04,7.332986637350511,0.003778634283035931
2026-06-05,7.143726874865482,-0.025809369612244448
2026-06-08,7.1599018615673,0.002264222440912178
2026-06-09,7.138883826097657,-0.002935520049857532
2026-06-10,7.0263356744967425,-0.0157655110158077
2026-06-11,7.145761299964371,0.016996857394830034
2026-06-12,7.184407058516317,0.005408207317551872
2026-06-15,7.311096960052578,0.017634009390668393
2026-06-16,7.267511303640775,-0.005961575485861181
2026-06-17,7.176755386079553,-0.01248789492983049
2026-06-18,7.251371966911485,0.010396979807429707
2026-06-22,7.228552419496799,-0.0031469282666526377
2026-06-23,7.123579292891715,-0.014522012225013592
2026-06-24,7.120277511269483,-0.0004635003677893046
2026-06-25,7.1305708466705156,0.0014456368287247834
2026-06-26,7.079007320573324,-0.007231332133985857
2026-06-29,7.195632640698937,0.01647481275894025
2026-06-30,7.25166370252,0.007786815227913024
2026-07-01,7.241855800911548,-0.0013525036475483532
2026-07-02,7.23233963491161,-0.0013140507435593918
2026-07-06,7.295459099603505,0.008727392224116226
2026-07-07,7.260791877985599,-0.004751890339538711
2026-07-08,7.238360321105251,-0.0030894091522385425
2026-07-09,7.299634899718863,0.008465256756416295
2026-07-10,7.331097188806571,0.004310118179872147
2026-07-13,7.274969277893476,-0.007656140611366324
2026-07-14,7.3008000596542955,0.0035506379166867497
2026-07-15,7.329737736520865,0.003963630921285599
2026-07-16,7.2900206962944765,-0.005418616825605738
2026-07-17,7.217869905229013,-0.009897199757215702
2026-07-20,7.206217711708485,-0.0016143534967409945
2026-07-21,7.266327130386664,0.008341327043244195
2026-07-22,7.2578780868977075,-0.001162766737217713
2026-07-23,7.168248708468347,-0.012349253784127878
2026-07-24,7.175531403689454,0.0010159657563921787
2026-07-27,7.177085742491642,0.00021661654234961247
2026-07-28,7.194273188413234,0.0023947666975516757
2026-07-29,7.0835717053892315,-0.015387445003102407
2026-07-30,7.202333053035436,0.01676574369337569
2026-07-31,7.25418890890735,0.007199869193782904
2026-08-03,7.3575102534520065,0.014242990614400597
2026-08-04,7.490158453729987,0.01802895214665101
2026-08-05,7.475203884421019,-0.0019965624761277834
2026-08-06,7.463259955291976,-0.0015978064697251826
2026-08-07,7.508900238453766,0.0061153280785064545
2026-08-10,7.506666767674934,-0.0002974431285415191
2026-08-11,7.482681466158607,-0.003195199981383512
2026-08-12,7.501422656716176,0.0025046088948632583
2026-08-13,7.553763946380671,0.006977515074108265
2026-08-14,7.538809377071702,-0.0019797506799419384
2026-08-17,7.50317069370243,-0.004727362317670902
2026-08-18,7.452481186098365,-0.00675574496080833
2026-08-19,7.468114887383978,0.0020977847370853286
2026-08-20,7.405384007392629,-0.008399827926766523
2026-08-21,7.435681136544903,0.004091229991858514
2026-08-24,7.413831862549166,-0.0029384361156037375
2026-08-25,7.437526022623188,0.003195939766817757
2026-08-26,7.439177210517407,0.00022200767959623668
2026-08-27,7.487924982951155,0.006552844629756693
2026-08-28,7.470931235213628,-0.0022694869107554583
2026-08-31,7.4485965274253125,-0.002989548034258882
2026-09-01,7.397421586028669,-0.006870413937474118
2026-09-02,7.430243327402081,0.004436916429827686
2026-09-03,7.50802621996064,0.010468417941536634
2026-09-04,7.479088543094071,-0.0038542322600894074
2026-09-08,7.4380120505819765,-0.005492178930014524
2026-09-09,7.403442272222311,-0.004647717444469568
2026-09-10,7.3590639980879855,-0.005994275703456675
2026-09-11,7.421794878079335,0.008524301461116268
2026-09-14,7.388681401097409,-0.004461653484890693
2026-09-15,7.354791348880597,-0.004586752409134642
2026-09-16,7.322357598041522,-0.0044098804847823025
2026-09-17,7.405384007392629,0.011338753705953053
2026-09-18,7.414914433381577,0.0012869590529585029
2026-09-21,7.529882623950883,0.015504992215651825
2026-09-22,7.528714493184407,-0.00015513266604716414
2026-09-23,7.474491479136684,-0.007202161019229769
2026-09-24,7.46835849552958,-0.000820521854125067
2026-09-25,7.50895252508014,0.005435468794763754
2026-09-28,7.453074758140944,-0.007441486246259066
2026-09-29,7.439348924551748,-0.0018416336927525867
2026-09-30,7.424065187163111,-0.002054445562863161
