{
  "MSFT": 0.0,
  "GOOGL": 0.3333333333333333,
  "META": 0.0,
  "NVDA": 0.1388888888888889,
  "AMD": 0.1388888888888889,
  "KLAC": 0.0,
  "MU": 0.08717885980536351,
  "WDC": 0.08041732501702692,
  "STX": 0.05462603739983181,
  "XLV": 0.08333333333333333,
  "IEF": 0.08333333333333333
}